CustomerID,Name,Address,Phone,Email
1000,Thomas Lopez,"3588 E Apache Trl, Mesa, AZ",(480) 297-1077,thomas.lopez@example.com
1001,Sarah Johnson,"2575 E Southern Trl, San Tan Valley, AZ",(480) 429-6079,sarah.johnson@example.com
1002,Jane Johnson,"8885 E Broadway Trl, Scottsdale, AZ",(480) 590-3324,jane.johnson@example.com
1003,Jennifer Miller,"1389 E Broadway Trl, Apache Junction, AZ",(480) 411-5994,jennifer.miller@example.com
1004,John Moore,"8865 E Apache Trl, Gilbert, AZ",(480) 912-7682,john.moore@example.com
1005,Linda Jones,"6551 E Main Trl, Gilbert, AZ",(480) 910-9685,linda.jones@example.com
1006,Barbara Davis,"9853 E Southern Trl, San Tan Valley, AZ",(480) 224-5000,barbara.davis@example.com
1007,Sarah Rodriguez,"2799 E Broadway Trl, Scottsdale, AZ",(480) 651-3224,sarah.rodriguez@example.com
1008,Patricia Jackson,"7672 E Main Trl, San Tan Valley, AZ",(480) 362-4928,patricia.jackson@example.com
1009,Linda Jones,"8330 E Apache Trl, Queen Creek, AZ",(480) 478-4588,linda.jones@example.com
1010,Linda Miller,"6155 E Broadway Trl, Mesa, AZ",(480) 940-7206,linda.miller@example.com
1011,Richard Moore,"4891 E Southern Trl, Gilbert, AZ",(480) 232-1956,richard.moore@example.com
1012,Thomas Jackson,"2586 E Broadway Trl, Scottsdale, AZ",(480) 726-6502,thomas.jackson@example.com
1013,Sarah Garcia,"1475 E Apache Trl, Gilbert, AZ",(480) 376-6152,sarah.garcia@example.com
1014,Emily Jones,"499 E University Trl, San Tan Valley, AZ",(480) 463-7493,emily.jones@example.com
1015,David Rodriguez,"7992 E University Trl, Apache Junction, AZ",(480) 413-1383,david.rodriguez@example.com
1016,John Smith,"2563 E Main Trl, Apache Junction, AZ",(480) 401-6948,john.smith@example.com
1017,Richard Jones,"8132 E Broadway Trl, Gold Canyon, AZ",(480) 955-8496,richard.jones@example.com
1018,William Moore,"1171 E Apache Trl, Gold Canyon, AZ",(480) 861-8912,william.moore@example.com
1019,Elizabeth Martinez,"9259 E Apache Trl, Mesa, AZ",(480) 997-3330,elizabeth.martinez@example.com
1020,Barbara Rodriguez,"4054 E University Trl, Gilbert, AZ",(480) 343-9224,barbara.rodriguez@example.com
1021,Richard Hernandez,"8421 E Main Trl, Chandler, AZ",(480) 919-3209,richard.hernandez@example.com
1022,Barbara Wilson,"9044 E Southern Trl, Gilbert, AZ",(480) 917-4918,barbara.wilson@example.com
1023,James Johnson,"503 E Broadway Trl, Scottsdale, AZ",(480) 800-5567,james.johnson@example.com
1024,James Miller,"5540 E Main Trl, Queen Creek, AZ",(480) 536-4943,james.miller@example.com
1025,Jennifer Miller,"2409 E Broadway Trl, Chandler, AZ",(480) 584-7876,jennifer.miller@example.com
1026,Jennifer Williams,"3645 E University Trl, Gold Canyon, AZ",(480) 980-3588,jennifer.williams@example.com
1027,Sarah Miller,"8722 E University Trl, Mesa, AZ",(480) 858-4494,sarah.miller@example.com
1028,Michael Martin,"1779 E Broadway Trl, Chandler, AZ",(480) 374-7793,michael.martin@example.com
1029,Barbara Martin,"4490 E University Trl, Chandler, AZ",(480) 672-1392,barbara.martin@example.com
1030,Emily Wilson,"7378 E Apache Trl, San Tan Valley, AZ",(480) 920-4048,emily.wilson@example.com
1031,Sarah Wilson,"8546 E Southern Trl, Gold Canyon, AZ",(480) 294-7047,sarah.wilson@example.com
1032,William Martin,"6238 E Broadway Trl, Gilbert, AZ",(480) 883-1464,william.martin@example.com
1033,Emily Moore,"5318 E Southern Trl, Scottsdale, AZ",(480) 249-8111,emily.moore@example.com
1034,Jennifer Wilson,"1385 E Main Trl, Gold Canyon, AZ",(480) 649-9300,jennifer.wilson@example.com
1035,Michael Smith,"9524 E Apache Trl, Mesa, AZ",(480) 525-6285,michael.smith@example.com
1036,William Rodriguez,"5949 E Southern Trl, San Tan Valley, AZ",(480) 866-5558,william.rodriguez@example.com
1037,John Taylor,"9114 E Apache Trl, Mesa, AZ",(480) 637-6247,john.taylor@example.com
1038,Sarah Hernandez,"5825 E Apache Trl, Gilbert, AZ",(480) 483-9597,sarah.hernandez@example.com
1039,Joseph Martinez,"7919 E University Trl, Mesa, AZ",(480) 232-7712,joseph.martinez@example.com
1040,Mary Smith,"6261 E Southern Trl, Queen Creek, AZ",(480) 379-8039,mary.smith@example.com
1041,Charles Martin,"4510 E Main Trl, Scottsdale, AZ",(480) 736-3072,charles.martin@example.com
1042,Jennifer Garcia,"6521 E University Trl, Gold Canyon, AZ",(480) 906-6785,jennifer.garcia@example.com
1043,John Johnson,"2067 E Apache Trl, Gold Canyon, AZ",(480) 836-5030,john.johnson@example.com
1044,Mary Thomas,"8492 E Broadway Trl, Apache Junction, AZ",(480) 846-3593,mary.thomas@example.com
1045,William Wilson,"746 E University Trl, Apache Junction, AZ",(480) 877-1863,william.wilson@example.com
1046,James Wilson,"5257 E University Trl, Mesa, AZ",(480) 842-2236,james.wilson@example.com
1047,Lisa Smith,"9134 E Broadway Trl, Scottsdale, AZ",(480) 642-3057,lisa.smith@example.com
1048,William Wilson,"2423 E Southern Trl, Gilbert, AZ",(480) 722-1511,william.wilson@example.com
1049,Jane Jackson,"2030 E University Trl, Mesa, AZ",(480) 715-5785,jane.jackson@example.com
1050,Robert Brown,"1182 E Apache Trl, Gilbert, AZ",(480) 587-4512,robert.brown@example.com
1051,David Wilson,"8958 E Main Trl, Apache Junction, AZ",(480) 308-3930,david.wilson@example.com
1052,Patricia Wilson,"7114 E Southern Trl, Gold Canyon, AZ",(480) 418-2249,patricia.wilson@example.com
1053,Jennifer Gonzalez,"6740 E Apache Trl, Chandler, AZ",(480) 249-6089,jennifer.gonzalez@example.com
1054,Joseph Johnson,"4039 E Main Trl, Scottsdale, AZ",(480) 757-9127,joseph.johnson@example.com
1055,Mary Wilson,"2929 E Southern Trl, Apache Junction, AZ",(480) 246-6368,mary.wilson@example.com
1056,Joseph Gonzalez,"9158 E Apache Trl, Apache Junction, AZ",(480) 330-7678,joseph.gonzalez@example.com
1057,Robert Thomas,"5810 E Main Trl, San Tan Valley, AZ",(480) 375-1548,robert.thomas@example.com
1058,Emily Martinez,"4937 E Apache Trl, Chandler, AZ",(480) 287-2089,emily.martinez@example.com
1059,William Jackson,"9060 E University Trl, Apache Junction, AZ",(480) 418-1574,william.jackson@example.com
1060,Joseph Williams,"5512 E Southern Trl, San Tan Valley, AZ",(480) 900-5862,joseph.williams@example.com
1061,Linda Garcia,"6027 E Broadway Trl, Gold Canyon, AZ",(480) 654-2085,linda.garcia@example.com
1062,Joseph Hernandez,"5086 E Broadway Trl, Queen Creek, AZ",(480) 667-5915,joseph.hernandez@example.com
1063,Lisa Wilson,"1477 E Main Trl, Gold Canyon, AZ",(480) 828-6935,lisa.wilson@example.com
1064,Patricia Moore,"2340 E Apache Trl, Chandler, AZ",(480) 871-6165,patricia.moore@example.com
1065,Thomas Gonzalez,"9938 E University Trl, Chandler, AZ",(480) 819-5611,thomas.gonzalez@example.com
1066,Barbara Miller,"5505 E Southern Trl, San Tan Valley, AZ",(480) 711-5702,barbara.miller@example.com
1067,William Jackson,"5971 E University Trl, Queen Creek, AZ",(480) 205-7075,william.jackson@example.com
1068,John Jackson,"8519 E Main Trl, Chandler, AZ",(480) 719-8332,john.jackson@example.com
1069,Lisa Martinez,"4420 E Main Trl, Chandler, AZ",(480) 751-7961,lisa.martinez@example.com
1070,Richard Smith,"385 E University Trl, Queen Creek, AZ",(480) 355-8990,richard.smith@example.com
1071,William Wilson,"2042 E Apache Trl, Apache Junction, AZ",(480) 406-6711,william.wilson@example.com
1072,Lisa Rodriguez,"2876 E University Trl, Mesa, AZ",(480) 936-5946,lisa.rodriguez@example.com
1073,Michael Garcia,"7735 E University Trl, Scottsdale, AZ",(480) 469-9410,michael.garcia@example.com
1074,Mary Wilson,"4195 E Broadway Trl, Gilbert, AZ",(480) 285-2134,mary.wilson@example.com
1075,James Jackson,"1224 E University Trl, Gilbert, AZ",(480) 747-4137,james.jackson@example.com
1076,Lisa Moore,"1263 E University Trl, Gilbert, AZ",(480) 612-6021,lisa.moore@example.com
1077,Lisa Taylor,"3500 E University Trl, Queen Creek, AZ",(480) 201-8219,lisa.taylor@example.com
1078,Joseph Jackson,"3200 E Main Trl, San Tan Valley, AZ",(480) 417-7521,joseph.jackson@example.com
1079,Emily Anderson,"2151 E University Trl, San Tan Valley, AZ",(480) 711-5424,emily.anderson@example.com
1080,William Jackson,"7550 E Broadway Trl, Mesa, AZ",(480) 879-6583,william.jackson@example.com
1081,Joseph Taylor,"4167 E Broadway Trl, Scottsdale, AZ",(480) 639-5511,joseph.taylor@example.com
1082,Jane Gonzalez,"2471 E University Trl, San Tan Valley, AZ",(480) 730-6163,jane.gonzalez@example.com
1083,Michael Jones,"9265 E Broadway Trl, Gilbert, AZ",(480) 362-9650,michael.jones@example.com
1084,Jennifer Garcia,"492 E Broadway Trl, Scottsdale, AZ",(480) 960-4710,jennifer.garcia@example.com
1085,Thomas Thomas,"7011 E Main Trl, Scottsdale, AZ",(480) 785-6467,thomas.thomas@example.com
1086,Robert Gonzalez,"2610 E Southern Trl, Scottsdale, AZ",(480) 426-3615,robert.gonzalez@example.com
1087,Charles Hernandez,"4521 E Southern Trl, Gilbert, AZ",(480) 970-7245,charles.hernandez@example.com
1088,Jane Jackson,"9463 E Apache Trl, Gold Canyon, AZ",(480) 392-9724,jane.jackson@example.com
1089,Patricia Brown,"1800 E Main Trl, Mesa, AZ",(480) 817-9495,patricia.brown@example.com
1090,Jane Martinez,"3149 E Broadway Trl, Scottsdale, AZ",(480) 699-4903,jane.martinez@example.com
1091,Charles Johnson,"5852 E Broadway Trl, Chandler, AZ",(480) 225-4120,charles.johnson@example.com
1092,Robert Brown,"8206 E University Trl, Queen Creek, AZ",(480) 267-3823,robert.brown@example.com
1093,John Johnson,"4493 E University Trl, Scottsdale, AZ",(480) 561-4358,john.johnson@example.com
1094,Lisa Martin,"4279 E Southern Trl, Mesa, AZ",(480) 791-2532,lisa.martin@example.com
1095,David Wilson,"7837 E Apache Trl, Scottsdale, AZ",(480) 336-8634,david.wilson@example.com
1096,Linda Wilson,"5158 E Broadway Trl, Gilbert, AZ",(480) 911-9812,linda.wilson@example.com
1097,John Taylor,"7227 E Main Trl, Apache Junction, AZ",(480) 731-9937,john.taylor@example.com
1098,Jennifer Garcia,"6029 E University Trl, Queen Creek, AZ",(480) 644-8565,jennifer.garcia@example.com
1099,Linda Gonzalez,"5548 E Apache Trl, Gilbert, AZ",(480) 242-1314,linda.gonzalez@example.com
1100,William Williams,"5522 E Apache Trl, Gold Canyon, AZ",(480) 239-4417,william.williams@example.com
1101,Linda Moore,"8383 E Broadway Trl, Gilbert, AZ",(480) 866-3601,linda.moore@example.com
1102,Emily Davis,"243 E Broadway Trl, San Tan Valley, AZ",(480) 699-5949,emily.davis@example.com
1103,Elizabeth Garcia,"8574 E Broadway Trl, Chandler, AZ",(480) 479-6588,elizabeth.garcia@example.com
1104,Thomas Brown,"9037 E University Trl, Apache Junction, AZ",(480) 306-7989,thomas.brown@example.com
1105,William Lopez,"3631 E Southern Trl, Gold Canyon, AZ",(480) 362-1479,william.lopez@example.com
1106,William Wilson,"4365 E Southern Trl, Mesa, AZ",(480) 928-2114,william.wilson@example.com
1107,Richard Lopez,"7623 E Apache Trl, Scottsdale, AZ",(480) 390-6290,richard.lopez@example.com
1108,Jane Thomas,"1614 E Southern Trl, San Tan Valley, AZ",(480) 380-5567,jane.thomas@example.com
1109,Patricia Thomas,"5140 E Broadway Trl, Scottsdale, AZ",(480) 329-9236,patricia.thomas@example.com
1110,John Jackson,"2109 E Southern Trl, Mesa, AZ",(480) 279-9933,john.jackson@example.com
1111,Thomas Hernandez,"8867 E Southern Trl, Chandler, AZ",(480) 773-2976,thomas.hernandez@example.com
1112,Michael Garcia,"9961 E Southern Trl, Mesa, AZ",(480) 318-2695,michael.garcia@example.com
1113,Emily Moore,"6830 E Broadway Trl, Gilbert, AZ",(480) 745-5270,emily.moore@example.com
1114,Thomas Anderson,"2517 E University Trl, Gold Canyon, AZ",(480) 260-4615,thomas.anderson@example.com
1115,Mary Martin,"6421 E Broadway Trl, Gilbert, AZ",(480) 290-5237,mary.martin@example.com
1116,John Jackson,"8317 E University Trl, Apache Junction, AZ",(480) 311-2262,john.jackson@example.com
1117,Mary Lopez,"9948 E University Trl, San Tan Valley, AZ",(480) 557-8336,mary.lopez@example.com
1118,William Martinez,"7467 E Main Trl, San Tan Valley, AZ",(480) 643-5355,william.martinez@example.com
1119,Thomas Brown,"7939 E Main Trl, San Tan Valley, AZ",(480) 372-8109,thomas.brown@example.com
1120,Elizabeth Jackson,"1780 E Broadway Trl, San Tan Valley, AZ",(480) 475-6383,elizabeth.jackson@example.com
1121,Charles Taylor,"9466 E Broadway Trl, Apache Junction, AZ",(480) 270-7096,charles.taylor@example.com
1122,Patricia Gonzalez,"9660 E University Trl, Mesa, AZ",(480) 451-3478,patricia.gonzalez@example.com
1123,Charles Rodriguez,"5808 E Main Trl, Queen Creek, AZ",(480) 325-4219,charles.rodriguez@example.com
1124,James Jackson,"8569 E Southern Trl, Mesa, AZ",(480) 233-6307,james.jackson@example.com
1125,Elizabeth Thomas,"4495 E Apache Trl, Gilbert, AZ",(480) 610-5046,elizabeth.thomas@example.com
1126,Thomas Martin,"4673 E Southern Trl, Apache Junction, AZ",(480) 259-4043,thomas.martin@example.com
1127,David Martinez,"3660 E Broadway Trl, San Tan Valley, AZ",(480) 743-2404,david.martinez@example.com
1128,Elizabeth Gonzalez,"8466 E University Trl, Scottsdale, AZ",(480) 590-4585,elizabeth.gonzalez@example.com
1129,David Moore,"9084 E Main Trl, Mesa, AZ",(480) 494-2325,david.moore@example.com
1130,Charles Lopez,"4219 E Southern Trl, Queen Creek, AZ",(480) 342-6059,charles.lopez@example.com
1131,James Rodriguez,"8527 E Main Trl, Gold Canyon, AZ",(480) 563-5248,james.rodriguez@example.com
1132,William Lopez,"7012 E Broadway Trl, San Tan Valley, AZ",(480) 565-6722,william.lopez@example.com
1133,Lisa Thomas,"119 E Main Trl, Chandler, AZ",(480) 779-8869,lisa.thomas@example.com
1134,Joseph Taylor,"5895 E Main Trl, Gold Canyon, AZ",(480) 293-9269,joseph.taylor@example.com
1135,Joseph Gonzalez,"504 E Apache Trl, Gold Canyon, AZ",(480) 269-5713,joseph.gonzalez@example.com
1136,Jennifer Hernandez,"9831 E University Trl, Apache Junction, AZ",(480) 451-3071,jennifer.hernandez@example.com
1137,Emily Davis,"3223 E Southern Trl, Apache Junction, AZ",(480) 278-5762,emily.davis@example.com
1138,Thomas Wilson,"3234 E University Trl, Apache Junction, AZ",(480) 760-1148,thomas.wilson@example.com
1139,Jennifer Thomas,"195 E Broadway Trl, Scottsdale, AZ",(480) 996-2376,jennifer.thomas@example.com
1140,Michael Jones,"7756 E Apache Trl, Apache Junction, AZ",(480) 771-6941,michael.jones@example.com
1141,Sarah Jackson,"3287 E Southern Trl, Chandler, AZ",(480) 809-2614,sarah.jackson@example.com
1142,Jennifer Brown,"2699 E Broadway Trl, Gilbert, AZ",(480) 686-9604,jennifer.brown@example.com
1143,Joseph Davis,"983 E Main Trl, Chandler, AZ",(480) 900-6789,joseph.davis@example.com
1144,James Miller,"6840 E Apache Trl, San Tan Valley, AZ",(480) 472-9196,james.miller@example.com
1145,Linda Williams,"6350 E Apache Trl, Scottsdale, AZ",(480) 650-8758,linda.williams@example.com
1146,David Johnson,"3891 E University Trl, Gold Canyon, AZ",(480) 714-1835,david.johnson@example.com
1147,Emily Jackson,"8833 E Apache Trl, Scottsdale, AZ",(480) 946-8986,emily.jackson@example.com
1148,Elizabeth Taylor,"149 E Main Trl, Apache Junction, AZ",(480) 989-7484,elizabeth.taylor@example.com
1149,Joseph Williams,"894 E University Trl, San Tan Valley, AZ",(480) 925-5213,joseph.williams@example.com
1150,Michael Jackson,"8304 E University Trl, Chandler, AZ",(480) 473-3567,michael.jackson@example.com
1151,Richard Rodriguez,"8944 E Southern Trl, Gold Canyon, AZ",(480) 701-7486,richard.rodriguez@example.com
1152,Patricia Davis,"4369 E Main Trl, Apache Junction, AZ",(480) 810-1674,patricia.davis@example.com
1153,Michael Taylor,"5818 E Apache Trl, Scottsdale, AZ",(480) 728-1792,michael.taylor@example.com
1154,James Martin,"851 E University Trl, San Tan Valley, AZ",(480) 230-8634,james.martin@example.com
1155,James Davis,"6459 E University Trl, Gold Canyon, AZ",(480) 326-7580,james.davis@example.com
1156,Sarah Williams,"5449 E Broadway Trl, Mesa, AZ",(480) 397-4639,sarah.williams@example.com
1157,Linda Garcia,"5041 E Main Trl, Chandler, AZ",(480) 413-4513,linda.garcia@example.com
1158,Emily Hernandez,"8463 E Apache Trl, Chandler, AZ",(480) 403-1031,emily.hernandez@example.com
1159,Richard Wilson,"2127 E Broadway Trl, Queen Creek, AZ",(480) 567-5769,richard.wilson@example.com
1160,Jennifer Thomas,"5889 E Broadway Trl, Scottsdale, AZ",(480) 385-6116,jennifer.thomas@example.com
1161,Barbara Johnson,"4000 E Southern Trl, San Tan Valley, AZ",(480) 938-4605,barbara.johnson@example.com
1162,John Hernandez,"1081 E Apache Trl, Gold Canyon, AZ",(480) 471-4400,john.hernandez@example.com
1163,Robert Martin,"3983 E University Trl, Apache Junction, AZ",(480) 691-9607,robert.martin@example.com
1164,Barbara Lopez,"5179 E University Trl, Gilbert, AZ",(480) 555-4026,barbara.lopez@example.com
1165,Mary Williams,"7601 E Broadway Trl, Gilbert, AZ",(480) 529-4765,mary.williams@example.com
1166,Charles Gonzalez,"3902 E Broadway Trl, Gold Canyon, AZ",(480) 563-4206,charles.gonzalez@example.com
1167,Robert Anderson,"6784 E Apache Trl, Scottsdale, AZ",(480) 840-9433,robert.anderson@example.com
1168,James Smith,"3159 E University Trl, Chandler, AZ",(480) 729-5631,james.smith@example.com
1169,Patricia Martin,"6742 E Main Trl, Scottsdale, AZ",(480) 486-8666,patricia.martin@example.com
1170,Emily Jones,"3818 E Southern Trl, Gilbert, AZ",(480) 324-2667,emily.jones@example.com
1171,Richard Brown,"6679 E University Trl, Gold Canyon, AZ",(480) 737-2269,richard.brown@example.com
1172,Mary Davis,"5689 E Apache Trl, Chandler, AZ",(480) 268-4194,mary.davis@example.com
1173,Charles Davis,"8704 E Apache Trl, Gold Canyon, AZ",(480) 961-1082,charles.davis@example.com
1174,Richard Jackson,"6387 E Broadway Trl, Scottsdale, AZ",(480) 703-8060,richard.jackson@example.com
1175,Elizabeth Martinez,"9506 E Broadway Trl, San Tan Valley, AZ",(480) 336-5143,elizabeth.martinez@example.com
1176,Charles Johnson,"8928 E Apache Trl, Apache Junction, AZ",(480) 971-2582,charles.johnson@example.com
1177,Jane Garcia,"7364 E Broadway Trl, Mesa, AZ",(480) 756-7870,jane.garcia@example.com
1178,Linda Martinez,"8047 E Broadway Trl, Mesa, AZ",(480) 364-7891,linda.martinez@example.com
1179,David Taylor,"3891 E Main Trl, Scottsdale, AZ",(480) 804-4233,david.taylor@example.com
1180,Joseph Gonzalez,"7346 E Apache Trl, Apache Junction, AZ",(480) 545-1866,joseph.gonzalez@example.com
1181,Richard Gonzalez,"6466 E Broadway Trl, Apache Junction, AZ",(480) 711-9760,richard.gonzalez@example.com
1182,Jennifer Anderson,"5641 E Main Trl, Mesa, AZ",(480) 994-5878,jennifer.anderson@example.com
1183,Mary Rodriguez,"8268 E Apache Trl, Gilbert, AZ",(480) 782-1817,mary.rodriguez@example.com
1184,Lisa Martin,"9249 E Apache Trl, Gold Canyon, AZ",(480) 427-4520,lisa.martin@example.com
1185,Richard Garcia,"7390 E University Trl, Mesa, AZ",(480) 815-1959,richard.garcia@example.com
1186,David Jackson,"8937 E Broadway Trl, San Tan Valley, AZ",(480) 535-4086,david.jackson@example.com
1187,Elizabeth Brown,"6594 E Apache Trl, Mesa, AZ",(480) 914-7366,elizabeth.brown@example.com
1188,Lisa Garcia,"2511 E Apache Trl, Gilbert, AZ",(480) 827-7627,lisa.garcia@example.com
1189,Richard Brown,"5012 E University Trl, Chandler, AZ",(480) 300-4232,richard.brown@example.com
1190,Linda Jackson,"6684 E Apache Trl, Queen Creek, AZ",(480) 269-5156,linda.jackson@example.com
1191,Charles Davis,"7355 E University Trl, San Tan Valley, AZ",(480) 900-5704,charles.davis@example.com
1192,Linda Taylor,"5824 E Broadway Trl, Gold Canyon, AZ",(480) 771-8478,linda.taylor@example.com
1193,Lisa Miller,"8327 E University Trl, Chandler, AZ",(480) 908-3035,lisa.miller@example.com
1194,Michael Garcia,"6488 E University Trl, Chandler, AZ",(480) 761-4478,michael.garcia@example.com
1195,William Williams,"2989 E University Trl, Gilbert, AZ",(480) 744-4103,william.williams@example.com
1196,James Smith,"3007 E Main Trl, Queen Creek, AZ",(480) 735-3646,james.smith@example.com
1197,Linda Smith,"6228 E Southern Trl, Apache Junction, AZ",(480) 368-6790,linda.smith@example.com
1198,James Brown,"9779 E Southern Trl, Chandler, AZ",(480) 617-2470,james.brown@example.com
1199,Jennifer Thomas,"4720 E University Trl, San Tan Valley, AZ",(480) 207-5662,jennifer.thomas@example.com
1200,Jane Moore,"1889 E University Trl, Queen Creek, AZ",(480) 920-5714,jane.moore@example.com
1201,Emily Jackson,"5456 E Southern Trl, Gold Canyon, AZ",(480) 481-8246,emily.jackson@example.com
1202,Patricia Miller,"4297 E Main Trl, Queen Creek, AZ",(480) 834-4704,patricia.miller@example.com
1203,David Garcia,"6391 E Main Trl, Mesa, AZ",(480) 615-6119,david.garcia@example.com
1204,Jennifer Davis,"1494 E Apache Trl, Gold Canyon, AZ",(480) 674-1014,jennifer.davis@example.com
1205,Jane Wilson,"9734 E Apache Trl, Gilbert, AZ",(480) 479-9501,jane.wilson@example.com
1206,Patricia Jackson,"999 E Broadway Trl, Mesa, AZ",(480) 757-1626,patricia.jackson@example.com
1207,Jennifer Hernandez,"8131 E Southern Trl, Mesa, AZ",(480) 369-4556,jennifer.hernandez@example.com
1208,Robert Martin,"6017 E Broadway Trl, Queen Creek, AZ",(480) 633-2980,robert.martin@example.com
1209,Sarah Rodriguez,"127 E Southern Trl, Chandler, AZ",(480) 333-8305,sarah.rodriguez@example.com
1210,Joseph Gonzalez,"5597 E Broadway Trl, Gilbert, AZ",(480) 525-2271,joseph.gonzalez@example.com
1211,Sarah Brown,"789 E Broadway Trl, Gilbert, AZ",(480) 610-9507,sarah.brown@example.com
1212,John Rodriguez,"3515 E University Trl, Chandler, AZ",(480) 572-7268,john.rodriguez@example.com
1213,William Hernandez,"7267 E Main Trl, Mesa, AZ",(480) 800-8511,william.hernandez@example.com
1214,Joseph Anderson,"5213 E Southern Trl, Gold Canyon, AZ",(480) 438-7480,joseph.anderson@example.com
1215,James Williams,"5051 E University Trl, Mesa, AZ",(480) 884-5149,james.williams@example.com
1216,Patricia Davis,"3679 E Main Trl, Chandler, AZ",(480) 220-2967,patricia.davis@example.com
1217,Barbara Martin,"1808 E Apache Trl, Queen Creek, AZ",(480) 797-1847,barbara.martin@example.com
1218,Richard Martin,"2405 E Main Trl, Gold Canyon, AZ",(480) 989-2653,richard.martin@example.com
1219,James Martinez,"8196 E Main Trl, Gold Canyon, AZ",(480) 827-3827,james.martinez@example.com
1220,Barbara Miller,"4448 E Main Trl, San Tan Valley, AZ",(480) 761-5693,barbara.miller@example.com
1221,Charles Martin,"3015 E Broadway Trl, Gold Canyon, AZ",(480) 415-1221,charles.martin@example.com
1222,Sarah Hernandez,"4914 E University Trl, Mesa, AZ",(480) 982-3801,sarah.hernandez@example.com
1223,Jennifer Lopez,"6694 E Broadway Trl, Queen Creek, AZ",(480) 697-7289,jennifer.lopez@example.com
1224,William Wilson,"7450 E University Trl, Scottsdale, AZ",(480) 759-2742,william.wilson@example.com
1225,Michael Miller,"7598 E Main Trl, Mesa, AZ",(480) 508-4113,michael.miller@example.com
1226,Lisa Wilson,"6858 E Apache Trl, Queen Creek, AZ",(480) 366-1906,lisa.wilson@example.com
1227,Emily Brown,"6444 E University Trl, Queen Creek, AZ",(480) 292-5626,emily.brown@example.com
1228,William Jackson,"3820 E University Trl, Scottsdale, AZ",(480) 939-4678,william.jackson@example.com
1229,Barbara Thomas,"9295 E Main Trl, Queen Creek, AZ",(480) 684-8716,barbara.thomas@example.com
1230,Joseph Wilson,"5567 E University Trl, Gilbert, AZ",(480) 457-9148,joseph.wilson@example.com
1231,Mary Jackson,"4311 E Main Trl, Gold Canyon, AZ",(480) 630-5028,mary.jackson@example.com
1232,James Martin,"9191 E Apache Trl, Queen Creek, AZ",(480) 321-8069,james.martin@example.com
1233,Linda Davis,"5374 E Apache Trl, San Tan Valley, AZ",(480) 885-2963,linda.davis@example.com
1234,Elizabeth Anderson,"5075 E Apache Trl, Gold Canyon, AZ",(480) 962-2847,elizabeth.anderson@example.com
1235,Emily Taylor,"814 E Broadway Trl, Gilbert, AZ",(480) 789-6318,emily.taylor@example.com
1236,Elizabeth Moore,"9436 E University Trl, Apache Junction, AZ",(480) 470-8875,elizabeth.moore@example.com
1237,Mary Smith,"1324 E Main Trl, Gilbert, AZ",(480) 330-5737,mary.smith@example.com
1238,Charles Smith,"1185 E Broadway Trl, San Tan Valley, AZ",(480) 835-9111,charles.smith@example.com
1239,Mary Williams,"8277 E Main Trl, Gold Canyon, AZ",(480) 632-8973,mary.williams@example.com
1240,Linda Williams,"7702 E University Trl, Gold Canyon, AZ",(480) 808-7142,linda.williams@example.com
1241,Barbara Rodriguez,"8050 E Apache Trl, San Tan Valley, AZ",(480) 407-4350,barbara.rodriguez@example.com
1242,Robert Williams,"106 E University Trl, Queen Creek, AZ",(480) 546-8783,robert.williams@example.com
1243,Sarah Brown,"6288 E Southern Trl, Scottsdale, AZ",(480) 577-3214,sarah.brown@example.com
1244,Elizabeth Martin,"6531 E University Trl, Scottsdale, AZ",(480) 877-4261,elizabeth.martin@example.com
1245,Linda Miller,"8688 E Apache Trl, San Tan Valley, AZ",(480) 441-7342,linda.miller@example.com
1246,Jennifer Garcia,"3511 E University Trl, Queen Creek, AZ",(480) 891-6109,jennifer.garcia@example.com
1247,Barbara Hernandez,"453 E Broadway Trl, Chandler, AZ",(480) 256-7998,barbara.hernandez@example.com
1248,Mary Rodriguez,"6455 E Apache Trl, San Tan Valley, AZ",(480) 842-4445,mary.rodriguez@example.com
1249,David Lopez,"430 E Apache Trl, Queen Creek, AZ",(480) 377-6211,david.lopez@example.com
1250,Lisa Miller,"4153 E Southern Trl, Gilbert, AZ",(480) 713-3671,lisa.miller@example.com
1251,Robert Thomas,"6563 E University Trl, Chandler, AZ",(480) 305-2589,robert.thomas@example.com
1252,Patricia Miller,"6582 E Apache Trl, San Tan Valley, AZ",(480) 318-9977,patricia.miller@example.com
1253,Jennifer Brown,"7313 E Apache Trl, San Tan Valley, AZ",(480) 377-8789,jennifer.brown@example.com
1254,Richard Brown,"6314 E Main Trl, Gilbert, AZ",(480) 563-1900,richard.brown@example.com
1255,Charles Garcia,"6368 E Main Trl, Scottsdale, AZ",(480) 739-5518,charles.garcia@example.com
1256,Michael Moore,"3326 E Southern Trl, Queen Creek, AZ",(480) 422-5741,michael.moore@example.com
1257,David Lopez,"9048 E University Trl, Mesa, AZ",(480) 819-1907,david.lopez@example.com
1258,Jennifer Martin,"1408 E Main Trl, Gilbert, AZ",(480) 456-3061,jennifer.martin@example.com
1259,Jennifer Brown,"2439 E Southern Trl, Gold Canyon, AZ",(480) 412-4579,jennifer.brown@example.com
1260,Michael Gonzalez,"6596 E Southern Trl, Chandler, AZ",(480) 658-3303,michael.gonzalez@example.com
1261,Linda Wilson,"9681 E Apache Trl, Gilbert, AZ",(480) 427-5023,linda.wilson@example.com
1262,Michael Lopez,"3962 E Main Trl, Gilbert, AZ",(480) 388-9856,michael.lopez@example.com
1263,Lisa Hernandez,"7208 E Apache Trl, Mesa, AZ",(480) 407-8363,lisa.hernandez@example.com
1264,Elizabeth Jackson,"5775 E Main Trl, Queen Creek, AZ",(480) 854-4033,elizabeth.jackson@example.com
1265,Mary Thomas,"413 E University Trl, Apache Junction, AZ",(480) 472-8864,mary.thomas@example.com
1266,Elizabeth Hernandez,"4702 E Broadway Trl, San Tan Valley, AZ",(480) 594-9950,elizabeth.hernandez@example.com
1267,Elizabeth Martin,"6190 E Apache Trl, Apache Junction, AZ",(480) 422-7076,elizabeth.martin@example.com
1268,Joseph Jones,"8603 E Southern Trl, Apache Junction, AZ",(480) 974-5281,joseph.jones@example.com
1269,Lisa Rodriguez,"4906 E Broadway Trl, Gold Canyon, AZ",(480) 399-9291,lisa.rodriguez@example.com
1270,Patricia Davis,"3422 E Southern Trl, Mesa, AZ",(480) 390-3992,patricia.davis@example.com
1271,Richard Taylor,"3592 E Southern Trl, Apache Junction, AZ",(480) 677-2025,richard.taylor@example.com
1272,Patricia Smith,"2167 E Main Trl, Gold Canyon, AZ",(480) 308-4278,patricia.smith@example.com
1273,Robert Thomas,"2921 E Broadway Trl, Gold Canyon, AZ",(480) 455-2477,robert.thomas@example.com
1274,Michael Martinez,"1974 E Apache Trl, Apache Junction, AZ",(480) 847-1532,michael.martinez@example.com
1275,Barbara Johnson,"7774 E University Trl, Gold Canyon, AZ",(480) 258-6629,barbara.johnson@example.com
1276,David Jones,"2207 E Broadway Trl, Scottsdale, AZ",(480) 329-4724,david.jones@example.com
1277,William Anderson,"9882 E Broadway Trl, Gilbert, AZ",(480) 419-1902,william.anderson@example.com
1278,Linda Thomas,"498 E Broadway Trl, Mesa, AZ",(480) 491-1501,linda.thomas@example.com
1279,Barbara Miller,"286 E Main Trl, Queen Creek, AZ",(480) 278-9202,barbara.miller@example.com
1280,Linda Davis,"5701 E University Trl, San Tan Valley, AZ",(480) 919-9030,linda.davis@example.com
1281,David Martin,"5362 E Southern Trl, San Tan Valley, AZ",(480) 849-5782,david.martin@example.com
1282,Linda Martin,"337 E University Trl, Scottsdale, AZ",(480) 584-9115,linda.martin@example.com
1283,Patricia Smith,"4223 E Apache Trl, Gold Canyon, AZ",(480) 516-7820,patricia.smith@example.com
1284,Thomas Wilson,"5661 E Southern Trl, San Tan Valley, AZ",(480) 932-5673,thomas.wilson@example.com
1285,David Jones,"133 E University Trl, Mesa, AZ",(480) 870-5850,david.jones@example.com
1286,Barbara Jackson,"5888 E University Trl, Apache Junction, AZ",(480) 739-5508,barbara.jackson@example.com
1287,William Rodriguez,"2200 E Apache Trl, Mesa, AZ",(480) 300-7568,william.rodriguez@example.com
1288,Richard Lopez,"948 E Main Trl, Mesa, AZ",(480) 275-5835,richard.lopez@example.com
1289,Linda Brown,"1677 E Apache Trl, Queen Creek, AZ",(480) 445-9799,linda.brown@example.com
1290,Michael Martin,"3968 E Southern Trl, Gold Canyon, AZ",(480) 850-4113,michael.martin@example.com
1291,Elizabeth Gonzalez,"2417 E Broadway Trl, Gold Canyon, AZ",(480) 509-8290,elizabeth.gonzalez@example.com
1292,David Wilson,"428 E Broadway Trl, Mesa, AZ",(480) 862-6024,david.wilson@example.com
1293,Mary Hernandez,"1302 E Apache Trl, Gold Canyon, AZ",(480) 909-3400,mary.hernandez@example.com
1294,Jane Martinez,"904 E University Trl, Mesa, AZ",(480) 614-9838,jane.martinez@example.com
1295,William Smith,"2070 E University Trl, Gold Canyon, AZ",(480) 526-2300,william.smith@example.com
1296,Mary Martin,"5470 E Southern Trl, Mesa, AZ",(480) 765-1994,mary.martin@example.com
1297,Linda Garcia,"5689 E Broadway Trl, Chandler, AZ",(480) 745-5095,linda.garcia@example.com
1298,Elizabeth Rodriguez,"1925 E Main Trl, San Tan Valley, AZ",(480) 239-3334,elizabeth.rodriguez@example.com
1299,John Taylor,"6470 E Apache Trl, Gold Canyon, AZ",(480) 731-8306,john.taylor@example.com
1300,James Jones,"4119 E University Trl, Chandler, AZ",(480) 884-3258,james.jones@example.com
1301,Emily Miller,"9737 E University Trl, Gold Canyon, AZ",(480) 227-7793,emily.miller@example.com
1302,James Garcia,"9113 E University Trl, Mesa, AZ",(480) 988-3066,james.garcia@example.com
1303,Richard Brown,"3102 E Apache Trl, Gilbert, AZ",(480) 777-2201,richard.brown@example.com
1304,Charles Jackson,"995 E Southern Trl, Gold Canyon, AZ",(480) 444-6256,charles.jackson@example.com
1305,Joseph Brown,"8742 E Broadway Trl, Gilbert, AZ",(480) 941-5896,joseph.brown@example.com
1306,Patricia Lopez,"5649 E Southern Trl, Queen Creek, AZ",(480) 303-6278,patricia.lopez@example.com
1307,John Williams,"130 E University Trl, Gilbert, AZ",(480) 565-5859,john.williams@example.com
1308,Charles Hernandez,"1183 E University Trl, Queen Creek, AZ",(480) 437-9561,charles.hernandez@example.com
1309,Thomas Gonzalez,"760 E Southern Trl, Queen Creek, AZ",(480) 883-3037,thomas.gonzalez@example.com
1310,Lisa Martin,"9330 E Broadway Trl, Gilbert, AZ",(480) 672-3160,lisa.martin@example.com
1311,Richard Taylor,"2873 E Broadway Trl, Mesa, AZ",(480) 294-1785,richard.taylor@example.com
1312,Mary Hernandez,"1968 E University Trl, Gold Canyon, AZ",(480) 858-4560,mary.hernandez@example.com
1313,Emily Wilson,"8235 E Broadway Trl, Mesa, AZ",(480) 631-3308,emily.wilson@example.com
1314,Jennifer Anderson,"1378 E Southern Trl, Queen Creek, AZ",(480) 200-8985,jennifer.anderson@example.com
1315,Thomas Martinez,"3575 E Main Trl, Apache Junction, AZ",(480) 452-7565,thomas.martinez@example.com
1316,Richard Johnson,"1528 E University Trl, San Tan Valley, AZ",(480) 752-2124,richard.johnson@example.com
1317,Joseph Jones,"5802 E Southern Trl, Gold Canyon, AZ",(480) 482-3922,joseph.jones@example.com
1318,Michael Lopez,"7605 E Apache Trl, San Tan Valley, AZ",(480) 628-1846,michael.lopez@example.com
1319,William Moore,"8094 E Main Trl, Scottsdale, AZ",(480) 549-2759,william.moore@example.com
1320,Elizabeth Gonzalez,"6514 E Southern Trl, Gilbert, AZ",(480) 719-8607,elizabeth.gonzalez@example.com
1321,Charles Hernandez,"4324 E Broadway Trl, Scottsdale, AZ",(480) 206-8089,charles.hernandez@example.com
1322,David Johnson,"4452 E University Trl, Mesa, AZ",(480) 216-7494,david.johnson@example.com
1323,Patricia Lopez,"1351 E Southern Trl, Scottsdale, AZ",(480) 942-5306,patricia.lopez@example.com
1324,Michael Jackson,"2019 E Broadway Trl, Mesa, AZ",(480) 643-4371,michael.jackson@example.com
1325,Thomas Gonzalez,"5122 E Main Trl, Queen Creek, AZ",(480) 487-8910,thomas.gonzalez@example.com
1326,Joseph Taylor,"1500 E Apache Trl, Apache Junction, AZ",(480) 762-1341,joseph.taylor@example.com
1327,Emily Gonzalez,"6722 E University Trl, Chandler, AZ",(480) 706-1968,emily.gonzalez@example.com
1328,John Brown,"8272 E Main Trl, Queen Creek, AZ",(480) 792-6885,john.brown@example.com
1329,William Jones,"1858 E University Trl, Queen Creek, AZ",(480) 868-2779,william.jones@example.com
1330,Barbara Moore,"9030 E Main Trl, Gold Canyon, AZ",(480) 765-9208,barbara.moore@example.com
1331,David Jackson,"2943 E Apache Trl, Chandler, AZ",(480) 762-6593,david.jackson@example.com
1332,Elizabeth Taylor,"8213 E Southern Trl, Gold Canyon, AZ",(480) 499-9692,elizabeth.taylor@example.com
1333,John Martinez,"7947 E University Trl, Mesa, AZ",(480) 535-5387,john.martinez@example.com
1334,James Hernandez,"560 E University Trl, Gilbert, AZ",(480) 966-9638,james.hernandez@example.com
1335,James Thomas,"1360 E Southern Trl, Queen Creek, AZ",(480) 501-5511,james.thomas@example.com
1336,John Smith,"8023 E Apache Trl, Gilbert, AZ",(480) 221-2015,john.smith@example.com
1337,Thomas Lopez,"9468 E Main Trl, Queen Creek, AZ",(480) 445-8302,thomas.lopez@example.com
1338,Elizabeth Martin,"4051 E Broadway Trl, Chandler, AZ",(480) 779-7308,elizabeth.martin@example.com
1339,William Miller,"3980 E Apache Trl, Chandler, AZ",(480) 638-7219,william.miller@example.com
1340,Michael Thomas,"1882 E Apache Trl, Mesa, AZ",(480) 337-1194,michael.thomas@example.com
1341,Lisa Thomas,"8428 E Broadway Trl, Gilbert, AZ",(480) 247-9948,lisa.thomas@example.com
1342,Richard Jackson,"1275 E University Trl, Queen Creek, AZ",(480) 991-4731,richard.jackson@example.com
1343,Mary Gonzalez,"1251 E Broadway Trl, Gold Canyon, AZ",(480) 575-3787,mary.gonzalez@example.com
1344,Barbara Martin,"3426 E Broadway Trl, Mesa, AZ",(480) 743-9761,barbara.martin@example.com
1345,Sarah Johnson,"4229 E University Trl, Apache Junction, AZ",(480) 979-6330,sarah.johnson@example.com
1346,Michael Smith,"7563 E Apache Trl, Mesa, AZ",(480) 495-4026,michael.smith@example.com
1347,David Williams,"5033 E Southern Trl, Mesa, AZ",(480) 993-9350,david.williams@example.com
1348,Mary Thomas,"324 E University Trl, Chandler, AZ",(480) 635-5894,mary.thomas@example.com
1349,Linda Johnson,"119 E Southern Trl, Mesa, AZ",(480) 659-7774,linda.johnson@example.com
1350,Thomas Gonzalez,"441 E University Trl, Gold Canyon, AZ",(480) 777-8445,thomas.gonzalez@example.com
1351,Emily Hernandez,"950 E University Trl, San Tan Valley, AZ",(480) 694-8592,emily.hernandez@example.com
1352,William Gonzalez,"5245 E University Trl, Mesa, AZ",(480) 754-9068,william.gonzalez@example.com
1353,Jennifer Martinez,"6561 E Main Trl, Queen Creek, AZ",(480) 600-6426,jennifer.martinez@example.com
1354,Barbara Jackson,"3486 E Broadway Trl, Gilbert, AZ",(480) 407-9010,barbara.jackson@example.com
1355,James Jackson,"474 E University Trl, Gold Canyon, AZ",(480) 753-5987,james.jackson@example.com
1356,Patricia Jackson,"1793 E University Trl, Chandler, AZ",(480) 966-4053,patricia.jackson@example.com
1357,Richard Hernandez,"4208 E University Trl, Gold Canyon, AZ",(480) 887-4638,richard.hernandez@example.com
1358,James Brown,"138 E Broadway Trl, Gold Canyon, AZ",(480) 590-6616,james.brown@example.com
1359,William Martin,"4558 E Apache Trl, Queen Creek, AZ",(480) 986-9421,william.martin@example.com
1360,Michael Davis,"8611 E Broadway Trl, Queen Creek, AZ",(480) 823-9843,michael.davis@example.com
1361,Linda Martin,"2931 E Main Trl, Gold Canyon, AZ",(480) 771-5512,linda.martin@example.com
1362,Lisa Davis,"4867 E Southern Trl, San Tan Valley, AZ",(480) 832-6348,lisa.davis@example.com
1363,Charles Williams,"2136 E Southern Trl, Apache Junction, AZ",(480) 312-2190,charles.williams@example.com
1364,Robert Garcia,"512 E Main Trl, Mesa, AZ",(480) 418-9437,robert.garcia@example.com
1365,Robert Rodriguez,"424 E Southern Trl, Scottsdale, AZ",(480) 216-2518,robert.rodriguez@example.com
1366,Mary Jones,"6863 E Broadway Trl, San Tan Valley, AZ",(480) 610-3800,mary.jones@example.com
1367,Barbara Gonzalez,"3718 E Main Trl, Chandler, AZ",(480) 433-6449,barbara.gonzalez@example.com
1368,Mary Martinez,"2115 E Southern Trl, Chandler, AZ",(480) 644-2656,mary.martinez@example.com
1369,Mary Martinez,"1880 E Apache Trl, Gilbert, AZ",(480) 226-4507,mary.martinez@example.com
1370,Mary Johnson,"3449 E Broadway Trl, Queen Creek, AZ",(480) 695-9924,mary.johnson@example.com
1371,Jennifer Williams,"5055 E University Trl, Gilbert, AZ",(480) 395-5435,jennifer.williams@example.com
1372,Charles Taylor,"3295 E Main Trl, San Tan Valley, AZ",(480) 339-5192,charles.taylor@example.com
1373,Lisa Jackson,"7457 E Broadway Trl, Queen Creek, AZ",(480) 665-7951,lisa.jackson@example.com
1374,Barbara Gonzalez,"4421 E University Trl, Apache Junction, AZ",(480) 501-6466,barbara.gonzalez@example.com
1375,Charles Martin,"7076 E Main Trl, Chandler, AZ",(480) 246-9845,charles.martin@example.com
1376,Linda Jones,"1339 E Southern Trl, Mesa, AZ",(480) 318-6029,linda.jones@example.com
1377,Emily Thomas,"4809 E Broadway Trl, Queen Creek, AZ",(480) 651-8311,emily.thomas@example.com
1378,Jane Jackson,"9962 E Apache Trl, Mesa, AZ",(480) 727-9965,jane.jackson@example.com
1379,James Williams,"9542 E Southern Trl, Scottsdale, AZ",(480) 675-1794,james.williams@example.com
1380,Robert Wilson,"4761 E Broadway Trl, Queen Creek, AZ",(480) 409-1632,robert.wilson@example.com
1381,Elizabeth Gonzalez,"5807 E Apache Trl, Gold Canyon, AZ",(480) 341-3864,elizabeth.gonzalez@example.com
1382,Mary Rodriguez,"5772 E Apache Trl, Gold Canyon, AZ",(480) 728-5537,mary.rodriguez@example.com
1383,Linda Gonzalez,"9985 E Main Trl, Gold Canyon, AZ",(480) 779-5121,linda.gonzalez@example.com
1384,Mary Brown,"747 E University Trl, Queen Creek, AZ",(480) 312-9812,mary.brown@example.com
1385,Robert Taylor,"7430 E Southern Trl, Gilbert, AZ",(480) 661-9929,robert.taylor@example.com
1386,Robert Gonzalez,"442 E University Trl, Gold Canyon, AZ",(480) 791-2218,robert.gonzalez@example.com
1387,David Hernandez,"3351 E University Trl, San Tan Valley, AZ",(480) 864-7423,david.hernandez@example.com
1388,Sarah Garcia,"5566 E Apache Trl, Gilbert, AZ",(480) 814-6262,sarah.garcia@example.com
1389,James Martinez,"8642 E Southern Trl, Gold Canyon, AZ",(480) 674-6955,james.martinez@example.com
1390,Richard Jackson,"395 E University Trl, Apache Junction, AZ",(480) 500-9833,richard.jackson@example.com
1391,Richard Martinez,"3047 E Southern Trl, Apache Junction, AZ",(480) 409-1254,richard.martinez@example.com
1392,Elizabeth Miller,"4045 E University Trl, Apache Junction, AZ",(480) 718-5949,elizabeth.miller@example.com
1393,Charles Brown,"6121 E Main Trl, Chandler, AZ",(480) 345-9593,charles.brown@example.com
1394,Patricia Hernandez,"977 E Main Trl, Mesa, AZ",(480) 658-9663,patricia.hernandez@example.com
1395,John Smith,"8754 E Broadway Trl, Queen Creek, AZ",(480) 668-4094,john.smith@example.com
1396,Robert Garcia,"2527 E Broadway Trl, Gold Canyon, AZ",(480) 798-8999,robert.garcia@example.com
1397,David Anderson,"4623 E Broadway Trl, Queen Creek, AZ",(480) 292-3024,david.anderson@example.com
1398,Elizabeth Gonzalez,"7358 E Main Trl, Queen Creek, AZ",(480) 208-4298,elizabeth.gonzalez@example.com
1399,Jennifer Williams,"530 E University Trl, Gold Canyon, AZ",(480) 653-5307,jennifer.williams@example.com
1400,Robert Rodriguez,"8160 E Southern Trl, Chandler, AZ",(480) 284-9576,robert.rodriguez@example.com
1401,Robert Lopez,"3055 E University Trl, Chandler, AZ",(480) 699-1874,robert.lopez@example.com
1402,Jennifer Smith,"172 E Broadway Trl, Queen Creek, AZ",(480) 631-9405,jennifer.smith@example.com
1403,Elizabeth Martinez,"2317 E Apache Trl, San Tan Valley, AZ",(480) 818-8346,elizabeth.martinez@example.com
1404,Barbara Taylor,"3513 E Broadway Trl, Apache Junction, AZ",(480) 808-8595,barbara.taylor@example.com
1405,Elizabeth Garcia,"8767 E Main Trl, Scottsdale, AZ",(480) 545-2406,elizabeth.garcia@example.com
1406,Charles Miller,"8323 E Broadway Trl, Queen Creek, AZ",(480) 624-7060,charles.miller@example.com
1407,James Brown,"3757 E University Trl, Mesa, AZ",(480) 329-4253,james.brown@example.com
1408,Sarah Rodriguez,"7815 E University Trl, Apache Junction, AZ",(480) 505-4758,sarah.rodriguez@example.com
1409,Thomas Davis,"1287 E Apache Trl, Gilbert, AZ",(480) 377-2475,thomas.davis@example.com
1410,Jennifer Moore,"4342 E Broadway Trl, Apache Junction, AZ",(480) 624-3640,jennifer.moore@example.com
1411,Joseph Brown,"4751 E University Trl, Apache Junction, AZ",(480) 311-4971,joseph.brown@example.com
1412,Lisa Smith,"5474 E Broadway Trl, Scottsdale, AZ",(480) 862-2117,lisa.smith@example.com
1413,Mary Jones,"5594 E Main Trl, Gilbert, AZ",(480) 959-4801,mary.jones@example.com
1414,Barbara Jones,"8593 E University Trl, San Tan Valley, AZ",(480) 570-5935,barbara.jones@example.com
1415,James Davis,"1954 E Southern Trl, Gold Canyon, AZ",(480) 686-9451,james.davis@example.com
1416,Jane Jackson,"2342 E Main Trl, Queen Creek, AZ",(480) 847-1053,jane.jackson@example.com
1417,Linda Gonzalez,"8538 E Southern Trl, Gold Canyon, AZ",(480) 839-9444,linda.gonzalez@example.com
1418,John Martinez,"6140 E University Trl, San Tan Valley, AZ",(480) 519-7666,john.martinez@example.com
1419,Lisa Garcia,"4905 E Main Trl, Gold Canyon, AZ",(480) 678-1599,lisa.garcia@example.com
1420,Charles Jackson,"5106 E Main Trl, Apache Junction, AZ",(480) 221-1936,charles.jackson@example.com
1421,Emily Thomas,"3401 E Broadway Trl, Apache Junction, AZ",(480) 445-8945,emily.thomas@example.com
1422,Elizabeth Wilson,"2765 E Main Trl, San Tan Valley, AZ",(480) 628-8988,elizabeth.wilson@example.com
1423,Barbara Anderson,"9664 E University Trl, Queen Creek, AZ",(480) 310-6326,barbara.anderson@example.com
1424,Joseph Thomas,"4405 E Main Trl, San Tan Valley, AZ",(480) 565-3089,joseph.thomas@example.com
1425,Sarah Smith,"3102 E Broadway Trl, San Tan Valley, AZ",(480) 895-5750,sarah.smith@example.com
1426,Jennifer Lopez,"7760 E Southern Trl, Queen Creek, AZ",(480) 606-9837,jennifer.lopez@example.com
1427,John Williams,"2304 E Apache Trl, Mesa, AZ",(480) 330-6783,john.williams@example.com
1428,Barbara Johnson,"6757 E Apache Trl, Mesa, AZ",(480) 673-2783,barbara.johnson@example.com
1429,Jane Martinez,"5488 E University Trl, Mesa, AZ",(480) 791-6797,jane.martinez@example.com
1430,Jane Smith,"1874 E Broadway Trl, Mesa, AZ",(480) 905-2262,jane.smith@example.com
1431,Richard Martinez,"1316 E Southern Trl, Queen Creek, AZ",(480) 342-7446,richard.martinez@example.com
1432,Jennifer Brown,"2557 E Apache Trl, Apache Junction, AZ",(480) 424-4423,jennifer.brown@example.com
1433,Patricia Lopez,"545 E Main Trl, Apache Junction, AZ",(480) 574-8550,patricia.lopez@example.com
1434,Joseph Jones,"2100 E Apache Trl, San Tan Valley, AZ",(480) 689-6328,joseph.jones@example.com
1435,Sarah Rodriguez,"7957 E Broadway Trl, Mesa, AZ",(480) 786-6083,sarah.rodriguez@example.com
1436,Mary Martinez,"1824 E Apache Trl, Mesa, AZ",(480) 618-1901,mary.martinez@example.com
1437,Patricia Jackson,"5127 E Main Trl, Mesa, AZ",(480) 309-8226,patricia.jackson@example.com
1438,Barbara Moore,"4079 E Main Trl, Apache Junction, AZ",(480) 243-8988,barbara.moore@example.com
1439,Mary Hernandez,"218 E Southern Trl, San Tan Valley, AZ",(480) 645-5816,mary.hernandez@example.com
1440,Linda Williams,"9814 E Main Trl, San Tan Valley, AZ",(480) 471-9577,linda.williams@example.com
1441,Robert Jackson,"2846 E Southern Trl, Gold Canyon, AZ",(480) 796-6559,robert.jackson@example.com
1442,Joseph Thomas,"9192 E Southern Trl, Gilbert, AZ",(480) 389-4826,joseph.thomas@example.com
1443,Sarah Miller,"2715 E Broadway Trl, Scottsdale, AZ",(480) 717-2093,sarah.miller@example.com
1444,James Wilson,"8615 E University Trl, Mesa, AZ",(480) 368-8287,james.wilson@example.com
1445,Michael Jones,"3849 E Apache Trl, Queen Creek, AZ",(480) 957-8838,michael.jones@example.com
1446,Linda Rodriguez,"4700 E University Trl, Queen Creek, AZ",(480) 312-1188,linda.rodriguez@example.com
1447,Charles Martinez,"8661 E Broadway Trl, San Tan Valley, AZ",(480) 449-7324,charles.martinez@example.com
1448,Jane Garcia,"5896 E Main Trl, Chandler, AZ",(480) 353-9808,jane.garcia@example.com
1449,Robert Garcia,"2242 E Southern Trl, Apache Junction, AZ",(480) 806-1889,robert.garcia@example.com
1450,Patricia Jones,"8662 E Broadway Trl, Gold Canyon, AZ",(480) 907-3061,patricia.jones@example.com
1451,Thomas Martinez,"6319 E Apache Trl, Mesa, AZ",(480) 414-4067,thomas.martinez@example.com
1452,David Anderson,"1788 E Southern Trl, Apache Junction, AZ",(480) 216-1854,david.anderson@example.com
1453,Robert Moore,"6408 E Southern Trl, Gold Canyon, AZ",(480) 436-5110,robert.moore@example.com
1454,Linda Martinez,"2269 E University Trl, Gilbert, AZ",(480) 708-5859,linda.martinez@example.com
1455,Sarah Lopez,"1771 E Broadway Trl, Apache Junction, AZ",(480) 298-4824,sarah.lopez@example.com
1456,Jennifer Davis,"8249 E Southern Trl, Chandler, AZ",(480) 438-3397,jennifer.davis@example.com
1457,Patricia Garcia,"5618 E Broadway Trl, Scottsdale, AZ",(480) 283-5895,patricia.garcia@example.com
1458,Jane Jones,"3399 E Southern Trl, Scottsdale, AZ",(480) 782-7731,jane.jones@example.com
1459,Richard Williams,"9884 E Apache Trl, Gilbert, AZ",(480) 278-3660,richard.williams@example.com
1460,Sarah Thomas,"9776 E University Trl, Gilbert, AZ",(480) 309-6217,sarah.thomas@example.com
1461,Richard Jones,"9109 E Broadway Trl, Queen Creek, AZ",(480) 631-5717,richard.jones@example.com
1462,Michael Davis,"7081 E Apache Trl, Mesa, AZ",(480) 745-5562,michael.davis@example.com
1463,Jane Brown,"9533 E Apache Trl, San Tan Valley, AZ",(480) 968-1260,jane.brown@example.com
1464,Joseph Jackson,"4214 E University Trl, Mesa, AZ",(480) 379-7377,joseph.jackson@example.com
1465,Robert Hernandez,"5864 E Main Trl, Gilbert, AZ",(480) 846-9568,robert.hernandez@example.com
1466,Michael Martin,"6602 E Main Trl, Gilbert, AZ",(480) 534-3697,michael.martin@example.com
1467,Emily Jackson,"4534 E Apache Trl, Mesa, AZ",(480) 607-5790,emily.jackson@example.com
1468,John Anderson,"7299 E Main Trl, Queen Creek, AZ",(480) 325-5679,john.anderson@example.com
1469,Joseph Wilson,"5928 E Broadway Trl, San Tan Valley, AZ",(480) 359-4953,joseph.wilson@example.com
1470,Robert Jackson,"7531 E Broadway Trl, Scottsdale, AZ",(480) 282-7481,robert.jackson@example.com
1471,David Wilson,"3292 E Broadway Trl, Gilbert, AZ",(480) 287-3548,david.wilson@example.com
1472,Linda Moore,"2774 E Main Trl, San Tan Valley, AZ",(480) 751-7718,linda.moore@example.com
1473,Jennifer Thomas,"4689 E University Trl, Chandler, AZ",(480) 551-2792,jennifer.thomas@example.com
1474,Barbara Rodriguez,"1529 E Southern Trl, Gold Canyon, AZ",(480) 995-3132,barbara.rodriguez@example.com
1475,Joseph Williams,"9132 E Broadway Trl, Apache Junction, AZ",(480) 265-5987,joseph.williams@example.com
1476,Patricia Johnson,"4438 E Southern Trl, Gilbert, AZ",(480) 362-2839,patricia.johnson@example.com
1477,Jane Thomas,"5093 E University Trl, Queen Creek, AZ",(480) 807-9265,jane.thomas@example.com
1478,Thomas Hernandez,"3749 E Apache Trl, Gold Canyon, AZ",(480) 623-2726,thomas.hernandez@example.com
1479,Jane Wilson,"7469 E Broadway Trl, Apache Junction, AZ",(480) 982-1777,jane.wilson@example.com
1480,Sarah Garcia,"240 E Southern Trl, Mesa, AZ",(480) 390-9595,sarah.garcia@example.com
1481,Thomas Johnson,"8563 E University Trl, Queen Creek, AZ",(480) 892-4213,thomas.johnson@example.com
1482,Jennifer Jones,"362 E Apache Trl, Gold Canyon, AZ",(480) 442-5084,jennifer.jones@example.com
1483,William Hernandez,"1177 E Main Trl, Gold Canyon, AZ",(480) 472-1175,william.hernandez@example.com
1484,Jennifer Miller,"1872 E Main Trl, Scottsdale, AZ",(480) 867-6881,jennifer.miller@example.com
1485,Robert Garcia,"428 E Southern Trl, Chandler, AZ",(480) 975-1862,robert.garcia@example.com
1486,Emily Rodriguez,"4281 E Main Trl, Gold Canyon, AZ",(480) 910-5493,emily.rodriguez@example.com
1487,Thomas Hernandez,"2046 E Broadway Trl, Mesa, AZ",(480) 731-3702,thomas.hernandez@example.com
1488,Linda Rodriguez,"8848 E Southern Trl, Chandler, AZ",(480) 871-9989,linda.rodriguez@example.com
1489,Emily Lopez,"1579 E Broadway Trl, Chandler, AZ",(480) 746-1312,emily.lopez@example.com
1490,Michael Wilson,"2389 E Main Trl, Apache Junction, AZ",(480) 381-9449,michael.wilson@example.com
1491,Sarah Jackson,"8119 E Southern Trl, Scottsdale, AZ",(480) 817-2927,sarah.jackson@example.com
1492,Emily Williams,"7033 E Main Trl, Mesa, AZ",(480) 762-1064,emily.williams@example.com
1493,Joseph Wilson,"5913 E Southern Trl, Mesa, AZ",(480) 582-8999,joseph.wilson@example.com
1494,James Hernandez,"5345 E University Trl, Gilbert, AZ",(480) 969-1237,james.hernandez@example.com
1495,Joseph Taylor,"5765 E University Trl, San Tan Valley, AZ",(480) 726-3096,joseph.taylor@example.com
1496,Barbara Moore,"3374 E University Trl, Scottsdale, AZ",(480) 612-2516,barbara.moore@example.com
1497,Robert Lopez,"3271 E Apache Trl, Mesa, AZ",(480) 541-8155,robert.lopez@example.com
1498,Mary Smith,"8496 E University Trl, Apache Junction, AZ",(480) 226-1965,mary.smith@example.com
1499,Thomas Lopez,"1478 E Main Trl, Mesa, AZ",(480) 630-7660,thomas.lopez@example.com
1500,Emily Moore,"4122 E Broadway Trl, Gold Canyon, AZ",(480) 501-9337,emily.moore@example.com
1501,Barbara Thomas,"3442 E Main Trl, Gold Canyon, AZ",(480) 994-8053,barbara.thomas@example.com
1502,Linda Brown,"1971 E Apache Trl, Scottsdale, AZ",(480) 425-9824,linda.brown@example.com
1503,Jennifer Miller,"1244 E Broadway Trl, San Tan Valley, AZ",(480) 838-4638,jennifer.miller@example.com
1504,Barbara Brown,"5941 E University Trl, Scottsdale, AZ",(480) 977-4163,barbara.brown@example.com
1505,Richard Brown,"1962 E Southern Trl, Mesa, AZ",(480) 956-7265,richard.brown@example.com
1506,Thomas Anderson,"6938 E Apache Trl, San Tan Valley, AZ",(480) 551-4346,thomas.anderson@example.com
1507,John Jones,"9694 E University Trl, Apache Junction, AZ",(480) 496-6047,john.jones@example.com
1508,Jane Rodriguez,"4318 E Southern Trl, Gilbert, AZ",(480) 932-4850,jane.rodriguez@example.com
1509,John Jackson,"6900 E Main Trl, Gold Canyon, AZ",(480) 739-1110,john.jackson@example.com
1510,Thomas Lopez,"8868 E Southern Trl, Scottsdale, AZ",(480) 903-5045,thomas.lopez@example.com
1511,Michael Martinez,"6736 E Main Trl, Chandler, AZ",(480) 887-4822,michael.martinez@example.com
1512,Sarah Thomas,"4755 E University Trl, Gilbert, AZ",(480) 793-3204,sarah.thomas@example.com
1513,Lisa Taylor,"7066 E Southern Trl, Scottsdale, AZ",(480) 250-5196,lisa.taylor@example.com
1514,Charles Jones,"5101 E Broadway Trl, Queen Creek, AZ",(480) 585-1213,charles.jones@example.com
1515,Sarah Rodriguez,"6758 E Apache Trl, Scottsdale, AZ",(480) 876-5186,sarah.rodriguez@example.com
1516,Richard Martinez,"9404 E Main Trl, Gilbert, AZ",(480) 566-5117,richard.martinez@example.com
1517,Linda Wilson,"7928 E Main Trl, Mesa, AZ",(480) 358-4228,linda.wilson@example.com
1518,Sarah Miller,"9713 E Apache Trl, Mesa, AZ",(480) 919-3543,sarah.miller@example.com
1519,Thomas Rodriguez,"5157 E University Trl, Queen Creek, AZ",(480) 382-5033,thomas.rodriguez@example.com
1520,Patricia Jackson,"6194 E University Trl, Gilbert, AZ",(480) 858-9846,patricia.jackson@example.com
1521,Michael Wilson,"6709 E Southern Trl, Queen Creek, AZ",(480) 402-6413,michael.wilson@example.com
1522,Robert Wilson,"8269 E University Trl, San Tan Valley, AZ",(480) 707-4604,robert.wilson@example.com
1523,Mary Gonzalez,"3177 E Main Trl, San Tan Valley, AZ",(480) 798-3913,mary.gonzalez@example.com
1524,Thomas Wilson,"6787 E Main Trl, Chandler, AZ",(480) 714-3390,thomas.wilson@example.com
1525,Joseph Martinez,"8429 E Southern Trl, Queen Creek, AZ",(480) 478-9926,joseph.martinez@example.com
1526,Michael Gonzalez,"8376 E Main Trl, Apache Junction, AZ",(480) 246-6632,michael.gonzalez@example.com
1527,Mary Hernandez,"9720 E Southern Trl, Chandler, AZ",(480) 332-4113,mary.hernandez@example.com
1528,James Miller,"6968 E University Trl, Queen Creek, AZ",(480) 356-4424,james.miller@example.com
1529,William Hernandez,"1166 E Southern Trl, Apache Junction, AZ",(480) 984-8953,william.hernandez@example.com
1530,Robert Williams,"1739 E Main Trl, San Tan Valley, AZ",(480) 653-2067,robert.williams@example.com
1531,Richard Jones,"9951 E Main Trl, San Tan Valley, AZ",(480) 873-8295,richard.jones@example.com
1532,Thomas Lopez,"3918 E Southern Trl, San Tan Valley, AZ",(480) 889-9975,thomas.lopez@example.com
1533,Mary Garcia,"8732 E Apache Trl, Apache Junction, AZ",(480) 633-7640,mary.garcia@example.com
1534,Barbara Jones,"1243 E University Trl, Chandler, AZ",(480) 672-8877,barbara.jones@example.com
1535,James Garcia,"7798 E Main Trl, Scottsdale, AZ",(480) 901-7599,james.garcia@example.com
1536,Robert Jones,"5623 E Apache Trl, Mesa, AZ",(480) 799-8132,robert.jones@example.com
1537,Barbara Jackson,"9289 E Apache Trl, Gilbert, AZ",(480) 666-2878,barbara.jackson@example.com
1538,David Jackson,"931 E Broadway Trl, Gilbert, AZ",(480) 986-6597,david.jackson@example.com
1539,Sarah Wilson,"4975 E Apache Trl, Gilbert, AZ",(480) 340-5371,sarah.wilson@example.com
1540,Jennifer Gonzalez,"7220 E Apache Trl, Chandler, AZ",(480) 936-9641,jennifer.gonzalez@example.com
1541,Barbara Martinez,"4611 E Southern Trl, Apache Junction, AZ",(480) 711-3407,barbara.martinez@example.com
1542,John Martinez,"9917 E Apache Trl, Gilbert, AZ",(480) 739-7105,john.martinez@example.com
1543,Richard Anderson,"5857 E Southern Trl, Apache Junction, AZ",(480) 734-7997,richard.anderson@example.com
1544,James Wilson,"9919 E Main Trl, Queen Creek, AZ",(480) 706-7196,james.wilson@example.com
1545,Charles Hernandez,"3985 E Broadway Trl, Gold Canyon, AZ",(480) 441-3375,charles.hernandez@example.com
1546,Emily Davis,"4705 E Main Trl, Mesa, AZ",(480) 965-5334,emily.davis@example.com
1547,Joseph Martin,"8482 E University Trl, Apache Junction, AZ",(480) 474-3870,joseph.martin@example.com
1548,Charles Gonzalez,"6612 E University Trl, Scottsdale, AZ",(480) 989-9477,charles.gonzalez@example.com
1549,Jennifer Lopez,"622 E Southern Trl, Queen Creek, AZ",(480) 211-8113,jennifer.lopez@example.com
1550,Richard Jones,"5175 E Broadway Trl, Scottsdale, AZ",(480) 456-1987,richard.jones@example.com
1551,Elizabeth Martin,"2137 E Broadway Trl, Gold Canyon, AZ",(480) 931-8569,elizabeth.martin@example.com
1552,Charles Taylor,"849 E University Trl, Chandler, AZ",(480) 241-1970,charles.taylor@example.com
1553,Jane Hernandez,"4718 E Apache Trl, Mesa, AZ",(480) 580-1762,jane.hernandez@example.com
1554,Lisa Moore,"484 E Apache Trl, Gilbert, AZ",(480) 959-8614,lisa.moore@example.com
1555,Sarah Williams,"9422 E Southern Trl, Scottsdale, AZ",(480) 826-8459,sarah.williams@example.com
1556,Lisa Thomas,"4650 E University Trl, Scottsdale, AZ",(480) 335-4373,lisa.thomas@example.com
1557,Charles Martinez,"2159 E Apache Trl, Queen Creek, AZ",(480) 505-5520,charles.martinez@example.com
1558,Michael Johnson,"3144 E Southern Trl, Apache Junction, AZ",(480) 883-9319,michael.johnson@example.com
1559,Jane Thomas,"1246 E Apache Trl, Chandler, AZ",(480) 342-5126,jane.thomas@example.com
1560,James Johnson,"7094 E Apache Trl, Gilbert, AZ",(480) 258-3447,james.johnson@example.com
1561,Elizabeth Taylor,"5795 E Main Trl, Gold Canyon, AZ",(480) 963-2043,elizabeth.taylor@example.com
1562,John Hernandez,"310 E Broadway Trl, Mesa, AZ",(480) 482-8310,john.hernandez@example.com
1563,Robert Williams,"6882 E Southern Trl, San Tan Valley, AZ",(480) 684-2597,robert.williams@example.com
1564,Jane Brown,"4800 E Main Trl, Scottsdale, AZ",(480) 940-4669,jane.brown@example.com
1565,William Williams,"9142 E Apache Trl, Mesa, AZ",(480) 462-5626,william.williams@example.com
1566,Thomas Anderson,"4257 E University Trl, San Tan Valley, AZ",(480) 364-6687,thomas.anderson@example.com
1567,Linda Smith,"8662 E Apache Trl, Apache Junction, AZ",(480) 883-2045,linda.smith@example.com
1568,Joseph Williams,"3598 E Broadway Trl, Queen Creek, AZ",(480) 325-3190,joseph.williams@example.com
1569,Michael Gonzalez,"9016 E Southern Trl, Gilbert, AZ",(480) 604-8688,michael.gonzalez@example.com
1570,Mary Jones,"9315 E Southern Trl, Gilbert, AZ",(480) 929-1841,mary.jones@example.com
1571,Elizabeth Taylor,"1324 E University Trl, Chandler, AZ",(480) 956-6504,elizabeth.taylor@example.com
1572,John Brown,"7044 E Apache Trl, Gold Canyon, AZ",(480) 439-9895,john.brown@example.com
1573,Thomas Wilson,"5552 E Apache Trl, Apache Junction, AZ",(480) 670-6327,thomas.wilson@example.com
1574,Sarah Martin,"6092 E Southern Trl, Mesa, AZ",(480) 897-4833,sarah.martin@example.com
1575,Barbara Lopez,"3238 E Main Trl, San Tan Valley, AZ",(480) 924-2223,barbara.lopez@example.com
1576,Thomas Garcia,"1822 E Southern Trl, Scottsdale, AZ",(480) 925-8972,thomas.garcia@example.com
1577,Lisa Brown,"7345 E Broadway Trl, Scottsdale, AZ",(480) 552-7923,lisa.brown@example.com
1578,Lisa Johnson,"7269 E Southern Trl, Apache Junction, AZ",(480) 647-4142,lisa.johnson@example.com
1579,William Wilson,"1469 E Main Trl, Chandler, AZ",(480) 639-2332,william.wilson@example.com
1580,Jane Williams,"4095 E Main Trl, Mesa, AZ",(480) 717-6042,jane.williams@example.com
1581,Joseph Taylor,"2949 E Southern Trl, Chandler, AZ",(480) 628-9708,joseph.taylor@example.com
1582,Mary Taylor,"1385 E University Trl, Gold Canyon, AZ",(480) 917-5053,mary.taylor@example.com
1583,Patricia Lopez,"9495 E Broadway Trl, Apache Junction, AZ",(480) 761-6026,patricia.lopez@example.com
1584,Mary Gonzalez,"5998 E Main Trl, Gilbert, AZ",(480) 963-5049,mary.gonzalez@example.com
1585,Barbara Martinez,"4376 E Broadway Trl, San Tan Valley, AZ",(480) 527-7711,barbara.martinez@example.com
1586,Elizabeth Hernandez,"3406 E University Trl, Chandler, AZ",(480) 305-5750,elizabeth.hernandez@example.com
1587,Robert Davis,"1362 E Broadway Trl, Apache Junction, AZ",(480) 344-3024,robert.davis@example.com
1588,Elizabeth Brown,"4816 E Apache Trl, Gold Canyon, AZ",(480) 478-3388,elizabeth.brown@example.com
1589,Jennifer Jones,"5751 E University Trl, Queen Creek, AZ",(480) 302-4404,jennifer.jones@example.com
1590,Emily Thomas,"4253 E Apache Trl, Mesa, AZ",(480) 724-7238,emily.thomas@example.com
1591,Patricia Brown,"4458 E University Trl, Mesa, AZ",(480) 676-2031,patricia.brown@example.com
1592,Charles Taylor,"4254 E Main Trl, Mesa, AZ",(480) 327-6888,charles.taylor@example.com
1593,David Moore,"537 E Apache Trl, San Tan Valley, AZ",(480) 631-2045,david.moore@example.com
1594,William Lopez,"220 E Broadway Trl, Scottsdale, AZ",(480) 952-3983,william.lopez@example.com
1595,Jane Martin,"1566 E Apache Trl, Mesa, AZ",(480) 438-3490,jane.martin@example.com
1596,James Miller,"8899 E Broadway Trl, Chandler, AZ",(480) 532-7845,james.miller@example.com
1597,Patricia Anderson,"965 E Broadway Trl, Scottsdale, AZ",(480) 650-2244,patricia.anderson@example.com
1598,Michael Martinez,"1752 E Apache Trl, Scottsdale, AZ",(480) 883-3229,michael.martinez@example.com
1599,Michael Hernandez,"3164 E Apache Trl, Apache Junction, AZ",(480) 440-6452,michael.hernandez@example.com
1600,Lisa Lopez,"1607 E Apache Trl, Queen Creek, AZ",(480) 460-5211,lisa.lopez@example.com
1601,David Jones,"3632 E Southern Trl, Scottsdale, AZ",(480) 361-4304,david.jones@example.com
1602,Robert Moore,"1991 E Main Trl, Scottsdale, AZ",(480) 313-5333,robert.moore@example.com
1603,John Lopez,"9823 E Main Trl, Chandler, AZ",(480) 604-2963,john.lopez@example.com
1604,Richard Gonzalez,"521 E Main Trl, Queen Creek, AZ",(480) 260-2088,richard.gonzalez@example.com
1605,Jennifer Rodriguez,"1428 E Broadway Trl, Gilbert, AZ",(480) 937-8858,jennifer.rodriguez@example.com
1606,James Lopez,"6983 E Southern Trl, Apache Junction, AZ",(480) 957-2894,james.lopez@example.com
1607,Robert Smith,"8910 E Broadway Trl, Mesa, AZ",(480) 896-5267,robert.smith@example.com
1608,Joseph Thomas,"246 E Main Trl, Scottsdale, AZ",(480) 343-6351,joseph.thomas@example.com
1609,John Martin,"1452 E Broadway Trl, Scottsdale, AZ",(480) 251-3833,john.martin@example.com
1610,Sarah Lopez,"1132 E Main Trl, San Tan Valley, AZ",(480) 905-2695,sarah.lopez@example.com
1611,Sarah Brown,"7910 E Apache Trl, Gilbert, AZ",(480) 874-1516,sarah.brown@example.com
1612,Patricia Garcia,"9823 E Southern Trl, Queen Creek, AZ",(480) 647-4233,patricia.garcia@example.com
1613,Jane Taylor,"2666 E University Trl, Gilbert, AZ",(480) 307-6079,jane.taylor@example.com
1614,Barbara Johnson,"6996 E Southern Trl, Gilbert, AZ",(480) 887-6555,barbara.johnson@example.com
1615,Elizabeth Lopez,"4975 E Southern Trl, San Tan Valley, AZ",(480) 708-2902,elizabeth.lopez@example.com
1616,Emily Johnson,"271 E Broadway Trl, Apache Junction, AZ",(480) 318-5663,emily.johnson@example.com
1617,James Hernandez,"3264 E Apache Trl, San Tan Valley, AZ",(480) 566-2413,james.hernandez@example.com
1618,Joseph Martinez,"2208 E Broadway Trl, Chandler, AZ",(480) 979-8099,joseph.martinez@example.com
1619,Linda Martinez,"6264 E Apache Trl, Apache Junction, AZ",(480) 363-8750,linda.martinez@example.com
1620,Thomas Jackson,"4413 E Main Trl, Gold Canyon, AZ",(480) 530-1671,thomas.jackson@example.com
1621,Patricia Gonzalez,"2297 E Apache Trl, Queen Creek, AZ",(480) 305-7680,patricia.gonzalez@example.com
1622,Lisa Moore,"6646 E Broadway Trl, Gold Canyon, AZ",(480) 668-2957,lisa.moore@example.com
1623,Joseph Brown,"4817 E University Trl, Mesa, AZ",(480) 781-8854,joseph.brown@example.com
1624,Sarah Williams,"6284 E University Trl, Gilbert, AZ",(480) 587-1031,sarah.williams@example.com
1625,Emily Anderson,"256 E Main Trl, Scottsdale, AZ",(480) 933-4312,emily.anderson@example.com
1626,Joseph Taylor,"4473 E Main Trl, Chandler, AZ",(480) 246-9829,joseph.taylor@example.com
1627,William Hernandez,"8690 E Main Trl, Queen Creek, AZ",(480) 264-9422,william.hernandez@example.com
1628,John Smith,"2088 E Apache Trl, San Tan Valley, AZ",(480) 734-8515,john.smith@example.com
1629,Elizabeth Smith,"8856 E Apache Trl, Gilbert, AZ",(480) 216-8650,elizabeth.smith@example.com
1630,Sarah Anderson,"5116 E Main Trl, Chandler, AZ",(480) 540-5149,sarah.anderson@example.com
1631,Charles Davis,"356 E Main Trl, Mesa, AZ",(480) 325-4112,charles.davis@example.com
1632,John Miller,"9816 E Main Trl, Gilbert, AZ",(480) 588-7566,john.miller@example.com
1633,William Martinez,"2280 E Main Trl, Queen Creek, AZ",(480) 594-4621,william.martinez@example.com
1634,Robert Jackson,"5821 E University Trl, Gilbert, AZ",(480) 340-3425,robert.jackson@example.com
1635,Sarah Garcia,"3111 E Southern Trl, Chandler, AZ",(480) 900-7141,sarah.garcia@example.com
1636,Barbara Martinez,"6172 E University Trl, Gilbert, AZ",(480) 529-4452,barbara.martinez@example.com
1637,Michael Moore,"6875 E Southern Trl, Gilbert, AZ",(480) 953-9827,michael.moore@example.com
1638,Sarah Lopez,"713 E Apache Trl, Gilbert, AZ",(480) 476-6332,sarah.lopez@example.com
1639,Lisa Gonzalez,"1122 E Southern Trl, Apache Junction, AZ",(480) 678-3975,lisa.gonzalez@example.com
1640,Emily Brown,"2690 E Main Trl, Gilbert, AZ",(480) 630-7977,emily.brown@example.com
1641,Jennifer Rodriguez,"501 E Broadway Trl, Queen Creek, AZ",(480) 693-8494,jennifer.rodriguez@example.com
1642,Jennifer Davis,"4289 E University Trl, San Tan Valley, AZ",(480) 958-9958,jennifer.davis@example.com
1643,Barbara Moore,"110 E Apache Trl, San Tan Valley, AZ",(480) 998-7789,barbara.moore@example.com
1644,William Johnson,"7768 E Broadway Trl, Apache Junction, AZ",(480) 258-9344,william.johnson@example.com
1645,Richard Taylor,"9942 E Main Trl, Apache Junction, AZ",(480) 589-6229,richard.taylor@example.com
1646,Joseph Jackson,"7004 E University Trl, Mesa, AZ",(480) 230-6899,joseph.jackson@example.com
1647,Mary Anderson,"659 E Broadway Trl, Apache Junction, AZ",(480) 970-8527,mary.anderson@example.com
1648,Linda Gonzalez,"1992 E Broadway Trl, Mesa, AZ",(480) 968-9476,linda.gonzalez@example.com
1649,Elizabeth Jones,"4579 E Apache Trl, Gold Canyon, AZ",(480) 552-1253,elizabeth.jones@example.com
1650,John Williams,"6144 E Main Trl, Mesa, AZ",(480) 787-7440,john.williams@example.com
1651,David Miller,"9771 E Southern Trl, Chandler, AZ",(480) 237-5868,david.miller@example.com
1652,Michael Brown,"978 E Apache Trl, Queen Creek, AZ",(480) 334-8195,michael.brown@example.com
1653,Charles Jackson,"5616 E Broadway Trl, Gold Canyon, AZ",(480) 621-5651,charles.jackson@example.com
1654,Mary Thomas,"3464 E Apache Trl, Gold Canyon, AZ",(480) 894-6909,mary.thomas@example.com
1655,Mary Hernandez,"5253 E Broadway Trl, Apache Junction, AZ",(480) 618-6428,mary.hernandez@example.com
1656,Thomas Taylor,"2469 E Main Trl, Mesa, AZ",(480) 519-5680,thomas.taylor@example.com
1657,Jennifer Miller,"430 E University Trl, Scottsdale, AZ",(480) 778-3328,jennifer.miller@example.com
1658,Charles Williams,"3955 E Apache Trl, Chandler, AZ",(480) 797-2646,charles.williams@example.com
1659,Sarah Garcia,"2060 E Apache Trl, San Tan Valley, AZ",(480) 485-6605,sarah.garcia@example.com
1660,Linda Rodriguez,"6831 E Apache Trl, Chandler, AZ",(480) 773-7979,linda.rodriguez@example.com
1661,Richard Lopez,"1620 E Apache Trl, Gilbert, AZ",(480) 887-9266,richard.lopez@example.com
1662,Linda Jackson,"8500 E University Trl, Scottsdale, AZ",(480) 767-4985,linda.jackson@example.com
1663,Barbara Miller,"3271 E Main Trl, Gold Canyon, AZ",(480) 466-8330,barbara.miller@example.com
1664,Michael Davis,"1452 E Apache Trl, Chandler, AZ",(480) 864-5188,michael.davis@example.com
1665,Robert Anderson,"3099 E University Trl, Mesa, AZ",(480) 928-1509,robert.anderson@example.com
1666,Lisa Wilson,"1076 E Broadway Trl, Mesa, AZ",(480) 493-5805,lisa.wilson@example.com
1667,David Johnson,"4523 E Broadway Trl, Mesa, AZ",(480) 373-9398,david.johnson@example.com
1668,Joseph Williams,"6962 E University Trl, Scottsdale, AZ",(480) 815-4066,joseph.williams@example.com
1669,William Taylor,"996 E Main Trl, Gold Canyon, AZ",(480) 543-8394,william.taylor@example.com
1670,Jennifer Smith,"7887 E Broadway Trl, Apache Junction, AZ",(480) 363-5311,jennifer.smith@example.com
1671,Mary Smith,"2210 E Apache Trl, Queen Creek, AZ",(480) 787-3344,mary.smith@example.com
1672,Robert Davis,"2272 E University Trl, Gilbert, AZ",(480) 587-8838,robert.davis@example.com
1673,Mary Lopez,"8765 E Main Trl, Apache Junction, AZ",(480) 329-7684,mary.lopez@example.com
1674,Lisa Taylor,"1169 E Main Trl, Scottsdale, AZ",(480) 644-9275,lisa.taylor@example.com
1675,Linda Anderson,"9485 E University Trl, Chandler, AZ",(480) 645-3618,linda.anderson@example.com
1676,William Smith,"6464 E Main Trl, San Tan Valley, AZ",(480) 905-6273,william.smith@example.com
1677,Jennifer Johnson,"6445 E Southern Trl, San Tan Valley, AZ",(480) 663-7094,jennifer.johnson@example.com
1678,John Smith,"2639 E Broadway Trl, Scottsdale, AZ",(480) 891-1918,john.smith@example.com
1679,Emily Martin,"2589 E Southern Trl, Gilbert, AZ",(480) 798-7799,emily.martin@example.com
1680,Linda Wilson,"6513 E Main Trl, Apache Junction, AZ",(480) 778-8118,linda.wilson@example.com
1681,Thomas Hernandez,"8837 E Southern Trl, Gilbert, AZ",(480) 271-5583,thomas.hernandez@example.com
1682,Charles Brown,"3710 E Southern Trl, Gold Canyon, AZ",(480) 423-1060,charles.brown@example.com
1683,Thomas Rodriguez,"6010 E Apache Trl, Scottsdale, AZ",(480) 667-6354,thomas.rodriguez@example.com
1684,Sarah Lopez,"9341 E Main Trl, Scottsdale, AZ",(480) 847-7646,sarah.lopez@example.com
1685,Elizabeth Miller,"537 E Main Trl, Apache Junction, AZ",(480) 783-9225,elizabeth.miller@example.com
1686,Patricia Smith,"5136 E Main Trl, Gold Canyon, AZ",(480) 848-7906,patricia.smith@example.com
1687,Richard Garcia,"5284 E Apache Trl, Chandler, AZ",(480) 235-1047,richard.garcia@example.com
1688,Joseph Davis,"5876 E Apache Trl, Mesa, AZ",(480) 715-9121,joseph.davis@example.com
1689,David Rodriguez,"7087 E Broadway Trl, Gilbert, AZ",(480) 668-3974,david.rodriguez@example.com
1690,Patricia Lopez,"4720 E Apache Trl, Queen Creek, AZ",(480) 732-4627,patricia.lopez@example.com
1691,Robert Lopez,"1760 E Main Trl, Gilbert, AZ",(480) 855-5573,robert.lopez@example.com
1692,Jennifer Johnson,"3638 E Broadway Trl, San Tan Valley, AZ",(480) 644-3059,jennifer.johnson@example.com
1693,Mary Garcia,"6272 E University Trl, San Tan Valley, AZ",(480) 676-3624,mary.garcia@example.com
1694,Lisa Anderson,"9079 E Apache Trl, Scottsdale, AZ",(480) 802-5971,lisa.anderson@example.com
1695,Mary Brown,"2065 E Main Trl, Gold Canyon, AZ",(480) 273-8606,mary.brown@example.com
1696,Jane Wilson,"7384 E Southern Trl, Scottsdale, AZ",(480) 355-8075,jane.wilson@example.com
1697,John Garcia,"6792 E Southern Trl, San Tan Valley, AZ",(480) 514-3511,john.garcia@example.com
1698,Joseph Miller,"3164 E University Trl, Mesa, AZ",(480) 535-9632,joseph.miller@example.com
1699,Linda Lopez,"8548 E Apache Trl, San Tan Valley, AZ",(480) 610-9315,linda.lopez@example.com
1700,Sarah Williams,"3938 E University Trl, Gold Canyon, AZ",(480) 963-6355,sarah.williams@example.com
1701,Richard Gonzalez,"3783 E Apache Trl, Chandler, AZ",(480) 444-2105,richard.gonzalez@example.com
1702,Michael Anderson,"7250 E Southern Trl, Gilbert, AZ",(480) 272-5549,michael.anderson@example.com
1703,Patricia Garcia,"3743 E Apache Trl, Scottsdale, AZ",(480) 372-1123,patricia.garcia@example.com
1704,James Hernandez,"4370 E University Trl, Chandler, AZ",(480) 788-5222,james.hernandez@example.com
1705,David Martin,"2815 E Apache Trl, Scottsdale, AZ",(480) 710-3842,david.martin@example.com
1706,Richard Miller,"5443 E Apache Trl, Scottsdale, AZ",(480) 889-7410,richard.miller@example.com
1707,Robert Jones,"890 E Apache Trl, Mesa, AZ",(480) 399-5389,robert.jones@example.com
1708,Jane Williams,"388 E Main Trl, San Tan Valley, AZ",(480) 777-7850,jane.williams@example.com
1709,Patricia Hernandez,"5644 E Main Trl, Queen Creek, AZ",(480) 470-1866,patricia.hernandez@example.com
1710,Elizabeth Johnson,"3478 E Broadway Trl, Queen Creek, AZ",(480) 466-6654,elizabeth.johnson@example.com
1711,James Rodriguez,"1994 E Broadway Trl, Gold Canyon, AZ",(480) 608-2560,james.rodriguez@example.com
1712,David Rodriguez,"8755 E Apache Trl, Gilbert, AZ",(480) 603-5486,david.rodriguez@example.com
1713,Linda Garcia,"1262 E Main Trl, Chandler, AZ",(480) 760-7365,linda.garcia@example.com
1714,Patricia Anderson,"6793 E Southern Trl, Gold Canyon, AZ",(480) 445-1082,patricia.anderson@example.com
1715,John Jackson,"961 E University Trl, Gold Canyon, AZ",(480) 832-4965,john.jackson@example.com
1716,Richard Johnson,"4923 E Apache Trl, San Tan Valley, AZ",(480) 670-2930,richard.johnson@example.com
1717,Robert Anderson,"5937 E Apache Trl, Scottsdale, AZ",(480) 829-3636,robert.anderson@example.com
1718,Charles Lopez,"7802 E Apache Trl, Gold Canyon, AZ",(480) 430-6889,charles.lopez@example.com
1719,Jennifer Davis,"1946 E University Trl, Apache Junction, AZ",(480) 450-1902,jennifer.davis@example.com
1720,Thomas Taylor,"8569 E Southern Trl, Queen Creek, AZ",(480) 906-3706,thomas.taylor@example.com
1721,Charles Moore,"4073 E Apache Trl, Apache Junction, AZ",(480) 753-3305,charles.moore@example.com
1722,Barbara Lopez,"5490 E Broadway Trl, Scottsdale, AZ",(480) 920-7474,barbara.lopez@example.com
1723,Emily Brown,"8970 E University Trl, Mesa, AZ",(480) 375-8556,emily.brown@example.com
1724,Linda Gonzalez,"6800 E University Trl, Chandler, AZ",(480) 601-6468,linda.gonzalez@example.com
1725,Michael Davis,"8523 E Broadway Trl, Queen Creek, AZ",(480) 355-2906,michael.davis@example.com
1726,Lisa Smith,"500 E Apache Trl, Mesa, AZ",(480) 650-4096,lisa.smith@example.com
1727,David Garcia,"1078 E Main Trl, San Tan Valley, AZ",(480) 540-6760,david.garcia@example.com
1728,Emily Garcia,"2450 E Apache Trl, Gilbert, AZ",(480) 360-2130,emily.garcia@example.com
1729,Joseph Smith,"6075 E Broadway Trl, Chandler, AZ",(480) 770-9073,joseph.smith@example.com
1730,Robert Thomas,"9180 E Southern Trl, Apache Junction, AZ",(480) 858-9067,robert.thomas@example.com
1731,Jane Jones,"9361 E Southern Trl, Scottsdale, AZ",(480) 372-8982,jane.jones@example.com
1732,David Taylor,"7127 E Apache Trl, Gilbert, AZ",(480) 532-7643,david.taylor@example.com
1733,Joseph Thomas,"9919 E Broadway Trl, Mesa, AZ",(480) 881-9141,joseph.thomas@example.com
1734,Robert Garcia,"5606 E Broadway Trl, Gold Canyon, AZ",(480) 683-2857,robert.garcia@example.com
1735,David Garcia,"3118 E Southern Trl, Queen Creek, AZ",(480) 708-5449,david.garcia@example.com
1736,Joseph Lopez,"8172 E Southern Trl, Chandler, AZ",(480) 213-1434,joseph.lopez@example.com
1737,Linda Jones,"7756 E Apache Trl, Queen Creek, AZ",(480) 238-8588,linda.jones@example.com
1738,John Jones,"4852 E Southern Trl, Queen Creek, AZ",(480) 968-1403,john.jones@example.com
1739,Barbara Rodriguez,"3904 E Apache Trl, Queen Creek, AZ",(480) 784-8216,barbara.rodriguez@example.com
