InvoiceID,Item,Quantity,UnitPrice,LineTotal
20000,Labor,4,125.0,500.0
20000,Furnace Control Board,1,450.0,450.0
20000,Honeywell T6 Pro Thermostat,1,250.0,250.0
20001,Labor,4,125.0,500.0
20001,Honeywell T6 Pro Thermostat,1,250.0,250.0
20002,Labor,2,125.0,250.0
20002,Honeywell T6 Pro Thermostat,1,250.0,250.0
20003,Labor,4,125.0,500.0
20003,Honeywell T6 Pro Thermostat,1,250.0,250.0
20004,Labor,1,125.0,125.0
20004,Honeywell T6 Pro Thermostat,1,250.0,250.0
20005,Labor,4,125.0,500.0
20005,Furnace Control Board,1,450.0,450.0
20006,Labor,1,125.0,125.0
20006,Honeywell T6 Pro Thermostat,1,250.0,250.0
20007,Labor,1,125.0,125.0
20007,Heat Pump System (Complete),1,6500.0,6500.0
20008,Labor,1,125.0,125.0
20008,Honeywell T6 Pro Thermostat,1,250.0,250.0
20009,Labor,1,125.0,125.0
20009,Honeywell T6 Pro Thermostat,1,250.0,250.0
20010,Labor,3,125.0,375.0
20010,Honeywell T6 Pro Thermostat,1,250.0,250.0
20010,Furnace Control Board,1,450.0,450.0
20011,Labor,4,125.0,500.0
20011,Furnace Control Board,1,450.0,450.0
20012,Labor,3,125.0,375.0
20012,Honeywell T6 Pro Thermostat,1,250.0,250.0
20012,Furnace Control Board,1,450.0,450.0
20013,Labor,4,125.0,500.0
20013,Honeywell T6 Pro Thermostat,1,250.0,250.0
20014,Labor,2,125.0,250.0
20014,Honeywell T6 Pro Thermostat,1,250.0,250.0
20014,Furnace Control Board,1,450.0,450.0
20015,Labor,2,125.0,250.0
20015,Furnace Control Board,1,450.0,450.0
20015,Honeywell T6 Pro Thermostat,1,250.0,250.0
20016,Labor,3,125.0,375.0
20016,Honeywell T6 Pro Thermostat,1,250.0,250.0
20017,Labor,4,125.0,500.0
20017,Heat Pump System (Complete),1,6500.0,6500.0
20018,Labor,4,125.0,500.0
20018,Furnace Control Board,1,450.0,450.0
20018,Honeywell T6 Pro Thermostat,1,250.0,250.0
20019,Labor,1,125.0,125.0
20019,R-410A Refrigerant (lb),1,65.0,65.0
20020,Labor,3,125.0,375.0
20020,Honeywell T6 Pro Thermostat,1,250.0,250.0
20020,Furnace Control Board,1,450.0,450.0
20021,Labor,4,125.0,500.0
20021,Honeywell T6 Pro Thermostat,1,250.0,250.0
20022,Labor,3,125.0,375.0
20022,Honeywell T6 Pro Thermostat,1,250.0,250.0
20023,Labor,2,125.0,250.0
20023,Heat Pump System (Complete),1,6500.0,6500.0
20024,Labor,4,125.0,500.0
20024,Honeywell T6 Pro Thermostat,1,250.0,250.0
20025,Labor,1,125.0,125.0
20025,Filter 20x20x1,1,25.0,25.0
20025,R-410A Refrigerant (lb),1,65.0,65.0
20025,Drain Line Flush Kit,1,45.0,45.0
20026,Labor,2,125.0,250.0
20026,Heat Pump System (Complete),1,6500.0,6500.0
20027,Labor,3,125.0,375.0
20027,Honeywell T6 Pro Thermostat,1,250.0,250.0
20027,Heat Pump System (Complete),1,6500.0,6500.0
20028,Labor,4,125.0,500.0
20028,Drain Line Flush Kit,1,45.0,45.0
20028,Filter 20x20x1,1,25.0,25.0
20029,Labor,1,125.0,125.0
20029,Honeywell T6 Pro Thermostat,1,250.0,250.0
20030,Labor,3,125.0,375.0
20030,Furnace Control Board,1,450.0,450.0
20030,Honeywell T6 Pro Thermostat,1,250.0,250.0
20031,Labor,1,125.0,125.0
20031,Honeywell T6 Pro Thermostat,1,250.0,250.0
20031,Furnace Control Board,1,450.0,450.0
20032,Labor,4,125.0,500.0
20032,R-410A Refrigerant (lb),1,65.0,65.0
20033,Labor,1,125.0,125.0
20033,Furnace Control Board,1,450.0,450.0
20033,Honeywell T6 Pro Thermostat,1,250.0,250.0
20034,Labor,2,125.0,250.0
20034,R-410A Refrigerant (lb),5,65.0,325.0
20035,Labor,4,125.0,500.0
20035,Honeywell T6 Pro Thermostat,1,250.0,250.0
20035,Trane XR14 Condenser (3 Ton),1,3200.0,3200.0
20036,Labor,3,125.0,375.0
20036,R-410A Refrigerant (lb),5,65.0,325.0
20036,Drain Line Flush Kit,1,45.0,45.0
20037,Labor,2,125.0,250.0
20037,Honeywell T6 Pro Thermostat,1,250.0,250.0
20037,Trane XR14 Condenser (3 Ton),1,3200.0,3200.0
20038,Labor,4,125.0,500.0
20038,Drain Line Flush Kit,1,45.0,45.0
20039,Labor,1,125.0,125.0
20039,Drain Line Flush Kit,1,45.0,45.0
20039,R-410A Refrigerant (lb),2,65.0,130.0
20040,Labor,1,125.0,125.0
20040,Trane XR14 Condenser (3 Ton),1,3200.0,3200.0
20040,Honeywell T6 Pro Thermostat,1,250.0,250.0
20041,Labor,3,125.0,375.0
20041,Trane XR14 Condenser (3 Ton),1,3200.0,3200.0
20042,Labor,2,125.0,250.0
20042,Trane XR14 Condenser (3 Ton),1,3200.0,3200.0
20042,Honeywell T6 Pro Thermostat,1,250.0,250.0
20043,Labor,1,125.0,125.0
20043,Honeywell T6 Pro Thermostat,1,250.0,250.0
20044,Labor,2,125.0,250.0
20044,Trane XR14 Condenser (3 Ton),1,3200.0,3200.0
20045,Labor,3,125.0,375.0
20045,Drain Line Flush Kit,1,45.0,45.0
20046,Labor,3,125.0,375.0
20046,Honeywell T6 Pro Thermostat,1,250.0,250.0
20047,Labor,2,125.0,250.0
20047,Filter 20x20x1,1,25.0,25.0
20047,Drain Line Flush Kit,1,45.0,45.0
20047,R-410A Refrigerant (lb),1,65.0,65.0
20048,Labor,2,125.0,250.0
20048,Drain Line Flush Kit,1,45.0,45.0
20048,Filter 20x20x1,1,25.0,25.0
20048,R-410A Refrigerant (lb),1,65.0,65.0
20049,Labor,3,125.0,375.0
20049,Drain Line Flush Kit,1,45.0,45.0
20049,Filter 20x20x1,1,25.0,25.0
20049,R-410A Refrigerant (lb),5,65.0,325.0
20050,Labor,2,125.0,250.0
20050,Drain Line Flush Kit,1,45.0,45.0
20050,R-410A Refrigerant (lb),3,65.0,195.0
20051,Labor,2,125.0,250.0
20051,Honeywell T6 Pro Thermostat,1,250.0,250.0
20051,Trane XR14 Condenser (3 Ton),1,3200.0,3200.0
20052,Labor,3,125.0,375.0
20052,Drain Line Flush Kit,1,45.0,45.0
20052,R-410A Refrigerant (lb),4,65.0,260.0
20052,Filter 20x20x1,1,25.0,25.0
20053,Labor,3,125.0,375.0
20053,Honeywell T6 Pro Thermostat,1,250.0,250.0
20054,Labor,3,125.0,375.0
20054,Filter 20x20x1,1,25.0,25.0
20055,Labor,2,125.0,250.0
20055,Filter 20x20x1,1,25.0,25.0
20055,R-410A Refrigerant (lb),5,65.0,325.0
20056,Labor,2,125.0,250.0
20056,Filter 20x20x1,1,25.0,25.0
20057,Labor,2,125.0,250.0
20057,Trane XR14 Condenser (3 Ton),1,3200.0,3200.0
20058,Labor,2,125.0,250.0
20058,Honeywell T6 Pro Thermostat,1,250.0,250.0
20058,Trane XR14 Condenser (3 Ton),1,3200.0,3200.0
20059,Labor,3,125.0,375.0
20059,Honeywell T6 Pro Thermostat,1,250.0,250.0
20059,Trane XR14 Condenser (3 Ton),1,3200.0,3200.0
20060,Labor,2,125.0,250.0
20060,Trane XR14 Condenser (3 Ton),1,3200.0,3200.0
20060,Honeywell T6 Pro Thermostat,1,250.0,250.0
20061,Labor,4,125.0,500.0
20061,UVC Air Scrubber,1,850.0,850.0
20062,Labor,1,125.0,125.0
20062,R-410A Refrigerant (lb),4,65.0,260.0
20063,Labor,2,125.0,250.0
20063,Filter 20x20x1,1,25.0,25.0
20063,Drain Line Flush Kit,1,45.0,45.0
20063,R-410A Refrigerant (lb),5,65.0,325.0
20064,Labor,3,125.0,375.0
20064,R-410A Refrigerant (lb),1,65.0,65.0
20064,Drain Line Flush Kit,1,45.0,45.0
20064,Filter 20x20x1,1,25.0,25.0
20065,Labor,4,125.0,500.0
20065,Drain Line Flush Kit,1,45.0,45.0
20065,R-410A Refrigerant (lb),2,65.0,130.0
20066,Labor,4,125.0,500.0
20066,Filter 20x20x1,1,25.0,25.0
20066,R-410A Refrigerant (lb),2,65.0,130.0
20067,Labor,2,125.0,250.0
20067,Drain Line Flush Kit,1,45.0,45.0
20067,Filter 20x20x1,1,25.0,25.0
20067,R-410A Refrigerant (lb),4,65.0,260.0
20068,Labor,4,125.0,500.0
20068,Drain Line Flush Kit,1,45.0,45.0
20068,R-410A Refrigerant (lb),5,65.0,325.0
20068,Filter 20x20x1,1,25.0,25.0
20069,Labor,4,125.0,500.0
20069,Filter 20x20x1,1,25.0,25.0
20069,R-410A Refrigerant (lb),4,65.0,260.0
20069,Drain Line Flush Kit,1,45.0,45.0
20070,Labor,1,125.0,125.0
20070,R-410A Refrigerant (lb),2,65.0,130.0
20070,Filter 20x20x1,1,25.0,25.0
20070,Drain Line Flush Kit,1,45.0,45.0
20071,Labor,1,125.0,125.0
20071,R-410A Refrigerant (lb),4,65.0,260.0
20071,Filter 20x20x1,1,25.0,25.0
20072,Labor,1,125.0,125.0
20072,Run Capacitor 35/5,1,145.0,145.0
20072,Fan Motor (Condenser),1,425.0,425.0
20073,Labor,1,125.0,125.0
20073,R-410A Refrigerant (lb),4,65.0,260.0
20073,Drain Line Flush Kit,1,45.0,45.0
20073,Filter 20x20x1,1,25.0,25.0
20074,Labor,2,125.0,250.0
20074,Contactor 1-Pole,1,125.0,125.0
20074,R-410A Refrigerant (lb),3,65.0,195.0
20074,Run Capacitor 35/5,1,145.0,145.0
20075,Labor,2,125.0,250.0
20075,Honeywell T6 Pro Thermostat,1,250.0,250.0
20076,Labor,3,125.0,375.0
20076,Fan Motor (Condenser),1,425.0,425.0
20076,Contactor 1-Pole,1,125.0,125.0
20077,Labor,1,125.0,125.0
20077,Filter 20x20x1,1,25.0,25.0
20077,Drain Line Flush Kit,1,45.0,45.0
20077,R-410A Refrigerant (lb),5,65.0,325.0
20078,Labor,2,125.0,250.0
20078,Trane XR14 Condenser (3 Ton),1,3200.0,3200.0
20079,Labor,2,125.0,250.0
20079,Fan Motor (Condenser),1,425.0,425.0
20079,Run Capacitor 35/5,1,145.0,145.0
20079,R-410A Refrigerant (lb),1,65.0,65.0
20080,Labor,3,125.0,375.0
20080,Run Capacitor 35/5,1,145.0,145.0
20080,Fan Motor (Condenser),1,425.0,425.0
20080,R-410A Refrigerant (lb),1,65.0,65.0
20081,Labor,2,125.0,250.0
20081,R-410A Refrigerant (lb),4,65.0,260.0
20082,Labor,2,125.0,250.0
20082,R-410A Refrigerant (lb),4,65.0,260.0
20083,Labor,2,125.0,250.0
20083,R-410A Refrigerant (lb),5,65.0,325.0
20083,Contactor 1-Pole,1,125.0,125.0
20084,Labor,3,125.0,375.0
20084,Run Capacitor 35/5,1,145.0,145.0
20084,Fan Motor (Condenser),1,425.0,425.0
20084,R-410A Refrigerant (lb),4,65.0,260.0
20085,Labor,3,125.0,375.0
20085,Run Capacitor 35/5,1,145.0,145.0
20085,Fan Motor (Condenser),1,425.0,425.0
20085,Contactor 1-Pole,1,125.0,125.0
20086,Labor,1,125.0,125.0
20086,R-410A Refrigerant (lb),4,65.0,260.0
20087,Labor,1,125.0,125.0
20087,Fan Motor (Condenser),1,425.0,425.0
20087,Contactor 1-Pole,1,125.0,125.0
20087,R-410A Refrigerant (lb),2,65.0,130.0
20088,Labor,2,125.0,250.0
20088,Honeywell T6 Pro Thermostat,1,250.0,250.0
20088,Trane XR14 Condenser (3 Ton),1,3200.0,3200.0
20089,Labor,2,125.0,250.0
20089,Filter 20x20x1,1,25.0,25.0
20089,Drain Line Flush Kit,1,45.0,45.0
20090,Labor,2,125.0,250.0
20090,Honeywell T6 Pro Thermostat,1,250.0,250.0
20090,Trane XR14 Condenser (3 Ton),1,3200.0,3200.0
20091,Labor,4,125.0,500.0
20091,R-410A Refrigerant (lb),1,65.0,65.0
20091,Drain Line Flush Kit,1,45.0,45.0
20092,Labor,4,125.0,500.0
20092,Trane XR14 Condenser (3 Ton),1,3200.0,3200.0
20093,Labor,3,125.0,375.0
20093,R-410A Refrigerant (lb),1,65.0,65.0
20093,Run Capacitor 35/5,1,145.0,145.0
20094,Labor,1,125.0,125.0
20094,Run Capacitor 35/5,1,145.0,145.0
20094,Fan Motor (Condenser),1,425.0,425.0
20094,Contactor 1-Pole,1,125.0,125.0
20095,Labor,1,125.0,125.0
20095,Fan Motor (Condenser),1,425.0,425.0
20095,Contactor 1-Pole,1,125.0,125.0
20096,Labor,2,125.0,250.0
20096,Drain Line Flush Kit,1,45.0,45.0
20097,Labor,3,125.0,375.0
20097,Fan Motor (Condenser),1,425.0,425.0
20097,R-410A Refrigerant (lb),3,65.0,195.0
20098,Labor,2,125.0,250.0
20098,Honeywell T6 Pro Thermostat,1,250.0,250.0
20099,Labor,4,125.0,500.0
20099,Honeywell T6 Pro Thermostat,1,250.0,250.0
20099,Trane XR14 Condenser (3 Ton),1,3200.0,3200.0
20100,Labor,4,125.0,500.0
20100,Contactor 1-Pole,1,125.0,125.0
20100,R-410A Refrigerant (lb),3,65.0,195.0
20101,Labor,1,125.0,125.0
20101,Contactor 1-Pole,1,125.0,125.0
20101,Run Capacitor 35/5,1,145.0,145.0
20101,R-410A Refrigerant (lb),2,65.0,130.0
20102,Labor,3,125.0,375.0
20102,Fan Motor (Condenser),1,425.0,425.0
20103,Labor,2,125.0,250.0
20103,Contactor 1-Pole,1,125.0,125.0
20103,Fan Motor (Condenser),1,425.0,425.0
20103,Run Capacitor 35/5,1,145.0,145.0
20104,Labor,1,125.0,125.0
20104,Contactor 1-Pole,1,125.0,125.0
20105,Labor,1,125.0,125.0
20105,Run Capacitor 35/5,1,145.0,145.0
20105,R-410A Refrigerant (lb),1,65.0,65.0
20106,Labor,3,125.0,375.0
20106,Run Capacitor 35/5,1,145.0,145.0
20106,R-410A Refrigerant (lb),3,65.0,195.0
20107,Labor,2,125.0,250.0
20107,Contactor 1-Pole,1,125.0,125.0
20107,Fan Motor (Condenser),1,425.0,425.0
20108,Labor,2,125.0,250.0
20108,Honeywell T6 Pro Thermostat,1,250.0,250.0
20109,Labor,2,125.0,250.0
20109,Contactor 1-Pole,1,125.0,125.0
20110,Labor,3,125.0,375.0
20110,Run Capacitor 35/5,1,145.0,145.0
20111,Labor,1,125.0,125.0
20111,Contactor 1-Pole,1,125.0,125.0
20111,R-410A Refrigerant (lb),3,65.0,195.0
20111,Fan Motor (Condenser),1,425.0,425.0
20112,Labor,4,125.0,500.0
20112,Run Capacitor 35/5,1,145.0,145.0
20113,Labor,2,125.0,250.0
20113,R-410A Refrigerant (lb),5,65.0,325.0
20113,Drain Line Flush Kit,1,45.0,45.0
20113,Filter 20x20x1,1,25.0,25.0
20114,Labor,1,125.0,125.0
20114,Trane XR14 Condenser (3 Ton),1,3200.0,3200.0
20115,Labor,1,125.0,125.0
20115,Fan Motor (Condenser),1,425.0,425.0
20115,Run Capacitor 35/5,1,145.0,145.0
20115,R-410A Refrigerant (lb),4,65.0,260.0
20116,Labor,4,125.0,500.0
20116,Fan Motor (Condenser),1,425.0,425.0
20116,Run Capacitor 35/5,1,145.0,145.0
20117,Labor,2,125.0,250.0
20117,Run Capacitor 35/5,1,145.0,145.0
20117,Contactor 1-Pole,1,125.0,125.0
20118,Labor,1,125.0,125.0
20118,Contactor 1-Pole,1,125.0,125.0
20119,Labor,4,125.0,500.0
20119,Contactor 1-Pole,1,125.0,125.0
20119,R-410A Refrigerant (lb),2,65.0,130.0
20120,Labor,1,125.0,125.0
20120,Honeywell T6 Pro Thermostat,1,250.0,250.0
20120,Trane XR14 Condenser (3 Ton),1,3200.0,3200.0
20121,Labor,2,125.0,250.0
20121,R-410A Refrigerant (lb),4,65.0,260.0
20122,Labor,1,125.0,125.0
20122,Filter 20x20x1,1,25.0,25.0
20123,Labor,4,125.0,500.0
20123,Contactor 1-Pole,1,125.0,125.0
20124,Labor,3,125.0,375.0
20124,Contactor 1-Pole,1,125.0,125.0
20125,Labor,3,125.0,375.0
20125,R-410A Refrigerant (lb),1,65.0,65.0
20125,Fan Motor (Condenser),1,425.0,425.0
20126,Labor,1,125.0,125.0
20126,R-410A Refrigerant (lb),2,65.0,130.0
20127,Labor,4,125.0,500.0
20127,R-410A Refrigerant (lb),3,65.0,195.0
20127,Run Capacitor 35/5,1,145.0,145.0
20127,Contactor 1-Pole,1,125.0,125.0
20128,Labor,2,125.0,250.0
20128,R-410A Refrigerant (lb),5,65.0,325.0
20128,Filter 20x20x1,1,25.0,25.0
20129,Labor,2,125.0,250.0
20129,Fan Motor (Condenser),1,425.0,425.0
20129,Contactor 1-Pole,1,125.0,125.0
20129,Run Capacitor 35/5,1,145.0,145.0
20130,Labor,3,125.0,375.0
20130,R-410A Refrigerant (lb),2,65.0,130.0
20130,Run Capacitor 35/5,1,145.0,145.0
20131,Labor,1,125.0,125.0
20131,R-410A Refrigerant (lb),1,65.0,65.0
20132,Labor,1,125.0,125.0
20132,Fan Motor (Condenser),1,425.0,425.0
20132,R-410A Refrigerant (lb),4,65.0,260.0
20133,Labor,2,125.0,250.0
20133,Run Capacitor 35/5,1,145.0,145.0
20133,Contactor 1-Pole,1,125.0,125.0
20134,Labor,4,125.0,500.0
20134,R-410A Refrigerant (lb),2,65.0,130.0
20134,Drain Line Flush Kit,1,45.0,45.0
20134,Filter 20x20x1,1,25.0,25.0
20135,Labor,2,125.0,250.0
20135,Fan Motor (Condenser),1,425.0,425.0
20136,Labor,2,125.0,250.0
20136,Trane XR14 Condenser (3 Ton),1,3200.0,3200.0
20137,Labor,3,125.0,375.0
20137,Filter 20x20x1,1,25.0,25.0
20137,R-410A Refrigerant (lb),1,65.0,65.0
20138,Labor,4,125.0,500.0
20138,R-410A Refrigerant (lb),2,65.0,130.0
20138,Fan Motor (Condenser),1,425.0,425.0
20139,Labor,4,125.0,500.0
20139,Run Capacitor 35/5,1,145.0,145.0
20140,Labor,3,125.0,375.0
20140,Run Capacitor 35/5,1,145.0,145.0
20140,Fan Motor (Condenser),1,425.0,425.0
20140,R-410A Refrigerant (lb),1,65.0,65.0
20141,Labor,4,125.0,500.0
20141,Fan Motor (Condenser),1,425.0,425.0
20141,Contactor 1-Pole,1,125.0,125.0
20142,Labor,4,125.0,500.0
20142,Contactor 1-Pole,1,125.0,125.0
20143,Labor,4,125.0,500.0
20143,Run Capacitor 35/5,1,145.0,145.0
20143,Contactor 1-Pole,1,125.0,125.0
20143,R-410A Refrigerant (lb),1,65.0,65.0
20144,Labor,3,125.0,375.0
20144,Filter 20x20x1,1,25.0,25.0
20144,Drain Line Flush Kit,1,45.0,45.0
20145,Labor,1,125.0,125.0
20145,R-410A Refrigerant (lb),1,65.0,65.0
20145,Run Capacitor 35/5,1,145.0,145.0
20145,Contactor 1-Pole,1,125.0,125.0
20146,Labor,3,125.0,375.0
20146,Fan Motor (Condenser),1,425.0,425.0
20146,R-410A Refrigerant (lb),3,65.0,195.0
20146,Contactor 1-Pole,1,125.0,125.0
20147,Labor,3,125.0,375.0
20147,R-410A Refrigerant (lb),5,65.0,325.0
20148,Labor,2,125.0,250.0
20148,Drain Line Flush Kit,1,45.0,45.0
20148,Filter 20x20x1,1,25.0,25.0
20149,Labor,2,125.0,250.0
20149,Fan Motor (Condenser),1,425.0,425.0
20149,Run Capacitor 35/5,1,145.0,145.0
20149,R-410A Refrigerant (lb),4,65.0,260.0
20150,Labor,2,125.0,250.0
20150,R-410A Refrigerant (lb),5,65.0,325.0
20150,Run Capacitor 35/5,1,145.0,145.0
20150,Fan Motor (Condenser),1,425.0,425.0
20151,Labor,2,125.0,250.0
20151,R-410A Refrigerant (lb),3,65.0,195.0
20151,Drain Line Flush Kit,1,45.0,45.0
20152,Labor,2,125.0,250.0
20152,R-410A Refrigerant (lb),5,65.0,325.0
20152,Drain Line Flush Kit,1,45.0,45.0
20153,Labor,3,125.0,375.0
20153,R-410A Refrigerant (lb),3,65.0,195.0
20153,Fan Motor (Condenser),1,425.0,425.0
20154,Labor,3,125.0,375.0
20154,Contactor 1-Pole,1,125.0,125.0
20154,R-410A Refrigerant (lb),1,65.0,65.0
20155,Labor,3,125.0,375.0
20155,Fan Motor (Condenser),1,425.0,425.0
20155,Run Capacitor 35/5,1,145.0,145.0
20155,Contactor 1-Pole,1,125.0,125.0
20156,Labor,2,125.0,250.0
20156,Contactor 1-Pole,1,125.0,125.0
20156,R-410A Refrigerant (lb),5,65.0,325.0
20157,Labor,1,125.0,125.0
20157,R-410A Refrigerant (lb),5,65.0,325.0
20157,Run Capacitor 35/5,1,145.0,145.0
20157,Fan Motor (Condenser),1,425.0,425.0
20158,Labor,3,125.0,375.0
20158,Drain Line Flush Kit,1,45.0,45.0
20159,Labor,1,125.0,125.0
20159,Filter 20x20x1,1,25.0,25.0
20160,Labor,2,125.0,250.0
20160,Run Capacitor 35/5,1,145.0,145.0
20160,Contactor 1-Pole,1,125.0,125.0
20161,Labor,1,125.0,125.0
20161,Contactor 1-Pole,1,125.0,125.0
20162,Labor,4,125.0,500.0
20162,Fan Motor (Condenser),1,425.0,425.0
20162,Run Capacitor 35/5,1,145.0,145.0
20162,R-410A Refrigerant (lb),3,65.0,195.0
20163,Labor,2,125.0,250.0
20163,Contactor 1-Pole,1,125.0,125.0
20163,Fan Motor (Condenser),1,425.0,425.0
20164,Labor,3,125.0,375.0
20164,Drain Line Flush Kit,1,45.0,45.0
20164,R-410A Refrigerant (lb),4,65.0,260.0
20164,Filter 20x20x1,1,25.0,25.0
20165,Labor,4,125.0,500.0
20165,R-410A Refrigerant (lb),4,65.0,260.0
20165,Drain Line Flush Kit,1,45.0,45.0
20166,Labor,1,125.0,125.0
20166,R-410A Refrigerant (lb),4,65.0,260.0
20166,Filter 20x20x1,1,25.0,25.0
20167,Labor,4,125.0,500.0
20167,Contactor 1-Pole,1,125.0,125.0
20167,Fan Motor (Condenser),1,425.0,425.0
20168,Labor,4,125.0,500.0
20168,Fan Motor (Condenser),1,425.0,425.0
20168,Contactor 1-Pole,1,125.0,125.0
20168,R-410A Refrigerant (lb),4,65.0,260.0
20169,Labor,1,125.0,125.0
20169,Contactor 1-Pole,1,125.0,125.0
20169,Fan Motor (Condenser),1,425.0,425.0
20169,Run Capacitor 35/5,1,145.0,145.0
20170,Labor,3,125.0,375.0
20170,R-410A Refrigerant (lb),3,65.0,195.0
20170,Contactor 1-Pole,1,125.0,125.0
20170,Run Capacitor 35/5,1,145.0,145.0
20171,Labor,1,125.0,125.0
20171,R-410A Refrigerant (lb),3,65.0,195.0
20171,Run Capacitor 35/5,1,145.0,145.0
20171,Fan Motor (Condenser),1,425.0,425.0
20172,Labor,3,125.0,375.0
20172,Run Capacitor 35/5,1,145.0,145.0
20172,Fan Motor (Condenser),1,425.0,425.0
20173,Labor,2,125.0,250.0
20173,R-410A Refrigerant (lb),4,65.0,260.0
20174,Labor,4,125.0,500.0
20174,Trane XR14 Condenser (3 Ton),1,3200.0,3200.0
20175,Labor,4,125.0,500.0
20175,R-410A Refrigerant (lb),5,65.0,325.0
20175,Filter 20x20x1,1,25.0,25.0
20176,Labor,1,125.0,125.0
20176,R-410A Refrigerant (lb),5,65.0,325.0
20176,Fan Motor (Condenser),1,425.0,425.0
20177,Labor,3,125.0,375.0
20177,Filter 20x20x1,1,25.0,25.0
20177,R-410A Refrigerant (lb),2,65.0,130.0
20178,Labor,4,125.0,500.0
20178,Drain Line Flush Kit,1,45.0,45.0
20178,R-410A Refrigerant (lb),3,65.0,195.0
20178,Filter 20x20x1,1,25.0,25.0
20179,Labor,4,125.0,500.0
20179,Fan Motor (Condenser),1,425.0,425.0
20179,Run Capacitor 35/5,1,145.0,145.0
20179,R-410A Refrigerant (lb),4,65.0,260.0
20180,Labor,1,125.0,125.0
20180,Filter 20x20x1,1,25.0,25.0
20180,R-410A Refrigerant (lb),4,65.0,260.0
20180,Drain Line Flush Kit,1,45.0,45.0
20181,Labor,1,125.0,125.0
20181,Contactor 1-Pole,1,125.0,125.0
20181,Run Capacitor 35/5,1,145.0,145.0
20182,Labor,1,125.0,125.0
20182,R-410A Refrigerant (lb),3,65.0,195.0
20182,Drain Line Flush Kit,1,45.0,45.0
20182,Filter 20x20x1,1,25.0,25.0
20183,Labor,4,125.0,500.0
20183,Drain Line Flush Kit,1,45.0,45.0
20183,R-410A Refrigerant (lb),4,65.0,260.0
20183,Filter 20x20x1,1,25.0,25.0
20184,Labor,1,125.0,125.0
20184,Contactor 1-Pole,1,125.0,125.0
20184,R-410A Refrigerant (lb),5,65.0,325.0
20184,Fan Motor (Condenser),1,425.0,425.0
20185,Labor,1,125.0,125.0
20185,Drain Line Flush Kit,1,45.0,45.0
20186,Labor,4,125.0,500.0
20186,Run Capacitor 35/5,1,145.0,145.0
20187,Labor,4,125.0,500.0
20187,Trane XR14 Condenser (3 Ton),1,3200.0,3200.0
20187,Honeywell T6 Pro Thermostat,1,250.0,250.0
20188,Labor,3,125.0,375.0
20188,Drain Line Flush Kit,1,45.0,45.0
20188,R-410A Refrigerant (lb),5,65.0,325.0
20188,Filter 20x20x1,1,25.0,25.0
20189,Labor,2,125.0,250.0
20189,R-410A Refrigerant (lb),2,65.0,130.0
20189,Fan Motor (Condenser),1,425.0,425.0
20189,Contactor 1-Pole,1,125.0,125.0
20190,Labor,1,125.0,125.0
20190,Contactor 1-Pole,1,125.0,125.0
20191,Labor,2,125.0,250.0
20191,Run Capacitor 35/5,1,145.0,145.0
20191,Contactor 1-Pole,1,125.0,125.0
20191,R-410A Refrigerant (lb),3,65.0,195.0
20192,Labor,4,125.0,500.0
20192,Drain Line Flush Kit,1,45.0,45.0
20193,Labor,2,125.0,250.0
20193,R-410A Refrigerant (lb),2,65.0,130.0
20194,Labor,3,125.0,375.0
20194,Trane XR14 Condenser (3 Ton),1,3200.0,3200.0
20195,Labor,2,125.0,250.0
20195,Run Capacitor 35/5,1,145.0,145.0
20195,Fan Motor (Condenser),1,425.0,425.0
20195,R-410A Refrigerant (lb),5,65.0,325.0
20196,Labor,2,125.0,250.0
20196,Drain Line Flush Kit,1,45.0,45.0
20196,Filter 20x20x1,1,25.0,25.0
20196,R-410A Refrigerant (lb),3,65.0,195.0
20197,Labor,4,125.0,500.0
20197,Run Capacitor 35/5,1,145.0,145.0
20198,Labor,1,125.0,125.0
20198,R-410A Refrigerant (lb),3,65.0,195.0
20199,Labor,4,125.0,500.0
20199,Trane XR14 Condenser (3 Ton),1,3200.0,3200.0
20199,Honeywell T6 Pro Thermostat,1,250.0,250.0
20200,Labor,4,125.0,500.0
20200,R-410A Refrigerant (lb),2,65.0,130.0
20201,Labor,1,125.0,125.0
20201,Trane XR14 Condenser (3 Ton),1,3200.0,3200.0
20201,Honeywell T6 Pro Thermostat,1,250.0,250.0
20202,Labor,4,125.0,500.0
20202,R-410A Refrigerant (lb),1,65.0,65.0
20202,Drain Line Flush Kit,1,45.0,45.0
20202,Filter 20x20x1,1,25.0,25.0
20203,Labor,1,125.0,125.0
20203,Trane XR14 Condenser (3 Ton),1,3200.0,3200.0
20203,Honeywell T6 Pro Thermostat,1,250.0,250.0
20204,Labor,1,125.0,125.0
20204,Fan Motor (Condenser),1,425.0,425.0
20205,Labor,1,125.0,125.0
20205,Run Capacitor 35/5,1,145.0,145.0
20206,Labor,2,125.0,250.0
20206,Drain Line Flush Kit,1,45.0,45.0
20206,R-410A Refrigerant (lb),3,65.0,195.0
20207,Labor,4,125.0,500.0
20207,Fan Motor (Condenser),1,425.0,425.0
20207,Run Capacitor 35/5,1,145.0,145.0
20207,R-410A Refrigerant (lb),2,65.0,130.0
20208,Labor,4,125.0,500.0
20208,Drain Line Flush Kit,1,45.0,45.0
20208,Filter 20x20x1,1,25.0,25.0
20208,R-410A Refrigerant (lb),2,65.0,130.0
20209,Labor,1,125.0,125.0
20209,R-410A Refrigerant (lb),4,65.0,260.0
20209,Fan Motor (Condenser),1,425.0,425.0
20210,Labor,1,125.0,125.0
20210,Honeywell T6 Pro Thermostat,1,250.0,250.0
20210,Trane XR14 Condenser (3 Ton),1,3200.0,3200.0
20211,Labor,2,125.0,250.0
20211,Drain Line Flush Kit,1,45.0,45.0
20211,Filter 20x20x1,1,25.0,25.0
20211,R-410A Refrigerant (lb),4,65.0,260.0
20212,Labor,1,125.0,125.0
20212,Filter 20x20x1,1,25.0,25.0
20213,Labor,3,125.0,375.0
20213,Run Capacitor 35/5,1,145.0,145.0
20213,Contactor 1-Pole,1,125.0,125.0
20213,R-410A Refrigerant (lb),5,65.0,325.0
20214,Labor,3,125.0,375.0
20214,Drain Line Flush Kit,1,45.0,45.0
20214,R-410A Refrigerant (lb),2,65.0,130.0
20214,Filter 20x20x1,1,25.0,25.0
20215,Labor,1,125.0,125.0
20215,R-410A Refrigerant (lb),5,65.0,325.0
20215,Drain Line Flush Kit,1,45.0,45.0
20216,Labor,3,125.0,375.0
20216,Contactor 1-Pole,1,125.0,125.0
20217,Labor,3,125.0,375.0
20217,Trane XR14 Condenser (3 Ton),1,3200.0,3200.0
20217,Honeywell T6 Pro Thermostat,1,250.0,250.0
20218,Labor,1,125.0,125.0
20218,Run Capacitor 35/5,1,145.0,145.0
20218,Contactor 1-Pole,1,125.0,125.0
20218,Fan Motor (Condenser),1,425.0,425.0
20219,Labor,3,125.0,375.0
20219,Drain Line Flush Kit,1,45.0,45.0
20220,Labor,2,125.0,250.0
20220,R-410A Refrigerant (lb),1,65.0,65.0
20221,Labor,2,125.0,250.0
20221,R-410A Refrigerant (lb),3,65.0,195.0
20221,Fan Motor (Condenser),1,425.0,425.0
20221,Contactor 1-Pole,1,125.0,125.0
20222,Labor,3,125.0,375.0
20222,Drain Line Flush Kit,1,45.0,45.0
20222,R-410A Refrigerant (lb),1,65.0,65.0
20223,Labor,4,125.0,500.0
20223,Fan Motor (Condenser),1,425.0,425.0
20223,Contactor 1-Pole,1,125.0,125.0
20223,R-410A Refrigerant (lb),5,65.0,325.0
20224,Labor,4,125.0,500.0
20224,Honeywell T6 Pro Thermostat,1,250.0,250.0
20225,Labor,3,125.0,375.0
20225,Fan Motor (Condenser),1,425.0,425.0
20226,Labor,4,125.0,500.0
20226,Fan Motor (Condenser),1,425.0,425.0
20226,R-410A Refrigerant (lb),3,65.0,195.0
20226,Run Capacitor 35/5,1,145.0,145.0
20227,Labor,4,125.0,500.0
20227,Contactor 1-Pole,1,125.0,125.0
20227,Fan Motor (Condenser),1,425.0,425.0
20228,Labor,2,125.0,250.0
20228,Contactor 1-Pole,1,125.0,125.0
20228,Fan Motor (Condenser),1,425.0,425.0
20229,Labor,3,125.0,375.0
20229,Drain Line Flush Kit,1,45.0,45.0
20230,Labor,2,125.0,250.0
20230,Run Capacitor 35/5,1,145.0,145.0
20231,Labor,2,125.0,250.0
20231,Filter 20x20x1,1,25.0,25.0
20232,Labor,1,125.0,125.0
20232,Drain Line Flush Kit,1,45.0,45.0
20233,Labor,3,125.0,375.0
20233,R-410A Refrigerant (lb),1,65.0,65.0
20234,Labor,4,125.0,500.0
20234,Contactor 1-Pole,1,125.0,125.0
20235,Labor,2,125.0,250.0
20235,Contactor 1-Pole,1,125.0,125.0
20235,R-410A Refrigerant (lb),4,65.0,260.0
20235,Run Capacitor 35/5,1,145.0,145.0
20236,Labor,2,125.0,250.0
20236,Drain Line Flush Kit,1,45.0,45.0
20236,Filter 20x20x1,1,25.0,25.0
20237,Labor,4,125.0,500.0
20237,Fan Motor (Condenser),1,425.0,425.0
20238,Labor,1,125.0,125.0
20238,R-410A Refrigerant (lb),4,65.0,260.0
20238,Fan Motor (Condenser),1,425.0,425.0
20238,Contactor 1-Pole,1,125.0,125.0
20239,Labor,3,125.0,375.0
20239,Filter 20x20x1,1,25.0,25.0
20239,R-410A Refrigerant (lb),3,65.0,195.0
20240,Labor,4,125.0,500.0
20240,Trane XR14 Condenser (3 Ton),1,3200.0,3200.0
20241,Labor,1,125.0,125.0
20241,Run Capacitor 35/5,1,145.0,145.0
20241,Fan Motor (Condenser),1,425.0,425.0
20241,R-410A Refrigerant (lb),4,65.0,260.0
20242,Labor,4,125.0,500.0
20242,R-410A Refrigerant (lb),2,65.0,130.0
20242,Contactor 1-Pole,1,125.0,125.0
20243,Labor,4,125.0,500.0
20243,Run Capacitor 35/5,1,145.0,145.0
20243,Fan Motor (Condenser),1,425.0,425.0
20243,Contactor 1-Pole,1,125.0,125.0
20244,Labor,2,125.0,250.0
20244,Filter 20x20x1,1,25.0,25.0
20244,Drain Line Flush Kit,1,45.0,45.0
20245,Labor,2,125.0,250.0
20245,Contactor 1-Pole,1,125.0,125.0
20245,R-410A Refrigerant (lb),2,65.0,130.0
20245,Run Capacitor 35/5,1,145.0,145.0
20246,Labor,4,125.0,500.0
20246,Run Capacitor 35/5,1,145.0,145.0
20246,Contactor 1-Pole,1,125.0,125.0
20247,Labor,2,125.0,250.0
20247,Contactor 1-Pole,1,125.0,125.0
20248,Labor,3,125.0,375.0
20248,Drain Line Flush Kit,1,45.0,45.0
20248,R-410A Refrigerant (lb),1,65.0,65.0
20249,Labor,3,125.0,375.0
20249,Contactor 1-Pole,1,125.0,125.0
20249,Run Capacitor 35/5,1,145.0,145.0
20250,Labor,4,125.0,500.0
20250,Fan Motor (Condenser),1,425.0,425.0
20250,Run Capacitor 35/5,1,145.0,145.0
20250,Contactor 1-Pole,1,125.0,125.0
20251,Labor,4,125.0,500.0
20251,Filter 20x20x1,1,25.0,25.0
20251,Drain Line Flush Kit,1,45.0,45.0
20251,R-410A Refrigerant (lb),4,65.0,260.0
20252,Labor,2,125.0,250.0
20252,R-410A Refrigerant (lb),3,65.0,195.0
20253,Labor,4,125.0,500.0
20253,Run Capacitor 35/5,1,145.0,145.0
20254,Labor,1,125.0,125.0
20254,Filter 20x20x1,1,25.0,25.0
20254,R-410A Refrigerant (lb),2,65.0,130.0
20255,Labor,4,125.0,500.0
20255,Fan Motor (Condenser),1,425.0,425.0
20255,Run Capacitor 35/5,1,145.0,145.0
20256,Labor,4,125.0,500.0
20256,R-410A Refrigerant (lb),4,65.0,260.0
20256,Run Capacitor 35/5,1,145.0,145.0
20257,Labor,4,125.0,500.0
20257,Fan Motor (Condenser),1,425.0,425.0
20257,Contactor 1-Pole,1,125.0,125.0
20258,Labor,4,125.0,500.0
20258,Fan Motor (Condenser),1,425.0,425.0
20259,Labor,1,125.0,125.0
20259,Contactor 1-Pole,1,125.0,125.0
20259,R-410A Refrigerant (lb),2,65.0,130.0
20259,Run Capacitor 35/5,1,145.0,145.0
20260,Labor,2,125.0,250.0
20260,Contactor 1-Pole,1,125.0,125.0
20260,Fan Motor (Condenser),1,425.0,425.0
20260,R-410A Refrigerant (lb),2,65.0,130.0
20261,Labor,4,125.0,500.0
20261,Contactor 1-Pole,1,125.0,125.0
20261,R-410A Refrigerant (lb),1,65.0,65.0
20262,Labor,3,125.0,375.0
20262,R-410A Refrigerant (lb),2,65.0,130.0
20262,Drain Line Flush Kit,1,45.0,45.0
20262,Filter 20x20x1,1,25.0,25.0
20263,Labor,2,125.0,250.0
20263,Fan Motor (Condenser),1,425.0,425.0
20263,Run Capacitor 35/5,1,145.0,145.0
20263,R-410A Refrigerant (lb),4,65.0,260.0
20264,Labor,1,125.0,125.0
20264,R-410A Refrigerant (lb),1,65.0,65.0
20264,Contactor 1-Pole,1,125.0,125.0
20265,Labor,4,125.0,500.0
20265,Contactor 1-Pole,1,125.0,125.0
20265,Run Capacitor 35/5,1,145.0,145.0
20265,R-410A Refrigerant (lb),5,65.0,325.0
20266,Labor,2,125.0,250.0
20266,Run Capacitor 35/5,1,145.0,145.0
20267,Labor,2,125.0,250.0
20267,Filter 20x20x1,1,25.0,25.0
20268,Labor,2,125.0,250.0
20268,Contactor 1-Pole,1,125.0,125.0
20268,Run Capacitor 35/5,1,145.0,145.0
20269,Labor,4,125.0,500.0
20269,Fan Motor (Condenser),1,425.0,425.0
20269,Contactor 1-Pole,1,125.0,125.0
20270,Labor,2,125.0,250.0
20270,R-410A Refrigerant (lb),2,65.0,130.0
20270,Contactor 1-Pole,1,125.0,125.0
20270,Fan Motor (Condenser),1,425.0,425.0
20271,Labor,3,125.0,375.0
20271,Run Capacitor 35/5,1,145.0,145.0
20271,Contactor 1-Pole,1,125.0,125.0
20272,Labor,4,125.0,500.0
20272,Run Capacitor 35/5,1,145.0,145.0
20273,Labor,2,125.0,250.0
20273,R-410A Refrigerant (lb),3,65.0,195.0
20273,Fan Motor (Condenser),1,425.0,425.0
20273,Contactor 1-Pole,1,125.0,125.0
20274,Labor,3,125.0,375.0
20274,Drain Line Flush Kit,1,45.0,45.0
20274,R-410A Refrigerant (lb),4,65.0,260.0
20274,Filter 20x20x1,1,25.0,25.0
20275,Labor,3,125.0,375.0
20275,Drain Line Flush Kit,1,45.0,45.0
20276,Labor,3,125.0,375.0
20276,Fan Motor (Condenser),1,425.0,425.0
20276,R-410A Refrigerant (lb),4,65.0,260.0
20276,Run Capacitor 35/5,1,145.0,145.0
20277,Labor,1,125.0,125.0
20277,Honeywell T6 Pro Thermostat,1,250.0,250.0
20278,Labor,4,125.0,500.0
20278,Drain Line Flush Kit,1,45.0,45.0
20278,R-410A Refrigerant (lb),3,65.0,195.0
20279,Labor,2,125.0,250.0
20279,Contactor 1-Pole,1,125.0,125.0
20280,Labor,1,125.0,125.0
20280,Filter 20x20x1,1,25.0,25.0
20281,Labor,2,125.0,250.0
20281,Drain Line Flush Kit,1,45.0,45.0
20281,R-410A Refrigerant (lb),4,65.0,260.0
20282,Labor,4,125.0,500.0
20282,R-410A Refrigerant (lb),2,65.0,130.0
20282,Run Capacitor 35/5,1,145.0,145.0
20283,Labor,1,125.0,125.0
20283,Run Capacitor 35/5,1,145.0,145.0
20283,R-410A Refrigerant (lb),5,65.0,325.0
20284,Labor,1,125.0,125.0
20284,R-410A Refrigerant (lb),5,65.0,325.0
20285,Labor,1,125.0,125.0
20285,R-410A Refrigerant (lb),3,65.0,195.0
20285,Filter 20x20x1,1,25.0,25.0
20286,Labor,3,125.0,375.0
20286,Fan Motor (Condenser),1,425.0,425.0
20286,Contactor 1-Pole,1,125.0,125.0
20287,Labor,1,125.0,125.0
20287,R-410A Refrigerant (lb),3,65.0,195.0
20288,Labor,1,125.0,125.0
20288,Honeywell T6 Pro Thermostat,1,250.0,250.0
20289,Labor,3,125.0,375.0
20289,Filter 20x20x1,1,25.0,25.0
20289,R-410A Refrigerant (lb),3,65.0,195.0
20289,Drain Line Flush Kit,1,45.0,45.0
20290,Labor,4,125.0,500.0
20290,Honeywell T6 Pro Thermostat,1,250.0,250.0
20291,Labor,1,125.0,125.0
20291,Run Capacitor 35/5,1,145.0,145.0
20291,Fan Motor (Condenser),1,425.0,425.0
20292,Labor,1,125.0,125.0
20292,Run Capacitor 35/5,1,145.0,145.0
20292,R-410A Refrigerant (lb),5,65.0,325.0
20292,Fan Motor (Condenser),1,425.0,425.0
20293,Labor,3,125.0,375.0
20293,Filter 20x20x1,1,25.0,25.0
20293,Drain Line Flush Kit,1,45.0,45.0
20293,R-410A Refrigerant (lb),3,65.0,195.0
20294,Labor,4,125.0,500.0
20294,Fan Motor (Condenser),1,425.0,425.0
20295,Labor,2,125.0,250.0
20295,Fan Motor (Condenser),1,425.0,425.0
20296,Labor,3,125.0,375.0
20296,Fan Motor (Condenser),1,425.0,425.0
20296,Run Capacitor 35/5,1,145.0,145.0
20296,R-410A Refrigerant (lb),5,65.0,325.0
20297,Labor,3,125.0,375.0
20297,Honeywell T6 Pro Thermostat,1,250.0,250.0
20297,Trane XR14 Condenser (3 Ton),1,3200.0,3200.0
20298,Labor,3,125.0,375.0
20298,Drain Line Flush Kit,1,45.0,45.0
20299,Labor,1,125.0,125.0
20299,R-410A Refrigerant (lb),4,65.0,260.0
20300,Labor,4,125.0,500.0
20300,R-410A Refrigerant (lb),3,65.0,195.0
20300,Run Capacitor 35/5,1,145.0,145.0
20301,Labor,2,125.0,250.0
20301,Drain Line Flush Kit,1,45.0,45.0
20301,Filter 20x20x1,1,25.0,25.0
20302,Labor,4,125.0,500.0
20302,Filter 20x20x1,1,25.0,25.0
20302,R-410A Refrigerant (lb),3,65.0,195.0
20302,Drain Line Flush Kit,1,45.0,45.0
20303,Labor,1,125.0,125.0
20303,Contactor 1-Pole,1,125.0,125.0
20303,Run Capacitor 35/5,1,145.0,145.0
20304,Labor,2,125.0,250.0
20304,Contactor 1-Pole,1,125.0,125.0
20304,Fan Motor (Condenser),1,425.0,425.0
20305,Labor,1,125.0,125.0
20305,Run Capacitor 35/5,1,145.0,145.0
20305,Contactor 1-Pole,1,125.0,125.0
20306,Labor,1,125.0,125.0
20306,Run Capacitor 35/5,1,145.0,145.0
20306,Fan Motor (Condenser),1,425.0,425.0
20307,Labor,1,125.0,125.0
20307,Filter 20x20x1,1,25.0,25.0
20308,Labor,1,125.0,125.0
20308,Contactor 1-Pole,1,125.0,125.0
20308,R-410A Refrigerant (lb),4,65.0,260.0
20308,Run Capacitor 35/5,1,145.0,145.0
20309,Labor,4,125.0,500.0
20309,Filter 20x20x1,1,25.0,25.0
20309,Drain Line Flush Kit,1,45.0,45.0
20309,R-410A Refrigerant (lb),5,65.0,325.0
20310,Labor,2,125.0,250.0
20310,R-410A Refrigerant (lb),4,65.0,260.0
20310,Fan Motor (Condenser),1,425.0,425.0
20311,Labor,1,125.0,125.0
20311,Contactor 1-Pole,1,125.0,125.0
20311,Run Capacitor 35/5,1,145.0,145.0
20312,Labor,2,125.0,250.0
20312,R-410A Refrigerant (lb),2,65.0,130.0
20313,Labor,3,125.0,375.0
20313,Filter 20x20x1,1,25.0,25.0
20314,Labor,2,125.0,250.0
20314,Contactor 1-Pole,1,125.0,125.0
20314,Fan Motor (Condenser),1,425.0,425.0
20315,Labor,2,125.0,250.0
20315,Run Capacitor 35/5,1,145.0,145.0
20315,R-410A Refrigerant (lb),1,65.0,65.0
20316,Labor,3,125.0,375.0
20316,Contactor 1-Pole,1,125.0,125.0
20316,Fan Motor (Condenser),1,425.0,425.0
20316,Run Capacitor 35/5,1,145.0,145.0
20317,Labor,3,125.0,375.0
20317,Filter 20x20x1,1,25.0,25.0
20317,R-410A Refrigerant (lb),4,65.0,260.0
20317,Drain Line Flush Kit,1,45.0,45.0
20318,Labor,2,125.0,250.0
20318,R-410A Refrigerant (lb),1,65.0,65.0
20318,Filter 20x20x1,1,25.0,25.0
20319,Labor,3,125.0,375.0
20319,R-410A Refrigerant (lb),2,65.0,130.0
20319,Drain Line Flush Kit,1,45.0,45.0
20319,Filter 20x20x1,1,25.0,25.0
20320,Labor,3,125.0,375.0
20320,Contactor 1-Pole,1,125.0,125.0
20320,R-410A Refrigerant (lb),2,65.0,130.0
20321,Labor,3,125.0,375.0
20321,Run Capacitor 35/5,1,145.0,145.0
20321,R-410A Refrigerant (lb),5,65.0,325.0
20321,Fan Motor (Condenser),1,425.0,425.0
20322,Labor,1,125.0,125.0
20322,Drain Line Flush Kit,1,45.0,45.0
20322,R-410A Refrigerant (lb),4,65.0,260.0
20323,Labor,3,125.0,375.0
20323,Trane XR14 Condenser (3 Ton),1,3200.0,3200.0
20323,Honeywell T6 Pro Thermostat,1,250.0,250.0
20324,Labor,1,125.0,125.0
20324,Filter 20x20x1,1,25.0,25.0
20325,Labor,2,125.0,250.0
20325,Drain Line Flush Kit,1,45.0,45.0
20326,Labor,4,125.0,500.0
20326,Filter 20x20x1,1,25.0,25.0
20326,Drain Line Flush Kit,1,45.0,45.0
20326,R-410A Refrigerant (lb),1,65.0,65.0
20327,Labor,4,125.0,500.0
20327,Drain Line Flush Kit,1,45.0,45.0
20328,Labor,4,125.0,500.0
20328,Drain Line Flush Kit,1,45.0,45.0
20328,Filter 20x20x1,1,25.0,25.0
20329,Labor,1,125.0,125.0
20329,R-410A Refrigerant (lb),3,65.0,195.0
20330,Labor,4,125.0,500.0
20330,Filter 20x20x1,1,25.0,25.0
20330,R-410A Refrigerant (lb),1,65.0,65.0
20330,Drain Line Flush Kit,1,45.0,45.0
20331,Labor,3,125.0,375.0
20331,Filter 20x20x1,1,25.0,25.0
20331,Drain Line Flush Kit,1,45.0,45.0
20331,R-410A Refrigerant (lb),5,65.0,325.0
20332,Labor,4,125.0,500.0
20332,Filter 20x20x1,1,25.0,25.0
20332,Drain Line Flush Kit,1,45.0,45.0
20333,Labor,2,125.0,250.0
20333,UVC Air Scrubber,1,850.0,850.0
20334,Labor,2,125.0,250.0
20334,Filter 20x20x1,1,25.0,25.0
20335,Labor,1,125.0,125.0
20335,Honeywell T6 Pro Thermostat,1,250.0,250.0
20335,Trane XR14 Condenser (3 Ton),1,3200.0,3200.0
20336,Labor,4,125.0,500.0
20336,UVC Air Scrubber,1,850.0,850.0
20337,Labor,4,125.0,500.0
20337,Filter 20x20x1,1,25.0,25.0
20337,R-410A Refrigerant (lb),1,65.0,65.0
20337,Drain Line Flush Kit,1,45.0,45.0
20338,Labor,2,125.0,250.0
20338,Drain Line Flush Kit,1,45.0,45.0
20338,Filter 20x20x1,1,25.0,25.0
20338,R-410A Refrigerant (lb),3,65.0,195.0
20339,Labor,4,125.0,500.0
20339,Honeywell T6 Pro Thermostat,1,250.0,250.0
20339,Trane XR14 Condenser (3 Ton),1,3200.0,3200.0
20340,Labor,2,125.0,250.0
20340,Honeywell T6 Pro Thermostat,1,250.0,250.0
20340,Trane XR14 Condenser (3 Ton),1,3200.0,3200.0
20341,Labor,1,125.0,125.0
20341,R-410A Refrigerant (lb),5,65.0,325.0
20341,Drain Line Flush Kit,1,45.0,45.0
20341,Filter 20x20x1,1,25.0,25.0
20342,Labor,4,125.0,500.0
20342,Trane XR14 Condenser (3 Ton),1,3200.0,3200.0
20342,Honeywell T6 Pro Thermostat,1,250.0,250.0
20343,Labor,2,125.0,250.0
20343,Filter 20x20x1,1,25.0,25.0
20344,Labor,3,125.0,375.0
20344,Drain Line Flush Kit,1,45.0,45.0
20344,R-410A Refrigerant (lb),2,65.0,130.0
20345,Labor,4,125.0,500.0
20345,Drain Line Flush Kit,1,45.0,45.0
20346,Labor,2,125.0,250.0
20346,Drain Line Flush Kit,1,45.0,45.0
20347,Labor,3,125.0,375.0
20347,R-410A Refrigerant (lb),4,65.0,260.0
20347,Filter 20x20x1,1,25.0,25.0
20347,Drain Line Flush Kit,1,45.0,45.0
20348,Labor,1,125.0,125.0
20348,Honeywell T6 Pro Thermostat,1,250.0,250.0
20348,Furnace Control Board,1,450.0,450.0
20349,Labor,4,125.0,500.0
20349,Furnace Control Board,1,450.0,450.0
20349,Honeywell T6 Pro Thermostat,1,250.0,250.0
20350,Labor,2,125.0,250.0
20350,Drain Line Flush Kit,1,45.0,45.0
20350,Filter 20x20x1,1,25.0,25.0
20350,R-410A Refrigerant (lb),5,65.0,325.0
20351,Labor,4,125.0,500.0
20351,Drain Line Flush Kit,1,45.0,45.0
20352,Labor,3,125.0,375.0
20352,Honeywell T6 Pro Thermostat,1,250.0,250.0
20353,Labor,4,125.0,500.0
20353,R-410A Refrigerant (lb),1,65.0,65.0
20353,Filter 20x20x1,1,25.0,25.0
20354,Labor,4,125.0,500.0
20354,Honeywell T6 Pro Thermostat,1,250.0,250.0
20355,Labor,3,125.0,375.0
20355,Filter 20x20x1,1,25.0,25.0
20355,Drain Line Flush Kit,1,45.0,45.0
20355,R-410A Refrigerant (lb),2,65.0,130.0
20356,Labor,2,125.0,250.0
20356,Drain Line Flush Kit,1,45.0,45.0
20356,R-410A Refrigerant (lb),2,65.0,130.0
20356,Filter 20x20x1,1,25.0,25.0
20357,Labor,4,125.0,500.0
20357,Furnace Control Board,1,450.0,450.0
20358,Labor,4,125.0,500.0
20358,Drain Line Flush Kit,1,45.0,45.0
20358,R-410A Refrigerant (lb),3,65.0,195.0
20358,Filter 20x20x1,1,25.0,25.0
20359,Labor,3,125.0,375.0
20359,Honeywell T6 Pro Thermostat,1,250.0,250.0
20359,Heat Pump System (Complete),1,6500.0,6500.0
20360,Labor,3,125.0,375.0
20360,Honeywell T6 Pro Thermostat,1,250.0,250.0
20361,Labor,1,125.0,125.0
20361,Honeywell T6 Pro Thermostat,1,250.0,250.0
20361,Furnace Control Board,1,450.0,450.0
20362,Labor,2,125.0,250.0
20362,Honeywell T6 Pro Thermostat,1,250.0,250.0
20363,Labor,1,125.0,125.0
20363,Filter 20x20x1,1,25.0,25.0
20363,Drain Line Flush Kit,1,45.0,45.0
20364,Labor,3,125.0,375.0
20364,R-410A Refrigerant (lb),2,65.0,130.0
20365,Labor,1,125.0,125.0
20365,Honeywell T6 Pro Thermostat,1,250.0,250.0
20366,Labor,1,125.0,125.0
20366,R-410A Refrigerant (lb),3,65.0,195.0
20366,Filter 20x20x1,1,25.0,25.0
20367,Labor,1,125.0,125.0
20367,Furnace Control Board,1,450.0,450.0
20367,Honeywell T6 Pro Thermostat,1,250.0,250.0
20368,Labor,3,125.0,375.0
20368,Furnace Control Board,1,450.0,450.0
20368,Honeywell T6 Pro Thermostat,1,250.0,250.0
20369,Labor,1,125.0,125.0
20369,Furnace Control Board,1,450.0,450.0
20369,Honeywell T6 Pro Thermostat,1,250.0,250.0
20370,Labor,1,125.0,125.0
20370,Drain Line Flush Kit,1,45.0,45.0
20370,Filter 20x20x1,1,25.0,25.0
20370,R-410A Refrigerant (lb),5,65.0,325.0
20371,Labor,1,125.0,125.0
20371,Drain Line Flush Kit,1,45.0,45.0
20371,Filter 20x20x1,1,25.0,25.0
20372,Labor,2,125.0,250.0
20372,Furnace Control Board,1,450.0,450.0
20373,Labor,3,125.0,375.0
20373,Drain Line Flush Kit,1,45.0,45.0
20373,R-410A Refrigerant (lb),1,65.0,65.0
20373,Filter 20x20x1,1,25.0,25.0
20374,Labor,1,125.0,125.0
20374,Furnace Control Board,1,450.0,450.0
20375,Labor,4,125.0,500.0
20375,Heat Pump System (Complete),1,6500.0,6500.0
20376,Labor,3,125.0,375.0
20376,Filter 20x20x1,1,25.0,25.0
20376,R-410A Refrigerant (lb),5,65.0,325.0
20377,Labor,2,125.0,250.0
20377,Drain Line Flush Kit,1,45.0,45.0
20377,R-410A Refrigerant (lb),3,65.0,195.0
20377,Filter 20x20x1,1,25.0,25.0
20378,Labor,3,125.0,375.0
20378,Furnace Control Board,1,450.0,450.0
20378,Honeywell T6 Pro Thermostat,1,250.0,250.0
20379,Labor,2,125.0,250.0
20379,Filter 20x20x1,1,25.0,25.0
20379,Drain Line Flush Kit,1,45.0,45.0
20380,Labor,1,125.0,125.0
20380,R-410A Refrigerant (lb),1,65.0,65.0
20380,Filter 20x20x1,1,25.0,25.0
20380,Drain Line Flush Kit,1,45.0,45.0
20381,Labor,1,125.0,125.0
20381,Filter 20x20x1,1,25.0,25.0
20381,R-410A Refrigerant (lb),3,65.0,195.0
20382,Labor,4,125.0,500.0
20382,Furnace Control Board,1,450.0,450.0
20383,Labor,4,125.0,500.0
20383,Drain Line Flush Kit,1,45.0,45.0
20384,Labor,4,125.0,500.0
20384,R-410A Refrigerant (lb),4,65.0,260.0
20385,Labor,4,125.0,500.0
20385,Furnace Control Board,1,450.0,450.0
20385,Honeywell T6 Pro Thermostat,1,250.0,250.0
20386,Labor,1,125.0,125.0
20386,Furnace Control Board,1,450.0,450.0
20386,Honeywell T6 Pro Thermostat,1,250.0,250.0
20387,Labor,4,125.0,500.0
20387,R-410A Refrigerant (lb),4,65.0,260.0
