JobID,QuoteID,CustomerID,JobType,Status
8000,5000,1000,Heating Repair,Completed
8001,5001,1001,Heating Repair,Completed
8002,5004,1004,Heating Repair,Completed
8003,5006,1006,Heating Repair,Completed
8004,5009,1009,Heating Repair,Completed
8005,5010,1010,Heating Repair,Completed
8006,5012,1012,Heat Pump Install,Completed
8007,5014,1014,Heat Pump Install,Completed
8008,5016,1016,Heating Repair,Completed
8009,5017,1017,Heating Repair,Completed
8010,5019,1019,Heating Repair,Completed
8011,5020,1020,Heating Repair,Completed
8012,5021,1021,Heating Repair,Completed
8013,5022,1022,Heating Repair,Completed
8014,5023,1023,Heating Repair,Completed
8015,5024,1024,Heating Repair,Completed
8016,5027,1027,Heating Repair,Completed
8017,5029,1029,Heat Pump Install,Completed
8018,5030,1030,Heating Repair,Completed
8019,5034,1034,Maintenance/Tune-up,Completed
8020,5035,1035,Heating Repair,Completed
8021,5036,1036,Heating Repair,Completed
8022,5037,1037,Heat Pump Install,Completed
8023,5040,1040,Heat Pump Install,Completed
8024,5042,1042,Heating Repair,Completed
8025,5043,1043,Maintenance/Tune-up,Completed
8026,5044,1044,Heat Pump Install,Completed
8027,5046,1046,Heat Pump Install,Completed
8028,5049,1049,Maintenance/Tune-up,Completed
8029,5051,1051,Heating Repair,Completed
8030,5058,1058,Heating Repair,Completed
8031,5060,1060,Heating Repair,Completed
8032,5062,1062,Maintenance/Tune-up,Completed
8033,5063,1063,Heating Repair,Completed
8034,5067,1067,Maintenance/Tune-up,Completed
8035,5068,1068,AC Installation,Completed
8036,5069,1069,Maintenance/Tune-up,Completed
8037,5073,1073,AC Installation,Completed
8038,5074,1074,Maintenance/Tune-up,Completed
8039,5080,1080,Maintenance/Tune-up,Completed
8040,5085,1085,AC Installation,Completed
8041,5088,1088,AC Installation,Completed
8042,5089,1089,AC Installation,Completed
8043,5090,1090,AC Installation,Completed
8044,5099,1099,AC Installation,Completed
8045,5100,1100,Maintenance/Tune-up,Completed
8046,5107,1107,AC Installation,Completed
8047,5110,1110,Maintenance/Tune-up,Completed
8048,5112,1112,Maintenance/Tune-up,Completed
8049,5113,1113,Maintenance/Tune-up,Completed
8050,5115,1115,Maintenance/Tune-up,Completed
8051,5117,1117,AC Installation,Completed
8052,5118,1118,Maintenance/Tune-up,Completed
8053,5120,1120,AC Installation,Completed
8054,5125,1125,Maintenance/Tune-up,Completed
8055,5126,1126,Maintenance/Tune-up,Completed
8056,5128,1128,Maintenance/Tune-up,Completed
8057,5130,1130,AC Installation,Completed
8058,5131,1131,AC Installation,Completed
8059,5134,1134,AC Installation,Completed
8060,5135,1135,AC Installation,Completed
8061,5137,1137,Air Quality Install,Completed
8062,5138,1138,Maintenance/Tune-up,Completed
8063,5141,1141,Maintenance/Tune-up,Completed
8064,5142,1142,Maintenance/Tune-up,Completed
8065,5143,1143,Maintenance/Tune-up,Completed
8066,5144,1144,Maintenance/Tune-up,Completed
8067,5146,1146,Maintenance/Tune-up,Completed
8068,5151,1151,Maintenance/Tune-up,Completed
8069,5152,1152,Maintenance/Tune-up,Completed
8070,5155,1155,Maintenance/Tune-up,Completed
8071,5157,1157,Maintenance/Tune-up,Completed
8072,5163,1163,AC Repair,Completed
8073,5164,1164,Maintenance/Tune-up,Completed
8074,5165,1165,AC Repair,Completed
8075,5166,1166,AC Installation,Completed
8076,5168,1168,AC Repair,Completed
8077,5172,1172,Maintenance/Tune-up,Completed
8078,5173,1173,AC Installation,Completed
8079,5174,1174,AC Repair,Completed
8080,5177,1177,AC Repair,Completed
8081,5178,1178,AC Repair,Completed
8082,5181,1181,Maintenance/Tune-up,Completed
8083,5183,1183,AC Repair,Completed
8084,5185,1185,AC Repair,Completed
8085,5186,1186,AC Repair,Completed
8086,5189,1189,Maintenance/Tune-up,Completed
8087,5190,1190,AC Repair,Completed
8088,5191,1191,AC Installation,Completed
8089,5193,1193,Maintenance/Tune-up,Completed
8090,5194,1194,AC Installation,Completed
8091,5195,1195,Maintenance/Tune-up,Completed
8092,5198,1198,AC Installation,Completed
8093,5199,1199,AC Repair,Completed
8094,5200,1200,AC Repair,Completed
8095,5201,1201,AC Repair,Completed
8096,5202,1202,Maintenance/Tune-up,Completed
8097,5203,1203,AC Repair,Completed
8098,5204,1204,AC Installation,Completed
8099,5206,1206,AC Installation,Completed
8100,5207,1207,AC Repair,Completed
8101,5209,1209,AC Repair,Completed
8102,5210,1210,AC Repair,Completed
8103,5214,1214,AC Repair,Completed
8104,5215,1215,AC Repair,Completed
8105,5216,1216,AC Repair,Completed
8106,5218,1218,AC Repair,Completed
8107,5219,1219,AC Repair,Completed
8108,5220,1220,AC Installation,Completed
8109,5221,1221,AC Repair,Completed
8110,5222,1222,AC Repair,Completed
8111,5224,1224,AC Repair,Completed
8112,5225,1225,AC Repair,Completed
8113,5226,1226,Maintenance/Tune-up,Completed
8114,5227,1227,AC Installation,Completed
8115,5229,1229,AC Repair,Completed
8116,5230,1230,AC Repair,Completed
8117,5233,1233,AC Repair,Completed
8118,5236,1236,AC Repair,Completed
8119,5238,1238,AC Repair,Completed
8120,5241,1241,AC Installation,Completed
8121,5243,1243,Maintenance/Tune-up,Completed
8122,5244,1244,Maintenance/Tune-up,Completed
8123,5245,1245,AC Repair,Completed
8124,5246,1246,AC Repair,Completed
8125,5248,1248,AC Repair,Completed
8126,5249,1249,AC Repair,Completed
8127,5250,1250,AC Repair,Completed
8128,5252,1252,Maintenance/Tune-up,Completed
8129,5253,1253,AC Repair,Completed
8130,5256,1256,AC Repair,Completed
8131,5257,1257,Maintenance/Tune-up,Completed
8132,5258,1258,AC Repair,Completed
8133,5259,1259,AC Repair,Completed
8134,5260,1260,Maintenance/Tune-up,Completed
8135,5261,1261,AC Repair,Completed
8136,5262,1262,AC Installation,Completed
8137,5263,1263,Maintenance/Tune-up,Completed
8138,5265,1265,AC Repair,Completed
8139,5266,1266,AC Repair,Completed
8140,5270,1270,AC Repair,Completed
8141,5271,1271,AC Repair,Completed
8142,5272,1272,AC Repair,Completed
8143,5273,1273,AC Repair,Completed
8144,5274,1274,Maintenance/Tune-up,Completed
8145,5275,1275,AC Repair,Completed
8146,5276,1276,AC Repair,Completed
8147,5277,1277,AC Repair,Completed
8148,5279,1279,Maintenance/Tune-up,Completed
8149,5282,1282,AC Repair,Completed
8150,5283,1283,AC Repair,Completed
8151,5284,1284,Maintenance/Tune-up,Completed
8152,5285,1285,Maintenance/Tune-up,Completed
8153,5286,1286,AC Repair,Completed
8154,5289,1289,AC Repair,Completed
8155,5292,1292,AC Repair,Completed
8156,5293,1293,AC Repair,Completed
8157,5294,1294,AC Repair,Completed
8158,5295,1295,Maintenance/Tune-up,Completed
8159,5296,1296,Maintenance/Tune-up,Completed
8160,5297,1297,AC Repair,Completed
8161,5298,1298,AC Repair,Completed
8162,5300,1300,AC Repair,Completed
8163,5302,1302,AC Repair,Completed
8164,5303,1303,Maintenance/Tune-up,Completed
8165,5305,1305,Maintenance/Tune-up,Completed
8166,5306,1306,Maintenance/Tune-up,Completed
8167,5307,1307,AC Repair,Completed
8168,5308,1308,AC Repair,Completed
8169,5310,1310,AC Repair,Completed
8170,5315,1315,AC Repair,Completed
8171,5319,1319,AC Repair,Completed
8172,5321,1321,AC Repair,Completed
8173,5322,1322,AC Repair,Completed
8174,5323,1323,AC Installation,Completed
8175,5325,1325,Maintenance/Tune-up,Completed
8176,5333,1333,AC Repair,Completed
8177,5334,1334,Maintenance/Tune-up,Completed
8178,5335,1335,Maintenance/Tune-up,Completed
8179,5337,1337,AC Repair,Completed
8180,5340,1340,Maintenance/Tune-up,Completed
8181,5343,1343,AC Repair,Completed
8182,5344,1344,Maintenance/Tune-up,Completed
8183,5345,1345,Maintenance/Tune-up,Completed
8184,5346,1346,AC Repair,Completed
8185,5348,1348,Maintenance/Tune-up,Completed
8186,5350,1350,AC Repair,Completed
8187,5351,1351,AC Installation,Completed
8188,5352,1352,Maintenance/Tune-up,Completed
8189,5353,1353,AC Repair,Completed
8190,5357,1357,AC Repair,Completed
8191,5358,1358,AC Repair,Completed
8192,5362,1362,Maintenance/Tune-up,Completed
8193,5366,1366,AC Repair,Completed
8194,5368,1368,AC Installation,Completed
8195,5369,1369,AC Repair,Completed
8196,5370,1370,Maintenance/Tune-up,Completed
8197,5373,1373,AC Repair,Completed
8198,5374,1374,AC Repair,Completed
8199,5376,1376,AC Installation,Completed
8200,5381,1381,AC Repair,Completed
8201,5384,1384,AC Installation,Completed
8202,5392,1392,Maintenance/Tune-up,Completed
8203,5394,1394,AC Installation,Completed
8204,5395,1395,AC Repair,Completed
8205,5396,1396,AC Repair,Completed
8206,5398,1398,Maintenance/Tune-up,Completed
8207,5399,1399,AC Repair,Completed
8208,5404,1404,Maintenance/Tune-up,Completed
8209,5405,1405,AC Repair,Completed
8210,5406,1406,AC Installation,Completed
8211,5407,1407,Maintenance/Tune-up,Completed
8212,5408,1408,Maintenance/Tune-up,Completed
8213,5410,1410,AC Repair,Completed
8214,5411,1411,Maintenance/Tune-up,Completed
8215,5412,1412,Maintenance/Tune-up,Completed
8216,5413,1413,AC Repair,Completed
8217,5414,1414,AC Installation,Completed
8218,5415,1415,AC Repair,Completed
8219,5417,1417,Maintenance/Tune-up,Completed
8220,5418,1418,Maintenance/Tune-up,Completed
8221,5419,1419,AC Repair,Completed
8222,5421,1421,Maintenance/Tune-up,Completed
8223,5422,1422,AC Repair,Completed
8224,5423,1423,AC Installation,Completed
8225,5431,1431,AC Repair,Completed
8226,5432,1432,AC Repair,Completed
8227,5433,1433,AC Repair,Completed
8228,5434,1434,AC Repair,Completed
8229,5435,1435,Maintenance/Tune-up,Completed
8230,5438,1438,AC Repair,Completed
8231,5441,1441,Maintenance/Tune-up,Completed
8232,5444,1444,Maintenance/Tune-up,Completed
8233,5446,1446,Maintenance/Tune-up,Completed
8234,5449,1449,AC Repair,Completed
8235,5451,1451,AC Repair,Completed
8236,5452,1452,Maintenance/Tune-up,Completed
8237,5453,1453,AC Repair,Completed
8238,5454,1454,AC Repair,Completed
8239,5455,1455,Maintenance/Tune-up,Completed
8240,5456,1456,AC Installation,Completed
8241,5458,1458,AC Repair,Completed
8242,5466,1466,AC Repair,Completed
8243,5467,1467,AC Repair,Completed
8244,5468,1468,Maintenance/Tune-up,Completed
8245,5469,1469,AC Repair,Completed
8246,5470,1470,AC Repair,Completed
8247,5476,1476,AC Repair,Completed
8248,5477,1477,Maintenance/Tune-up,Completed
8249,5478,1478,AC Repair,Completed
8250,5480,1480,AC Repair,Completed
8251,5481,1481,Maintenance/Tune-up,Completed
8252,5482,1482,Maintenance/Tune-up,Completed
8253,5484,1484,AC Repair,Completed
8254,5485,1485,Maintenance/Tune-up,Completed
8255,5487,1487,AC Repair,Completed
8256,5488,1488,AC Repair,Completed
8257,5492,1492,AC Repair,Completed
8258,5493,1493,AC Repair,Completed
8259,5494,1494,AC Repair,Completed
8260,5499,1499,AC Repair,Completed
8261,5500,1500,AC Repair,Completed
8262,5501,1501,Maintenance/Tune-up,Completed
8263,5505,1505,AC Repair,Completed
8264,5506,1506,AC Repair,Completed
8265,5508,1508,AC Repair,Completed
8266,5509,1509,AC Repair,Completed
8267,5510,1510,Maintenance/Tune-up,Completed
8268,5512,1512,AC Repair,Completed
8269,5513,1513,AC Repair,Completed
8270,5515,1515,AC Repair,Completed
8271,5517,1517,AC Repair,Completed
8272,5518,1518,AC Repair,Completed
8273,5523,1523,AC Repair,Completed
8274,5525,1525,Maintenance/Tune-up,Completed
8275,5528,1528,Maintenance/Tune-up,Completed
8276,5531,1531,AC Repair,Completed
8277,5532,1532,AC Installation,Completed
8278,5533,1533,Maintenance/Tune-up,Completed
8279,5534,1534,AC Repair,Completed
8280,5535,1535,Maintenance/Tune-up,Completed
8281,5538,1538,Maintenance/Tune-up,Completed
8282,5539,1539,AC Repair,Completed
8283,5540,1540,AC Repair,Completed
8284,5542,1542,Maintenance/Tune-up,Completed
8285,5544,1544,Maintenance/Tune-up,Completed
8286,5547,1547,AC Repair,Completed
8287,5548,1548,AC Repair,Completed
8288,5550,1550,AC Installation,Completed
8289,5551,1551,Maintenance/Tune-up,Completed
8290,5552,1552,AC Installation,Completed
8291,5557,1557,AC Repair,Completed
8292,5558,1558,AC Repair,Completed
8293,5562,1562,Maintenance/Tune-up,Completed
8294,5563,1563,AC Repair,Completed
8295,5564,1564,AC Repair,Completed
8296,5566,1566,AC Repair,Completed
8297,5568,1568,AC Installation,Completed
8298,5569,1569,Maintenance/Tune-up,Completed
8299,5573,1573,AC Repair,Completed
8300,5575,1575,AC Repair,Completed
8301,5576,1576,Maintenance/Tune-up,Completed
8302,5577,1577,Maintenance/Tune-up,Completed
8303,5578,1578,AC Repair,Completed
8304,5581,1581,AC Repair,Completed
8305,5588,1588,AC Repair,Completed
8306,5590,1590,AC Repair,Completed
8307,5591,1591,Maintenance/Tune-up,Completed
8308,5593,1593,AC Repair,Completed
8309,5594,1594,Maintenance/Tune-up,Completed
8310,5596,1596,AC Repair,Completed
8311,5599,1599,AC Repair,Completed
8312,5600,1600,AC Repair,Completed
8313,5601,1601,Maintenance/Tune-up,Completed
8314,5602,1602,AC Repair,Completed
8315,5603,1603,AC Repair,Completed
8316,5604,1604,AC Repair,Completed
8317,5607,1607,Maintenance/Tune-up,Completed
8318,5611,1611,Maintenance/Tune-up,Completed
8319,5612,1612,Maintenance/Tune-up,Completed
8320,5613,1613,AC Repair,Completed
8321,5614,1614,AC Repair,Completed
8322,5616,1616,Maintenance/Tune-up,Completed
8323,5617,1617,AC Installation,Completed
8324,5618,1618,Maintenance/Tune-up,Completed
8325,5619,1619,Maintenance/Tune-up,Completed
8326,5620,1620,Maintenance/Tune-up,Completed
8327,5622,1622,Maintenance/Tune-up,Completed
8328,5625,1625,Maintenance/Tune-up,Completed
8329,5626,1626,Maintenance/Tune-up,Completed
8330,5628,1628,Maintenance/Tune-up,Completed
8331,5629,1629,Maintenance/Tune-up,Completed
8332,5634,1634,Maintenance/Tune-up,Completed
8333,5635,1635,Air Quality Install,Completed
8334,5636,1636,Maintenance/Tune-up,Completed
8335,5638,1638,AC Installation,Completed
8336,5639,1639,Air Quality Install,Completed
8337,5640,1640,Maintenance/Tune-up,Completed
8338,5641,1641,Maintenance/Tune-up,Completed
8339,5643,1643,AC Installation,Completed
8340,5647,1647,AC Installation,Completed
8341,5651,1651,Maintenance/Tune-up,Completed
8342,5654,1654,AC Installation,Completed
8343,5657,1657,Maintenance/Tune-up,Completed
8344,5659,1659,Maintenance/Tune-up,Completed
8345,5660,1660,Maintenance/Tune-up,Completed
8346,5661,1661,Maintenance/Tune-up,Completed
8347,5663,1663,Maintenance/Tune-up,Completed
8348,5664,1664,Heating Repair,Completed
8349,5667,1667,Heating Repair,Completed
8350,5668,1668,Maintenance/Tune-up,Completed
8351,5671,1671,Maintenance/Tune-up,Completed
8352,5673,1673,Heating Repair,Completed
8353,5675,1675,Maintenance/Tune-up,Completed
8354,5677,1677,Heat Pump Install,Completed
8355,5680,1680,Maintenance/Tune-up,Completed
8356,5681,1681,Maintenance/Tune-up,Completed
8357,5683,1683,Heating Repair,Completed
8358,5687,1687,Maintenance/Tune-up,Completed
8359,5688,1688,Heat Pump Install,Completed
8360,5689,1689,Heat Pump Install,Completed
8361,5691,1691,Heating Repair,Completed
8362,5692,1692,Heat Pump Install,Completed
8363,5694,1694,Maintenance/Tune-up,Completed
8364,5695,1695,Maintenance/Tune-up,Completed
8365,5696,1696,Heating Repair,Completed
8366,5697,1697,Maintenance/Tune-up,Completed
8367,5700,1700,Heating Repair,Completed
8368,5701,1701,Heating Repair,Completed
8369,5702,1702,Heating Repair,Completed
8370,5706,1706,Maintenance/Tune-up,Completed
8371,5708,1708,Maintenance/Tune-up,Completed
8372,5713,1713,Heating Repair,Completed
8373,5714,1714,Maintenance/Tune-up,Completed
8374,5716,1716,Heating Repair,Completed
8375,5717,1717,Heat Pump Install,Completed
8376,5720,1720,Maintenance/Tune-up,Completed
8377,5722,1722,Maintenance/Tune-up,Completed
8378,5723,1723,Heating Repair,Completed
8379,5726,1726,Maintenance/Tune-up,Completed
8380,5728,1728,Maintenance/Tune-up,Completed
8381,5729,1729,Maintenance/Tune-up,Completed
8382,5730,1730,Heating Repair,Completed
8383,5732,1732,Maintenance/Tune-up,Completed
8384,5733,1733,Maintenance/Tune-up,Completed
8385,5734,1734,Heating Repair,Completed
8386,5736,1736,Heating Repair,Completed
8387,5739,1739,Maintenance/Tune-up,Completed
