QuoteID,CustomerID,Date,Description,Status
5000,1000,2025-01-01,Quote for Heating Repair,Accepted
5001,1001,2025-01-02,Quote for Heating Repair,Accepted
5002,1002,2025-01-02,Quote for Heating Repair,Rejected
5003,1003,2025-01-03,Quote for Heating Repair,Rejected
5004,1004,2025-01-03,Quote for Heating Repair,Accepted
5005,1005,2025-01-04,Quote for Heating Repair,Rejected
5006,1006,2025-01-06,Quote for Heating Repair,Accepted
5007,1007,2025-01-06,Quote for Heat Pump Install,Rejected
5008,1008,2025-01-07,Quote for Heat Pump Install,Rejected
5009,1009,2025-01-07,Quote for Heating Repair,Accepted
5010,1010,2025-01-08,Quote for Heating Repair,Accepted
5011,1011,2025-01-08,Quote for Heat Pump Install,Rejected
5012,1012,2025-01-09,Quote for Heat Pump Install,Accepted
5013,1013,2025-01-09,Quote for Heating Repair,Rejected
5014,1014,2025-01-10,Quote for Heat Pump Install,Accepted
5015,1015,2025-01-10,Quote for Heat Pump Install,Rejected
5016,1016,2025-01-10,Quote for Heating Repair,Accepted
5017,1017,2025-01-11,Quote for Heating Repair,Accepted
5018,1018,2025-01-13,Quote for Heating Repair,Rejected
5019,1019,2025-01-13,Quote for Heating Repair,Accepted
5020,1020,2025-01-14,Quote for Heating Repair,Accepted
5021,1021,2025-01-14,Quote for Heating Repair,Accepted
5022,1022,2025-01-15,Quote for Heating Repair,Accepted
5023,1023,2025-01-16,Quote for Heating Repair,Accepted
5024,1024,2025-01-17,Quote for Heating Repair,Accepted
5025,1025,2025-01-17,Quote for Heating Repair,Rejected
5026,1026,2025-01-20,Quote for Heating Repair,Rejected
5027,1027,2025-01-20,Quote for Heating Repair,Accepted
5028,1028,2025-01-21,Quote for Maintenance/Tune-up,Rejected
5029,1029,2025-01-21,Quote for Heat Pump Install,Accepted
5030,1030,2025-01-21,Quote for Heating Repair,Accepted
5031,1031,2025-01-22,Quote for Heat Pump Install,Rejected
5032,1032,2025-01-23,Quote for Heating Repair,Rejected
5033,1033,2025-01-23,Quote for Maintenance/Tune-up,Rejected
5034,1034,2025-01-24,Quote for Maintenance/Tune-up,Accepted
5035,1035,2025-01-25,Quote for Heating Repair,Accepted
5036,1036,2025-01-27,Quote for Heating Repair,Accepted
5037,1037,2025-01-27,Quote for Heat Pump Install,Accepted
5038,1038,2025-01-27,Quote for Heat Pump Install,Rejected
5039,1039,2025-01-28,Quote for Maintenance/Tune-up,Rejected
5040,1040,2025-01-28,Quote for Heat Pump Install,Accepted
5041,1041,2025-01-29,Quote for Heating Repair,Rejected
5042,1042,2025-01-29,Quote for Heating Repair,Accepted
5043,1043,2025-01-30,Quote for Maintenance/Tune-up,Accepted
5044,1044,2025-01-31,Quote for Heat Pump Install,Accepted
5045,1045,2025-01-31,Quote for Heating Repair,Rejected
5046,1046,2025-01-31,Quote for Heat Pump Install,Accepted
5047,1047,2025-02-01,Quote for Maintenance/Tune-up,Rejected
5048,1048,2025-02-03,Quote for Heating Repair,Rejected
5049,1049,2025-02-03,Quote for Maintenance/Tune-up,Accepted
5050,1050,2025-02-04,Quote for Heating Repair,Rejected
5051,1051,2025-02-06,Quote for Heating Repair,Accepted
5052,1052,2025-02-06,Quote for Heating Repair,Rejected
5053,1053,2025-02-10,Quote for Heating Repair,Rejected
5054,1054,2025-02-11,Quote for Maintenance/Tune-up,Rejected
5055,1055,2025-02-11,Quote for Maintenance/Tune-up,Rejected
5056,1056,2025-02-14,Quote for Heating Repair,Rejected
5057,1057,2025-02-17,Quote for Heating Repair,Rejected
5058,1058,2025-02-19,Quote for Heating Repair,Accepted
5059,1059,2025-02-20,Quote for Heating Repair,Rejected
5060,1060,2025-02-21,Quote for Heating Repair,Accepted
5061,1061,2025-02-21,Quote for Heating Repair,Rejected
5062,1062,2025-02-24,Quote for Maintenance/Tune-up,Accepted
5063,1063,2025-02-24,Quote for Heating Repair,Accepted
5064,1064,2025-02-27,Quote for Heating Repair,Rejected
5065,1065,2025-02-27,Quote for Heating Repair,Rejected
5066,1066,2025-03-01,Quote for Maintenance/Tune-up,Rejected
5067,1067,2025-03-03,Quote for Maintenance/Tune-up,Accepted
5068,1068,2025-03-03,Quote for AC Installation,Accepted
5069,1069,2025-03-04,Quote for Maintenance/Tune-up,Accepted
5070,1070,2025-03-05,Quote for Maintenance/Tune-up,Rejected
5071,1071,2025-03-06,Quote for AC Installation,Rejected
5072,1072,2025-03-06,Quote for Maintenance/Tune-up,Rejected
5073,1073,2025-03-07,Quote for AC Installation,Accepted
5074,1074,2025-03-07,Quote for Maintenance/Tune-up,Accepted
5075,1075,2025-03-08,Quote for Maintenance/Tune-up,Rejected
5076,1076,2025-03-10,Quote for Maintenance/Tune-up,Rejected
5077,1077,2025-03-11,Quote for AC Installation,Rejected
5078,1078,2025-03-12,Quote for Maintenance/Tune-up,Rejected
5079,1079,2025-03-13,Quote for AC Installation,Rejected
5080,1080,2025-03-14,Quote for Maintenance/Tune-up,Accepted
5081,1081,2025-03-15,Quote for Maintenance/Tune-up,Rejected
5082,1082,2025-03-17,Quote for Maintenance/Tune-up,Rejected
5083,1083,2025-03-18,Quote for Maintenance/Tune-up,Rejected
5084,1084,2025-03-18,Quote for Maintenance/Tune-up,Rejected
5085,1085,2025-03-19,Quote for AC Installation,Accepted
5086,1086,2025-03-19,Quote for Maintenance/Tune-up,Rejected
5087,1087,2025-03-20,Quote for AC Installation,Rejected
5088,1088,2025-03-20,Quote for AC Installation,Accepted
5089,1089,2025-03-21,Quote for AC Installation,Accepted
5090,1090,2025-03-22,Quote for AC Installation,Accepted
5091,1091,2025-03-24,Quote for Maintenance/Tune-up,Rejected
5092,1092,2025-03-24,Quote for Maintenance/Tune-up,Rejected
5093,1093,2025-03-25,Quote for Maintenance/Tune-up,Rejected
5094,1094,2025-03-25,Quote for AC Installation,Rejected
5095,1095,2025-03-25,Quote for Maintenance/Tune-up,Rejected
5096,1096,2025-03-26,Quote for AC Installation,Rejected
5097,1097,2025-03-26,Quote for Maintenance/Tune-up,Rejected
5098,1098,2025-03-27,Quote for Maintenance/Tune-up,Rejected
5099,1099,2025-03-27,Quote for AC Installation,Accepted
5100,1100,2025-03-28,Quote for Maintenance/Tune-up,Accepted
5101,1101,2025-03-28,Quote for Maintenance/Tune-up,Rejected
5102,1102,2025-03-31,Quote for AC Installation,Rejected
5103,1103,2025-04-01,Quote for AC Installation,Rejected
5104,1104,2025-04-02,Quote for Maintenance/Tune-up,Rejected
5105,1105,2025-04-02,Quote for Maintenance/Tune-up,Rejected
5106,1106,2025-04-03,Quote for Maintenance/Tune-up,Rejected
5107,1107,2025-04-03,Quote for AC Installation,Accepted
5108,1108,2025-04-04,Quote for AC Installation,Rejected
5109,1109,2025-04-04,Quote for Maintenance/Tune-up,Rejected
5110,1110,2025-04-04,Quote for Maintenance/Tune-up,Accepted
5111,1111,2025-04-04,Quote for AC Installation,Rejected
5112,1112,2025-04-05,Quote for Maintenance/Tune-up,Accepted
5113,1113,2025-04-07,Quote for Maintenance/Tune-up,Accepted
5114,1114,2025-04-07,Quote for Maintenance/Tune-up,Rejected
5115,1115,2025-04-08,Quote for Maintenance/Tune-up,Accepted
5116,1116,2025-04-08,Quote for AC Installation,Rejected
5117,1117,2025-04-08,Quote for AC Installation,Accepted
5118,1118,2025-04-09,Quote for Maintenance/Tune-up,Accepted
5119,1119,2025-04-10,Quote for AC Installation,Rejected
5120,1120,2025-04-10,Quote for AC Installation,Accepted
5121,1121,2025-04-10,Quote for Maintenance/Tune-up,Rejected
5122,1122,2025-04-10,Quote for AC Installation,Rejected
5123,1123,2025-04-11,Quote for Maintenance/Tune-up,Rejected
5124,1124,2025-04-11,Quote for Maintenance/Tune-up,Rejected
5125,1125,2025-04-12,Quote for Maintenance/Tune-up,Accepted
5126,1126,2025-04-14,Quote for Maintenance/Tune-up,Accepted
5127,1127,2025-04-14,Quote for AC Installation,Rejected
5128,1128,2025-04-15,Quote for Maintenance/Tune-up,Accepted
5129,1129,2025-04-15,Quote for Maintenance/Tune-up,Rejected
5130,1130,2025-04-16,Quote for AC Installation,Accepted
5131,1131,2025-04-16,Quote for AC Installation,Accepted
5132,1132,2025-04-17,Quote for Maintenance/Tune-up,Rejected
5133,1133,2025-04-18,Quote for Maintenance/Tune-up,Rejected
5134,1134,2025-04-18,Quote for AC Installation,Accepted
5135,1135,2025-04-18,Quote for AC Installation,Accepted
5136,1136,2025-04-19,Quote for AC Installation,Rejected
5137,1137,2025-04-21,Quote for Air Quality Install,Accepted
5138,1138,2025-04-21,Quote for Maintenance/Tune-up,Accepted
5139,1139,2025-04-22,Quote for Maintenance/Tune-up,Rejected
5140,1140,2025-04-22,Quote for AC Installation,Rejected
5141,1141,2025-04-23,Quote for Maintenance/Tune-up,Accepted
5142,1142,2025-04-24,Quote for Maintenance/Tune-up,Accepted
5143,1143,2025-04-24,Quote for Maintenance/Tune-up,Accepted
5144,1144,2025-04-24,Quote for Maintenance/Tune-up,Accepted
5145,1145,2025-04-25,Quote for AC Installation,Rejected
5146,1146,2025-04-25,Quote for Maintenance/Tune-up,Accepted
5147,1147,2025-04-25,Quote for Maintenance/Tune-up,Rejected
5148,1148,2025-04-26,Quote for Maintenance/Tune-up,Rejected
5149,1149,2025-04-28,Quote for Maintenance/Tune-up,Rejected
5150,1150,2025-04-28,Quote for Maintenance/Tune-up,Rejected
5151,1151,2025-04-28,Quote for Maintenance/Tune-up,Accepted
5152,1152,2025-04-28,Quote for Maintenance/Tune-up,Accepted
5153,1153,2025-04-29,Quote for Maintenance/Tune-up,Rejected
5154,1154,2025-04-30,Quote for Maintenance/Tune-up,Rejected
5155,1155,2025-04-30,Quote for Maintenance/Tune-up,Accepted
5156,1156,2025-04-30,Quote for Maintenance/Tune-up,Rejected
5157,1157,2025-04-30,Quote for Maintenance/Tune-up,Accepted
5158,1158,2025-05-01,Quote for AC Repair,Rejected
5159,1159,2025-05-01,Quote for AC Installation,Rejected
5160,1160,2025-05-02,Quote for AC Repair,Rejected
5161,1161,2025-05-02,Quote for AC Installation,Rejected
5162,1162,2025-05-02,Quote for AC Repair,Rejected
5163,1163,2025-05-03,Quote for AC Repair,Accepted
5164,1164,2025-05-05,Quote for Maintenance/Tune-up,Accepted
5165,1165,2025-05-05,Quote for AC Repair,Accepted
5166,1166,2025-05-05,Quote for AC Installation,Accepted
5167,1167,2025-05-05,Quote for AC Repair,Rejected
5168,1168,2025-05-05,Quote for AC Repair,Accepted
5169,1169,2025-05-06,Quote for AC Repair,Rejected
5170,1170,2025-05-06,Quote for Maintenance/Tune-up,Rejected
5171,1171,2025-05-06,Quote for AC Repair,Rejected
5172,1172,2025-05-06,Quote for Maintenance/Tune-up,Accepted
5173,1173,2025-05-06,Quote for AC Installation,Accepted
5174,1174,2025-05-07,Quote for AC Repair,Accepted
5175,1175,2025-05-07,Quote for AC Repair,Rejected
5176,1176,2025-05-07,Quote for AC Repair,Rejected
5177,1177,2025-05-07,Quote for AC Repair,Accepted
5178,1178,2025-05-07,Quote for AC Repair,Accepted
5179,1179,2025-05-08,Quote for Maintenance/Tune-up,Rejected
5180,1180,2025-05-08,Quote for AC Repair,Rejected
5181,1181,2025-05-08,Quote for Maintenance/Tune-up,Accepted
5182,1182,2025-05-08,Quote for Maintenance/Tune-up,Rejected
5183,1183,2025-05-08,Quote for AC Repair,Accepted
5184,1184,2025-05-09,Quote for AC Repair,Rejected
5185,1185,2025-05-10,Quote for AC Repair,Accepted
5186,1186,2025-05-12,Quote for AC Repair,Accepted
5187,1187,2025-05-13,Quote for Maintenance/Tune-up,Rejected
5188,1188,2025-05-13,Quote for Maintenance/Tune-up,Rejected
5189,1189,2025-05-13,Quote for Maintenance/Tune-up,Accepted
5190,1190,2025-05-13,Quote for AC Repair,Accepted
5191,1191,2025-05-13,Quote for AC Installation,Accepted
5192,1192,2025-05-14,Quote for Maintenance/Tune-up,Rejected
5193,1193,2025-05-14,Quote for Maintenance/Tune-up,Accepted
5194,1194,2025-05-14,Quote for AC Installation,Accepted
5195,1195,2025-05-15,Quote for Maintenance/Tune-up,Accepted
5196,1196,2025-05-15,Quote for AC Repair,Rejected
5197,1197,2025-05-15,Quote for Maintenance/Tune-up,Rejected
5198,1198,2025-05-15,Quote for AC Installation,Accepted
5199,1199,2025-05-15,Quote for AC Repair,Accepted
5200,1200,2025-05-16,Quote for AC Repair,Accepted
5201,1201,2025-05-16,Quote for AC Repair,Accepted
5202,1202,2025-05-16,Quote for Maintenance/Tune-up,Accepted
5203,1203,2025-05-17,Quote for AC Repair,Accepted
5204,1204,2025-05-19,Quote for AC Installation,Accepted
5205,1205,2025-05-19,Quote for AC Repair,Rejected
5206,1206,2025-05-19,Quote for AC Installation,Accepted
5207,1207,2025-05-19,Quote for AC Repair,Accepted
5208,1208,2025-05-20,Quote for Maintenance/Tune-up,Rejected
5209,1209,2025-05-21,Quote for AC Repair,Accepted
5210,1210,2025-05-22,Quote for AC Repair,Accepted
5211,1211,2025-05-22,Quote for Maintenance/Tune-up,Rejected
5212,1212,2025-05-22,Quote for AC Repair,Rejected
5213,1213,2025-05-22,Quote for AC Repair,Rejected
5214,1214,2025-05-22,Quote for AC Repair,Accepted
5215,1215,2025-05-23,Quote for AC Repair,Accepted
5216,1216,2025-05-23,Quote for AC Repair,Accepted
5217,1217,2025-05-24,Quote for AC Repair,Rejected
5218,1218,2025-05-25,Quote for AC Repair,Accepted
5219,1219,2025-05-26,Quote for AC Repair,Accepted
5220,1220,2025-05-26,Quote for AC Installation,Accepted
5221,1221,2025-05-26,Quote for AC Repair,Accepted
5222,1222,2025-05-26,Quote for AC Repair,Accepted
5223,1223,2025-05-27,Quote for Maintenance/Tune-up,Rejected
5224,1224,2025-05-27,Quote for AC Repair,Accepted
5225,1225,2025-05-27,Quote for AC Repair,Accepted
5226,1226,2025-05-28,Quote for Maintenance/Tune-up,Accepted
5227,1227,2025-05-28,Quote for AC Installation,Accepted
5228,1228,2025-05-28,Quote for AC Repair,Rejected
5229,1229,2025-05-28,Quote for AC Repair,Accepted
5230,1230,2025-05-29,Quote for AC Repair,Accepted
5231,1231,2025-05-29,Quote for AC Repair,Rejected
5232,1232,2025-05-29,Quote for AC Repair,Rejected
5233,1233,2025-05-30,Quote for AC Repair,Accepted
5234,1234,2025-05-31,Quote for AC Repair,Rejected
5235,1235,2025-05-31,Quote for AC Repair,Rejected
5236,1236,2025-06-02,Quote for AC Repair,Accepted
5237,1237,2025-06-02,Quote for AC Repair,Rejected
5238,1238,2025-06-03,Quote for AC Repair,Accepted
5239,1239,2025-06-03,Quote for AC Repair,Rejected
5240,1240,2025-06-03,Quote for Maintenance/Tune-up,Rejected
5241,1241,2025-06-03,Quote for AC Installation,Accepted
5242,1242,2025-06-03,Quote for Maintenance/Tune-up,Rejected
5243,1243,2025-06-03,Quote for Maintenance/Tune-up,Accepted
5244,1244,2025-06-03,Quote for Maintenance/Tune-up,Accepted
5245,1245,2025-06-04,Quote for AC Repair,Accepted
5246,1246,2025-06-04,Quote for AC Repair,Accepted
5247,1247,2025-06-04,Quote for AC Repair,Rejected
5248,1248,2025-06-04,Quote for AC Repair,Accepted
5249,1249,2025-06-04,Quote for AC Repair,Accepted
5250,1250,2025-06-04,Quote for AC Repair,Accepted
5251,1251,2025-06-04,Quote for AC Repair,Rejected
5252,1252,2025-06-05,Quote for Maintenance/Tune-up,Accepted
5253,1253,2025-06-05,Quote for AC Repair,Accepted
5254,1254,2025-06-06,Quote for AC Repair,Rejected
5255,1255,2025-06-06,Quote for AC Repair,Rejected
5256,1256,2025-06-06,Quote for AC Repair,Accepted
5257,1257,2025-06-06,Quote for Maintenance/Tune-up,Accepted
5258,1258,2025-06-06,Quote for AC Repair,Accepted
5259,1259,2025-06-06,Quote for AC Repair,Accepted
5260,1260,2025-06-07,Quote for Maintenance/Tune-up,Accepted
5261,1261,2025-06-09,Quote for AC Repair,Accepted
5262,1262,2025-06-09,Quote for AC Installation,Accepted
5263,1263,2025-06-09,Quote for Maintenance/Tune-up,Accepted
5264,1264,2025-06-09,Quote for Maintenance/Tune-up,Rejected
5265,1265,2025-06-09,Quote for AC Repair,Accepted
5266,1266,2025-06-10,Quote for AC Repair,Accepted
5267,1267,2025-06-10,Quote for AC Repair,Rejected
5268,1268,2025-06-11,Quote for AC Repair,Rejected
5269,1269,2025-06-11,Quote for AC Repair,Rejected
5270,1270,2025-06-11,Quote for AC Repair,Accepted
5271,1271,2025-06-12,Quote for AC Repair,Accepted
5272,1272,2025-06-12,Quote for AC Repair,Accepted
5273,1273,2025-06-12,Quote for AC Repair,Accepted
5274,1274,2025-06-12,Quote for Maintenance/Tune-up,Accepted
5275,1275,2025-06-12,Quote for AC Repair,Accepted
5276,1276,2025-06-13,Quote for AC Repair,Accepted
5277,1277,2025-06-13,Quote for AC Repair,Accepted
5278,1278,2025-06-13,Quote for AC Repair,Rejected
5279,1279,2025-06-13,Quote for Maintenance/Tune-up,Accepted
5280,1280,2025-06-13,Quote for AC Repair,Rejected
5281,1281,2025-06-13,Quote for AC Repair,Rejected
5282,1282,2025-06-14,Quote for AC Repair,Accepted
5283,1283,2025-06-14,Quote for AC Repair,Accepted
5284,1284,2025-06-14,Quote for Maintenance/Tune-up,Accepted
5285,1285,2025-06-16,Quote for Maintenance/Tune-up,Accepted
5286,1286,2025-06-16,Quote for AC Repair,Accepted
5287,1287,2025-06-16,Quote for AC Repair,Rejected
5288,1288,2025-06-17,Quote for AC Repair,Rejected
5289,1289,2025-06-17,Quote for AC Repair,Accepted
5290,1290,2025-06-18,Quote for AC Repair,Rejected
5291,1291,2025-06-18,Quote for AC Repair,Rejected
5292,1292,2025-06-19,Quote for AC Repair,Accepted
5293,1293,2025-06-19,Quote for AC Repair,Accepted
5294,1294,2025-06-19,Quote for AC Repair,Accepted
5295,1295,2025-06-19,Quote for Maintenance/Tune-up,Accepted
5296,1296,2025-06-19,Quote for Maintenance/Tune-up,Accepted
5297,1297,2025-06-19,Quote for AC Repair,Accepted
5298,1298,2025-06-19,Quote for AC Repair,Accepted
5299,1299,2025-06-20,Quote for AC Repair,Rejected
5300,1300,2025-06-20,Quote for AC Repair,Accepted
5301,1301,2025-06-20,Quote for AC Repair,Rejected
5302,1302,2025-06-20,Quote for AC Repair,Accepted
5303,1303,2025-06-20,Quote for Maintenance/Tune-up,Accepted
5304,1304,2025-06-20,Quote for AC Repair,Rejected
5305,1305,2025-06-20,Quote for Maintenance/Tune-up,Accepted
5306,1306,2025-06-21,Quote for Maintenance/Tune-up,Accepted
5307,1307,2025-06-21,Quote for AC Repair,Accepted
5308,1308,2025-06-23,Quote for AC Repair,Accepted
5309,1309,2025-06-23,Quote for AC Repair,Rejected
5310,1310,2025-06-23,Quote for AC Repair,Accepted
5311,1311,2025-06-24,Quote for AC Repair,Rejected
5312,1312,2025-06-24,Quote for AC Repair,Rejected
5313,1313,2025-06-25,Quote for AC Repair,Rejected
5314,1314,2025-06-25,Quote for AC Repair,Rejected
5315,1315,2025-06-25,Quote for AC Repair,Accepted
5316,1316,2025-06-25,Quote for Maintenance/Tune-up,Rejected
5317,1317,2025-06-25,Quote for Maintenance/Tune-up,Rejected
5318,1318,2025-06-26,Quote for AC Repair,Rejected
5319,1319,2025-06-26,Quote for AC Repair,Accepted
5320,1320,2025-06-27,Quote for Maintenance/Tune-up,Rejected
5321,1321,2025-06-27,Quote for AC Repair,Accepted
5322,1322,2025-06-27,Quote for AC Repair,Accepted
5323,1323,2025-06-27,Quote for AC Installation,Accepted
5324,1324,2025-06-27,Quote for AC Repair,Rejected
5325,1325,2025-06-27,Quote for Maintenance/Tune-up,Accepted
5326,1326,2025-06-27,Quote for AC Installation,Rejected
5327,1327,2025-06-28,Quote for AC Repair,Rejected
5328,1328,2025-06-28,Quote for AC Repair,Rejected
5329,1329,2025-06-30,Quote for AC Repair,Rejected
5330,1330,2025-06-30,Quote for AC Repair,Rejected
5331,1331,2025-06-30,Quote for AC Repair,Rejected
5332,1332,2025-06-30,Quote for AC Repair,Rejected
5333,1333,2025-06-30,Quote for AC Repair,Accepted
5334,1334,2025-07-01,Quote for Maintenance/Tune-up,Accepted
5335,1335,2025-07-01,Quote for Maintenance/Tune-up,Accepted
5336,1336,2025-07-01,Quote for AC Repair,Rejected
5337,1337,2025-07-01,Quote for AC Repair,Accepted
5338,1338,2025-07-01,Quote for AC Installation,Rejected
5339,1339,2025-07-02,Quote for Maintenance/Tune-up,Rejected
5340,1340,2025-07-02,Quote for Maintenance/Tune-up,Accepted
5341,1341,2025-07-02,Quote for AC Repair,Rejected
5342,1342,2025-07-02,Quote for AC Installation,Rejected
5343,1343,2025-07-02,Quote for AC Repair,Accepted
5344,1344,2025-07-03,Quote for Maintenance/Tune-up,Accepted
5345,1345,2025-07-03,Quote for Maintenance/Tune-up,Accepted
5346,1346,2025-07-03,Quote for AC Repair,Accepted
5347,1347,2025-07-03,Quote for AC Repair,Rejected
5348,1348,2025-07-03,Quote for Maintenance/Tune-up,Accepted
5349,1349,2025-07-03,Quote for Maintenance/Tune-up,Rejected
5350,1350,2025-07-03,Quote for AC Repair,Accepted
5351,1351,2025-07-04,Quote for AC Installation,Accepted
5352,1352,2025-07-04,Quote for Maintenance/Tune-up,Accepted
5353,1353,2025-07-04,Quote for AC Repair,Accepted
5354,1354,2025-07-04,Quote for AC Repair,Rejected
5355,1355,2025-07-04,Quote for AC Repair,Rejected
5356,1356,2025-07-04,Quote for Maintenance/Tune-up,Rejected
5357,1357,2025-07-04,Quote for AC Repair,Accepted
5358,1358,2025-07-05,Quote for AC Repair,Accepted
5359,1359,2025-07-05,Quote for AC Repair,Rejected
5360,1360,2025-07-05,Quote for AC Repair,Rejected
5361,1361,2025-07-05,Quote for Maintenance/Tune-up,Rejected
5362,1362,2025-07-07,Quote for Maintenance/Tune-up,Accepted
5363,1363,2025-07-07,Quote for AC Repair,Rejected
5364,1364,2025-07-08,Quote for Maintenance/Tune-up,Rejected
5365,1365,2025-07-08,Quote for Maintenance/Tune-up,Rejected
5366,1366,2025-07-08,Quote for AC Repair,Accepted
5367,1367,2025-07-08,Quote for AC Installation,Rejected
5368,1368,2025-07-08,Quote for AC Installation,Accepted
5369,1369,2025-07-08,Quote for AC Repair,Accepted
5370,1370,2025-07-08,Quote for Maintenance/Tune-up,Accepted
5371,1371,2025-07-09,Quote for Maintenance/Tune-up,Rejected
5372,1372,2025-07-09,Quote for Maintenance/Tune-up,Rejected
5373,1373,2025-07-10,Quote for AC Repair,Accepted
5374,1374,2025-07-10,Quote for AC Repair,Accepted
5375,1375,2025-07-11,Quote for AC Repair,Rejected
5376,1376,2025-07-11,Quote for AC Installation,Accepted
5377,1377,2025-07-12,Quote for Maintenance/Tune-up,Rejected
5378,1378,2025-07-12,Quote for AC Repair,Rejected
5379,1379,2025-07-12,Quote for AC Repair,Rejected
5380,1380,2025-07-12,Quote for Maintenance/Tune-up,Rejected
5381,1381,2025-07-14,Quote for AC Repair,Accepted
5382,1382,2025-07-14,Quote for AC Repair,Rejected
5383,1383,2025-07-14,Quote for AC Repair,Rejected
5384,1384,2025-07-14,Quote for AC Installation,Accepted
5385,1385,2025-07-14,Quote for Maintenance/Tune-up,Rejected
5386,1386,2025-07-15,Quote for AC Installation,Rejected
5387,1387,2025-07-15,Quote for AC Repair,Rejected
5388,1388,2025-07-15,Quote for AC Installation,Rejected
5389,1389,2025-07-15,Quote for Maintenance/Tune-up,Rejected
5390,1390,2025-07-16,Quote for Maintenance/Tune-up,Rejected
5391,1391,2025-07-16,Quote for AC Installation,Rejected
5392,1392,2025-07-16,Quote for Maintenance/Tune-up,Accepted
5393,1393,2025-07-16,Quote for AC Repair,Rejected
5394,1394,2025-07-17,Quote for AC Installation,Accepted
5395,1395,2025-07-17,Quote for AC Repair,Accepted
5396,1396,2025-07-17,Quote for AC Repair,Accepted
5397,1397,2025-07-17,Quote for AC Repair,Rejected
5398,1398,2025-07-17,Quote for Maintenance/Tune-up,Accepted
5399,1399,2025-07-18,Quote for AC Repair,Accepted
5400,1400,2025-07-18,Quote for Maintenance/Tune-up,Rejected
5401,1401,2025-07-18,Quote for AC Repair,Rejected
5402,1402,2025-07-18,Quote for AC Installation,Rejected
5403,1403,2025-07-18,Quote for AC Repair,Rejected
5404,1404,2025-07-19,Quote for Maintenance/Tune-up,Accepted
5405,1405,2025-07-21,Quote for AC Repair,Accepted
5406,1406,2025-07-21,Quote for AC Installation,Accepted
5407,1407,2025-07-21,Quote for Maintenance/Tune-up,Accepted
5408,1408,2025-07-21,Quote for Maintenance/Tune-up,Accepted
5409,1409,2025-07-21,Quote for AC Repair,Rejected
5410,1410,2025-07-21,Quote for AC Repair,Accepted
5411,1411,2025-07-21,Quote for Maintenance/Tune-up,Accepted
5412,1412,2025-07-22,Quote for Maintenance/Tune-up,Accepted
5413,1413,2025-07-22,Quote for AC Repair,Accepted
5414,1414,2025-07-22,Quote for AC Installation,Accepted
5415,1415,2025-07-22,Quote for AC Repair,Accepted
5416,1416,2025-07-22,Quote for AC Repair,Rejected
5417,1417,2025-07-23,Quote for Maintenance/Tune-up,Accepted
5418,1418,2025-07-23,Quote for Maintenance/Tune-up,Accepted
5419,1419,2025-07-23,Quote for AC Repair,Accepted
5420,1420,2025-07-23,Quote for AC Repair,Rejected
5421,1421,2025-07-23,Quote for Maintenance/Tune-up,Accepted
5422,1422,2025-07-23,Quote for AC Repair,Accepted
5423,1423,2025-07-23,Quote for AC Installation,Accepted
5424,1424,2025-07-23,Quote for AC Repair,Rejected
5425,1425,2025-07-24,Quote for AC Repair,Rejected
5426,1426,2025-07-24,Quote for AC Repair,Rejected
5427,1427,2025-07-24,Quote for AC Installation,Rejected
5428,1428,2025-07-24,Quote for AC Repair,Rejected
5429,1429,2025-07-24,Quote for Maintenance/Tune-up,Rejected
5430,1430,2025-07-24,Quote for Maintenance/Tune-up,Rejected
5431,1431,2025-07-24,Quote for AC Repair,Accepted
5432,1432,2025-07-25,Quote for AC Repair,Accepted
5433,1433,2025-07-25,Quote for AC Repair,Accepted
5434,1434,2025-07-25,Quote for AC Repair,Accepted
5435,1435,2025-07-25,Quote for Maintenance/Tune-up,Accepted
5436,1436,2025-07-26,Quote for Maintenance/Tune-up,Rejected
5437,1437,2025-07-26,Quote for AC Repair,Rejected
5438,1438,2025-07-28,Quote for AC Repair,Accepted
5439,1439,2025-07-28,Quote for Maintenance/Tune-up,Rejected
5440,1440,2025-07-29,Quote for AC Repair,Rejected
5441,1441,2025-07-29,Quote for Maintenance/Tune-up,Accepted
5442,1442,2025-07-29,Quote for AC Repair,Rejected
5443,1443,2025-07-29,Quote for Maintenance/Tune-up,Rejected
5444,1444,2025-07-29,Quote for Maintenance/Tune-up,Accepted
5445,1445,2025-07-29,Quote for AC Repair,Rejected
5446,1446,2025-07-29,Quote for Maintenance/Tune-up,Accepted
5447,1447,2025-07-30,Quote for Maintenance/Tune-up,Rejected
5448,1448,2025-07-30,Quote for AC Installation,Rejected
5449,1449,2025-07-31,Quote for AC Repair,Accepted
5450,1450,2025-07-31,Quote for AC Installation,Rejected
5451,1451,2025-08-01,Quote for AC Repair,Accepted
5452,1452,2025-08-01,Quote for Maintenance/Tune-up,Accepted
5453,1453,2025-08-01,Quote for AC Repair,Accepted
5454,1454,2025-08-02,Quote for AC Repair,Accepted
5455,1455,2025-08-02,Quote for Maintenance/Tune-up,Accepted
5456,1456,2025-08-02,Quote for AC Installation,Accepted
5457,1457,2025-08-04,Quote for Maintenance/Tune-up,Rejected
5458,1458,2025-08-04,Quote for AC Repair,Accepted
5459,1459,2025-08-05,Quote for AC Installation,Rejected
5460,1460,2025-08-05,Quote for AC Repair,Rejected
5461,1461,2025-08-05,Quote for Maintenance/Tune-up,Rejected
5462,1462,2025-08-06,Quote for AC Repair,Rejected
5463,1463,2025-08-06,Quote for Maintenance/Tune-up,Rejected
5464,1464,2025-08-06,Quote for AC Repair,Rejected
5465,1465,2025-08-06,Quote for AC Repair,Rejected
5466,1466,2025-08-06,Quote for AC Repair,Accepted
5467,1467,2025-08-07,Quote for AC Repair,Accepted
5468,1468,2025-08-07,Quote for Maintenance/Tune-up,Accepted
5469,1469,2025-08-07,Quote for AC Repair,Accepted
5470,1470,2025-08-07,Quote for AC Repair,Accepted
5471,1471,2025-08-07,Quote for AC Repair,Rejected
5472,1472,2025-08-08,Quote for Maintenance/Tune-up,Rejected
5473,1473,2025-08-08,Quote for AC Repair,Rejected
5474,1474,2025-08-09,Quote for Maintenance/Tune-up,Rejected
5475,1475,2025-08-09,Quote for AC Repair,Rejected
5476,1476,2025-08-09,Quote for AC Repair,Accepted
5477,1477,2025-08-11,Quote for Maintenance/Tune-up,Accepted
5478,1478,2025-08-11,Quote for AC Repair,Accepted
5479,1479,2025-08-11,Quote for AC Installation,Rejected
5480,1480,2025-08-11,Quote for AC Repair,Accepted
5481,1481,2025-08-11,Quote for Maintenance/Tune-up,Accepted
5482,1482,2025-08-11,Quote for Maintenance/Tune-up,Accepted
5483,1483,2025-08-12,Quote for Maintenance/Tune-up,Rejected
5484,1484,2025-08-12,Quote for AC Repair,Accepted
5485,1485,2025-08-13,Quote for Maintenance/Tune-up,Accepted
5486,1486,2025-08-13,Quote for AC Installation,Rejected
5487,1487,2025-08-14,Quote for AC Repair,Accepted
5488,1488,2025-08-14,Quote for AC Repair,Accepted
5489,1489,2025-08-15,Quote for AC Repair,Rejected
5490,1490,2025-08-15,Quote for Maintenance/Tune-up,Rejected
5491,1491,2025-08-15,Quote for AC Repair,Rejected
5492,1492,2025-08-15,Quote for AC Repair,Accepted
5493,1493,2025-08-15,Quote for AC Repair,Accepted
5494,1494,2025-08-15,Quote for AC Repair,Accepted
5495,1495,2025-08-16,Quote for AC Repair,Rejected
5496,1496,2025-08-16,Quote for AC Repair,Rejected
5497,1497,2025-08-18,Quote for AC Repair,Rejected
5498,1498,2025-08-18,Quote for AC Repair,Rejected
5499,1499,2025-08-18,Quote for AC Repair,Accepted
5500,1500,2025-08-18,Quote for AC Repair,Accepted
5501,1501,2025-08-18,Quote for Maintenance/Tune-up,Accepted
5502,1502,2025-08-19,Quote for AC Repair,Rejected
5503,1503,2025-08-19,Quote for AC Repair,Rejected
5504,1504,2025-08-19,Quote for AC Repair,Rejected
5505,1505,2025-08-19,Quote for AC Repair,Accepted
5506,1506,2025-08-19,Quote for AC Repair,Accepted
5507,1507,2025-08-19,Quote for AC Repair,Rejected
5508,1508,2025-08-20,Quote for AC Repair,Accepted
5509,1509,2025-08-20,Quote for AC Repair,Accepted
5510,1510,2025-08-20,Quote for Maintenance/Tune-up,Accepted
5511,1511,2025-08-20,Quote for AC Repair,Rejected
5512,1512,2025-08-20,Quote for AC Repair,Accepted
5513,1513,2025-08-21,Quote for AC Repair,Accepted
5514,1514,2025-08-21,Quote for AC Installation,Rejected
5515,1515,2025-08-21,Quote for AC Repair,Accepted
5516,1516,2025-08-21,Quote for AC Repair,Rejected
5517,1517,2025-08-21,Quote for AC Repair,Accepted
5518,1518,2025-08-21,Quote for AC Repair,Accepted
5519,1519,2025-08-22,Quote for Maintenance/Tune-up,Rejected
5520,1520,2025-08-22,Quote for AC Repair,Rejected
5521,1521,2025-08-22,Quote for AC Repair,Rejected
5522,1522,2025-08-23,Quote for Maintenance/Tune-up,Rejected
5523,1523,2025-08-23,Quote for AC Repair,Accepted
5524,1524,2025-08-25,Quote for AC Repair,Rejected
5525,1525,2025-08-25,Quote for Maintenance/Tune-up,Accepted
5526,1526,2025-08-25,Quote for AC Repair,Rejected
5527,1527,2025-08-25,Quote for AC Repair,Rejected
5528,1528,2025-08-25,Quote for Maintenance/Tune-up,Accepted
5529,1529,2025-08-25,Quote for AC Repair,Rejected
5530,1530,2025-08-25,Quote for AC Repair,Rejected
5531,1531,2025-08-26,Quote for AC Repair,Accepted
5532,1532,2025-08-26,Quote for AC Installation,Accepted
5533,1533,2025-08-26,Quote for Maintenance/Tune-up,Accepted
5534,1534,2025-08-26,Quote for AC Repair,Accepted
5535,1535,2025-08-26,Quote for Maintenance/Tune-up,Accepted
5536,1536,2025-08-26,Quote for AC Repair,Rejected
5537,1537,2025-08-26,Quote for AC Repair,Rejected
5538,1538,2025-08-27,Quote for Maintenance/Tune-up,Accepted
5539,1539,2025-08-27,Quote for AC Repair,Accepted
5540,1540,2025-08-27,Quote for AC Repair,Accepted
5541,1541,2025-08-27,Quote for Maintenance/Tune-up,Rejected
5542,1542,2025-08-27,Quote for Maintenance/Tune-up,Accepted
5543,1543,2025-08-28,Quote for Maintenance/Tune-up,Rejected
5544,1544,2025-08-28,Quote for Maintenance/Tune-up,Accepted
5545,1545,2025-08-29,Quote for Maintenance/Tune-up,Rejected
5546,1546,2025-08-29,Quote for AC Repair,Rejected
5547,1547,2025-08-29,Quote for AC Repair,Accepted
5548,1548,2025-08-29,Quote for AC Repair,Accepted
5549,1549,2025-08-29,Quote for AC Repair,Rejected
5550,1550,2025-08-30,Quote for AC Installation,Accepted
5551,1551,2025-08-30,Quote for Maintenance/Tune-up,Accepted
5552,1552,2025-09-01,Quote for AC Installation,Accepted
5553,1553,2025-09-01,Quote for AC Repair,Rejected
5554,1554,2025-09-02,Quote for Maintenance/Tune-up,Rejected
5555,1555,2025-09-02,Quote for AC Repair,Rejected
5556,1556,2025-09-02,Quote for AC Repair,Rejected
5557,1557,2025-09-03,Quote for AC Repair,Accepted
5558,1558,2025-09-04,Quote for AC Repair,Accepted
5559,1559,2025-09-04,Quote for AC Repair,Rejected
5560,1560,2025-09-05,Quote for AC Repair,Rejected
5561,1561,2025-09-05,Quote for AC Repair,Rejected
5562,1562,2025-09-05,Quote for Maintenance/Tune-up,Accepted
5563,1563,2025-09-06,Quote for AC Repair,Accepted
5564,1564,2025-09-08,Quote for AC Repair,Accepted
5565,1565,2025-09-08,Quote for AC Installation,Rejected
5566,1566,2025-09-08,Quote for AC Repair,Accepted
5567,1567,2025-09-08,Quote for AC Repair,Rejected
5568,1568,2025-09-08,Quote for AC Installation,Accepted
5569,1569,2025-09-09,Quote for Maintenance/Tune-up,Accepted
5570,1570,2025-09-10,Quote for AC Repair,Rejected
5571,1571,2025-09-10,Quote for Maintenance/Tune-up,Rejected
5572,1572,2025-09-10,Quote for AC Repair,Rejected
5573,1573,2025-09-10,Quote for AC Repair,Accepted
5574,1574,2025-09-10,Quote for AC Repair,Rejected
5575,1575,2025-09-11,Quote for AC Repair,Accepted
5576,1576,2025-09-11,Quote for Maintenance/Tune-up,Accepted
5577,1577,2025-09-11,Quote for Maintenance/Tune-up,Accepted
5578,1578,2025-09-12,Quote for AC Repair,Accepted
5579,1579,2025-09-12,Quote for AC Repair,Rejected
5580,1580,2025-09-12,Quote for AC Repair,Rejected
5581,1581,2025-09-12,Quote for AC Repair,Accepted
5582,1582,2025-09-12,Quote for AC Installation,Rejected
5583,1583,2025-09-13,Quote for AC Repair,Rejected
5584,1584,2025-09-13,Quote for AC Repair,Rejected
5585,1585,2025-09-15,Quote for AC Repair,Rejected
5586,1586,2025-09-15,Quote for AC Repair,Rejected
5587,1587,2025-09-15,Quote for Maintenance/Tune-up,Rejected
5588,1588,2025-09-15,Quote for AC Repair,Accepted
5589,1589,2025-09-16,Quote for AC Repair,Rejected
5590,1590,2025-09-16,Quote for AC Repair,Accepted
5591,1591,2025-09-16,Quote for Maintenance/Tune-up,Accepted
5592,1592,2025-09-17,Quote for Maintenance/Tune-up,Rejected
5593,1593,2025-09-17,Quote for AC Repair,Accepted
5594,1594,2025-09-18,Quote for Maintenance/Tune-up,Accepted
5595,1595,2025-09-19,Quote for AC Repair,Rejected
5596,1596,2025-09-19,Quote for AC Repair,Accepted
5597,1597,2025-09-22,Quote for AC Repair,Rejected
5598,1598,2025-09-22,Quote for AC Repair,Rejected
5599,1599,2025-09-22,Quote for AC Repair,Accepted
5600,1600,2025-09-22,Quote for AC Repair,Accepted
5601,1601,2025-09-22,Quote for Maintenance/Tune-up,Accepted
5602,1602,2025-09-23,Quote for AC Repair,Accepted
5603,1603,2025-09-24,Quote for AC Repair,Accepted
5604,1604,2025-09-24,Quote for AC Repair,Accepted
5605,1605,2025-09-24,Quote for Maintenance/Tune-up,Rejected
5606,1606,2025-09-24,Quote for AC Installation,Rejected
5607,1607,2025-09-25,Quote for Maintenance/Tune-up,Accepted
5608,1608,2025-09-25,Quote for Maintenance/Tune-up,Rejected
5609,1609,2025-09-26,Quote for AC Repair,Rejected
5610,1610,2025-09-27,Quote for AC Repair,Rejected
5611,1611,2025-09-29,Quote for Maintenance/Tune-up,Accepted
5612,1612,2025-09-29,Quote for Maintenance/Tune-up,Accepted
5613,1613,2025-09-29,Quote for AC Repair,Accepted
5614,1614,2025-09-29,Quote for AC Repair,Accepted
5615,1615,2025-09-30,Quote for Maintenance/Tune-up,Rejected
5616,1616,2025-10-01,Quote for Maintenance/Tune-up,Accepted
5617,1617,2025-10-02,Quote for AC Installation,Accepted
5618,1618,2025-10-03,Quote for Maintenance/Tune-up,Accepted
5619,1619,2025-10-03,Quote for Maintenance/Tune-up,Accepted
5620,1620,2025-10-03,Quote for Maintenance/Tune-up,Accepted
5621,1621,2025-10-04,Quote for AC Installation,Rejected
5622,1622,2025-10-06,Quote for Maintenance/Tune-up,Accepted
5623,1623,2025-10-06,Quote for Air Quality Install,Rejected
5624,1624,2025-10-07,Quote for Maintenance/Tune-up,Rejected
5625,1625,2025-10-07,Quote for Maintenance/Tune-up,Accepted
5626,1626,2025-10-08,Quote for Maintenance/Tune-up,Accepted
5627,1627,2025-10-09,Quote for AC Installation,Rejected
5628,1628,2025-10-09,Quote for Maintenance/Tune-up,Accepted
5629,1629,2025-10-09,Quote for Maintenance/Tune-up,Accepted
5630,1630,2025-10-10,Quote for AC Installation,Rejected
5631,1631,2025-10-10,Quote for AC Installation,Rejected
5632,1632,2025-10-10,Quote for AC Installation,Rejected
5633,1633,2025-10-11,Quote for Air Quality Install,Rejected
5634,1634,2025-10-13,Quote for Maintenance/Tune-up,Accepted
5635,1635,2025-10-14,Quote for Air Quality Install,Accepted
5636,1636,2025-10-15,Quote for Maintenance/Tune-up,Accepted
5637,1637,2025-10-16,Quote for Maintenance/Tune-up,Rejected
5638,1638,2025-10-16,Quote for AC Installation,Accepted
5639,1639,2025-10-16,Quote for Air Quality Install,Accepted
5640,1640,2025-10-17,Quote for Maintenance/Tune-up,Accepted
5641,1641,2025-10-17,Quote for Maintenance/Tune-up,Accepted
5642,1642,2025-10-17,Quote for Maintenance/Tune-up,Rejected
5643,1643,2025-10-19,Quote for AC Installation,Accepted
5644,1644,2025-10-20,Quote for Air Quality Install,Rejected
5645,1645,2025-10-20,Quote for Maintenance/Tune-up,Rejected
5646,1646,2025-10-20,Quote for Maintenance/Tune-up,Rejected
5647,1647,2025-10-21,Quote for AC Installation,Accepted
5648,1648,2025-10-21,Quote for Maintenance/Tune-up,Rejected
5649,1649,2025-10-22,Quote for Maintenance/Tune-up,Rejected
5650,1650,2025-10-23,Quote for Maintenance/Tune-up,Rejected
5651,1651,2025-10-24,Quote for Maintenance/Tune-up,Accepted
5652,1652,2025-10-24,Quote for Maintenance/Tune-up,Rejected
5653,1653,2025-10-24,Quote for Maintenance/Tune-up,Rejected
5654,1654,2025-10-27,Quote for AC Installation,Accepted
5655,1655,2025-10-27,Quote for Maintenance/Tune-up,Rejected
5656,1656,2025-10-27,Quote for Maintenance/Tune-up,Rejected
5657,1657,2025-10-28,Quote for Maintenance/Tune-up,Accepted
5658,1658,2025-10-28,Quote for Air Quality Install,Rejected
5659,1659,2025-10-28,Quote for Maintenance/Tune-up,Accepted
5660,1660,2025-10-29,Quote for Maintenance/Tune-up,Accepted
5661,1661,2025-10-30,Quote for Maintenance/Tune-up,Accepted
5662,1662,2025-10-31,Quote for Maintenance/Tune-up,Rejected
5663,1663,2025-11-01,Quote for Maintenance/Tune-up,Accepted
5664,1664,2025-11-03,Quote for Heating Repair,Accepted
5665,1665,2025-11-03,Quote for Heating Repair,Rejected
5666,1666,2025-11-04,Quote for Heat Pump Install,Rejected
5667,1667,2025-11-05,Quote for Heating Repair,Accepted
5668,1668,2025-11-05,Quote for Maintenance/Tune-up,Accepted
5669,1669,2025-11-06,Quote for Maintenance/Tune-up,Rejected
5670,1670,2025-11-06,Quote for Heat Pump Install,Rejected
5671,1671,2025-11-07,Quote for Maintenance/Tune-up,Accepted
5672,1672,2025-11-10,Quote for Maintenance/Tune-up,Rejected
5673,1673,2025-11-11,Quote for Heating Repair,Accepted
5674,1674,2025-11-12,Quote for Heating Repair,Rejected
5675,1675,2025-11-13,Quote for Maintenance/Tune-up,Accepted
5676,1676,2025-11-14,Quote for Maintenance/Tune-up,Rejected
5677,1677,2025-11-14,Quote for Heat Pump Install,Accepted
5678,1678,2025-11-15,Quote for Heating Repair,Rejected
5679,1679,2025-11-17,Quote for Heating Repair,Rejected
5680,1680,2025-11-18,Quote for Maintenance/Tune-up,Accepted
5681,1681,2025-11-19,Quote for Maintenance/Tune-up,Accepted
5682,1682,2025-11-19,Quote for Heating Repair,Rejected
5683,1683,2025-11-20,Quote for Heating Repair,Accepted
5684,1684,2025-11-21,Quote for Heating Repair,Rejected
5685,1685,2025-11-24,Quote for Maintenance/Tune-up,Rejected
5686,1686,2025-11-25,Quote for Heating Repair,Rejected
5687,1687,2025-11-25,Quote for Maintenance/Tune-up,Accepted
5688,1688,2025-11-26,Quote for Heat Pump Install,Accepted
5689,1689,2025-11-26,Quote for Heat Pump Install,Accepted
5690,1690,2025-11-26,Quote for Heating Repair,Rejected
5691,1691,2025-11-27,Quote for Heating Repair,Accepted
5692,1692,2025-11-27,Quote for Heat Pump Install,Accepted
5693,1693,2025-11-28,Quote for Heat Pump Install,Rejected
5694,1694,2025-11-29,Quote for Maintenance/Tune-up,Accepted
5695,1695,2025-12-01,Quote for Maintenance/Tune-up,Accepted
5696,1696,2025-12-01,Quote for Heating Repair,Accepted
5697,1697,2025-12-01,Quote for Maintenance/Tune-up,Accepted
5698,1698,2025-12-02,Quote for Heating Repair,Rejected
5699,1699,2025-12-02,Quote for Heat Pump Install,Rejected
5700,1700,2025-12-03,Quote for Heating Repair,Accepted
5701,1701,2025-12-04,Quote for Heating Repair,Accepted
5702,1702,2025-12-04,Quote for Heating Repair,Accepted
5703,1703,2025-12-04,Quote for Heating Repair,Rejected
5704,1704,2025-12-05,Quote for Heating Repair,Rejected
5705,1705,2025-12-06,Quote for Heating Repair,Rejected
5706,1706,2025-12-08,Quote for Maintenance/Tune-up,Accepted
5707,1707,2025-12-09,Quote for Heating Repair,Rejected
5708,1708,2025-12-10,Quote for Maintenance/Tune-up,Accepted
5709,1709,2025-12-10,Quote for Heating Repair,Rejected
5710,1710,2025-12-10,Quote for Heating Repair,Rejected
5711,1711,2025-12-11,Quote for Maintenance/Tune-up,Rejected
5712,1712,2025-12-11,Quote for Heating Repair,Rejected
5713,1713,2025-12-11,Quote for Heating Repair,Accepted
5714,1714,2025-12-12,Quote for Maintenance/Tune-up,Accepted
5715,1715,2025-12-12,Quote for Maintenance/Tune-up,Rejected
5716,1716,2025-12-13,Quote for Heating Repair,Accepted
5717,1717,2025-12-15,Quote for Heat Pump Install,Accepted
5718,1718,2025-12-16,Quote for Heating Repair,Rejected
5719,1719,2025-12-16,Quote for Heat Pump Install,Rejected
5720,1720,2025-12-16,Quote for Maintenance/Tune-up,Accepted
5721,1721,2025-12-17,Quote for Maintenance/Tune-up,Rejected
5722,1722,2025-12-17,Quote for Maintenance/Tune-up,Accepted
5723,1723,2025-12-18,Quote for Heating Repair,Accepted
5724,1724,2025-12-18,Quote for Heat Pump Install,Rejected
5725,1725,2025-12-18,Quote for Heat Pump Install,Rejected
5726,1726,2025-12-19,Quote for Maintenance/Tune-up,Accepted
5727,1727,2025-12-22,Quote for Maintenance/Tune-up,Rejected
5728,1728,2025-12-23,Quote for Maintenance/Tune-up,Accepted
5729,1729,2025-12-24,Quote for Maintenance/Tune-up,Accepted
5730,1730,2025-12-25,Quote for Heating Repair,Accepted
5731,1731,2025-12-26,Quote for Heating Repair,Rejected
5732,1732,2025-12-26,Quote for Maintenance/Tune-up,Accepted
5733,1733,2025-12-26,Quote for Maintenance/Tune-up,Accepted
5734,1734,2025-12-27,Quote for Heating Repair,Accepted
5735,1735,2025-12-29,Quote for Heating Repair,Rejected
5736,1736,2025-12-29,Quote for Heating Repair,Accepted
5737,1737,2025-12-30,Quote for Maintenance/Tune-up,Rejected
5738,1738,2025-12-30,Quote for Heating Repair,Rejected
5739,1739,2025-12-31,Quote for Maintenance/Tune-up,Accepted
