JobID,QuoteID,CustomerID,JobType,Status
8000,5000,1000,Heating Repair,Completed
8001,5001,1001,Heating Repair,Completed
8002,5002,1002,Heat Pump Install,Completed
8003,5003,1003,Maintenance/Tune-up,Completed
8004,5004,1004,Maintenance/Tune-up,Completed
8005,5005,1005,Maintenance/Tune-up,Completed
8006,5006,1006,Heating Repair,Completed
8007,5007,1007,Heating Repair,Completed
8008,5008,1008,Maintenance/Tune-up,Completed
8009,5009,1009,Heat Pump Install,Completed
8010,5010,1010,Heating Repair,Completed
8011,5011,1011,Maintenance/Tune-up,Completed
8012,5012,1012,Maintenance/Tune-up,Completed
8013,5013,1013,Heating Repair,Completed
8014,5014,1014,Heating Repair,Completed
8015,5016,1016,Heat Pump Install,Completed
8016,5017,1017,Maintenance/Tune-up,Completed
8017,5018,1018,Heat Pump Install,Completed
8018,5019,1019,Maintenance/Tune-up,Completed
8019,5020,1020,Heating Repair,Completed
8020,5021,1021,Heating Repair,Completed
8021,5022,1022,Heating Repair,Completed
8022,5024,1024,Heating Repair,Completed
8023,5025,1025,Maintenance/Tune-up,Completed
8024,5026,1026,Maintenance/Tune-up,Completed
8025,5027,1027,Heating Repair,Completed
8026,5028,1028,Maintenance/Tune-up,Completed
8027,5029,1029,Heating Repair,Completed
8028,5031,1031,Heating Repair,Completed
8029,5032,1032,Heat Pump Install,Completed
8030,5033,1033,Maintenance/Tune-up,Completed
8031,5035,1035,Heating Repair,Completed
8032,5037,1037,Maintenance/Tune-up,Completed
8033,5038,1038,Maintenance/Tune-up,Completed
8034,5039,1039,Maintenance/Tune-up,Completed
8035,5040,1040,Maintenance/Tune-up,Completed
8036,5041,1041,Heating Repair,Completed
8037,5042,1042,Heating Repair,Completed
8038,5043,1043,Heat Pump Install,Completed
8039,5044,1044,Maintenance/Tune-up,Completed
8040,5045,1045,Heat Pump Install,Completed
8041,5046,1046,Heating Repair,Completed
8042,5047,1047,Heating Repair,Completed
8043,5048,1048,Maintenance/Tune-up,Completed
8044,5049,1049,Heating Repair,Completed
8045,5050,1050,Heat Pump Install,Completed
8046,5051,1051,Heating Repair,Completed
8047,5052,1052,Heating Repair,Completed
8048,5053,1053,Maintenance/Tune-up,Completed
8049,5054,1054,Maintenance/Tune-up,Completed
8050,5055,1055,Heat Pump Install,Completed
8051,5056,1056,Heating Repair,Completed
8052,5057,1057,Heating Repair,Completed
8053,5058,1058,Heating Repair,Completed
8054,5059,1059,Maintenance/Tune-up,Completed
8055,5060,1060,Heating Repair,Completed
8056,5062,1062,Maintenance/Tune-up,Completed
8057,5063,1063,Heating Repair,Completed
8058,5064,1064,Heating Repair,Completed
8059,5065,1065,Maintenance/Tune-up,Completed
8060,5066,1066,Maintenance/Tune-up,Completed
8061,5067,1067,Heating Repair,Completed
8062,5068,1068,Maintenance/Tune-up,Completed
8063,5069,1069,Heating Repair,Completed
8064,5070,1070,Heating Repair,Completed
8065,5071,1071,Maintenance/Tune-up,Completed
8066,5072,1072,Heat Pump Install,Completed
8067,5073,1073,Maintenance/Tune-up,Completed
8068,5074,1074,Heating Repair,Completed
8069,5076,1076,Heat Pump Install,Completed
8070,5077,1077,Maintenance/Tune-up,Completed
8071,5078,1078,Heating Repair,Completed
8072,5079,1079,Heat Pump Install,Completed
8073,5080,1080,Heating Repair,Completed
8074,5082,1082,Heat Pump Install,Completed
8075,5083,1083,Heating Repair,Completed
8076,5084,1084,Heating Repair,Completed
8077,5085,1085,Heating Repair,Completed
8078,5086,1086,Maintenance/Tune-up,Completed
8079,5087,1087,Heating Repair,Completed
8080,5088,1088,Heating Repair,Completed
8081,5089,1089,Heating Repair,Completed
8082,5090,1090,Heating Repair,Completed
8083,5092,1092,Heating Repair,Completed
8084,5093,1093,Maintenance/Tune-up,Completed
8085,5094,1094,Heating Repair,Completed
8086,5096,1096,Heating Repair,Completed
8087,5097,1097,Heating Repair,Completed
8088,5098,1098,Maintenance/Tune-up,Completed
8089,5099,1099,Maintenance/Tune-up,Completed
8090,5100,1100,Maintenance/Tune-up,Completed
8091,5101,1101,Maintenance/Tune-up,Completed
8092,5102,1102,AC Installation,Completed
8093,5103,1103,Air Quality Install,Completed
8094,5104,1104,Maintenance/Tune-up,Completed
8095,5105,1105,Maintenance/Tune-up,Completed
8096,5106,1106,Air Quality Install,Completed
8097,5107,1107,Maintenance/Tune-up,Completed
8098,5109,1109,Maintenance/Tune-up,Completed
8099,5110,1110,Maintenance/Tune-up,Completed
8100,5111,1111,Maintenance/Tune-up,Completed
8101,5112,1112,AC Installation,Completed
8102,5113,1113,AC Installation,Completed
8103,5114,1114,AC Installation,Completed
8104,5115,1115,Maintenance/Tune-up,Completed
8105,5116,1116,AC Installation,Completed
8106,5117,1117,Maintenance/Tune-up,Completed
8107,5118,1118,Maintenance/Tune-up,Completed
8108,5119,1119,Air Quality Install,Completed
8109,5120,1120,Maintenance/Tune-up,Completed
8110,5121,1121,Maintenance/Tune-up,Completed
8111,5122,1122,Maintenance/Tune-up,Completed
8112,5123,1123,AC Installation,Completed
8113,5125,1125,Maintenance/Tune-up,Completed
8114,5126,1126,AC Installation,Completed
8115,5127,1127,Maintenance/Tune-up,Completed
8116,5128,1128,Maintenance/Tune-up,Completed
8117,5130,1130,Maintenance/Tune-up,Completed
8118,5131,1131,Maintenance/Tune-up,Completed
8119,5132,1132,Maintenance/Tune-up,Completed
8120,5133,1133,AC Installation,Completed
8121,5134,1134,Maintenance/Tune-up,Completed
8122,5135,1135,Air Quality Install,Completed
8123,5136,1136,Maintenance/Tune-up,Completed
8124,5137,1137,Maintenance/Tune-up,Completed
8125,5140,1140,AC Installation,Completed
8126,5141,1141,Maintenance/Tune-up,Completed
8127,5142,1142,Maintenance/Tune-up,Completed
8128,5143,1143,Maintenance/Tune-up,Completed
8129,5144,1144,AC Installation,Completed
8130,5145,1145,Air Quality Install,Completed
8131,5146,1146,Maintenance/Tune-up,Completed
8132,5147,1147,Maintenance/Tune-up,Completed
8133,5148,1148,Air Quality Install,Completed
8134,5149,1149,Maintenance/Tune-up,Completed
8135,5150,1150,AC Installation,Completed
8136,5151,1151,Air Quality Install,Completed
8137,5152,1152,Maintenance/Tune-up,Completed
8138,5153,1153,Maintenance/Tune-up,Completed
8139,5155,1155,Maintenance/Tune-up,Completed
8140,5156,1156,Maintenance/Tune-up,Completed
8141,5157,1157,Maintenance/Tune-up,Completed
8142,5158,1158,Maintenance/Tune-up,Completed
8143,5159,1159,AC Installation,Completed
8144,5160,1160,Maintenance/Tune-up,Completed
8145,5161,1161,Maintenance/Tune-up,Completed
8146,5162,1162,Maintenance/Tune-up,Completed
8147,5163,1163,Maintenance/Tune-up,Completed
8148,5164,1164,AC Installation,Completed
8149,5165,1165,AC Installation,Completed
8150,5166,1166,Maintenance/Tune-up,Completed
8151,5167,1167,Maintenance/Tune-up,Completed
8152,5168,1168,Maintenance/Tune-up,Completed
8153,5169,1169,AC Installation,Completed
8154,5170,1170,Maintenance/Tune-up,Completed
8155,5173,1173,Maintenance/Tune-up,Completed
8156,5174,1174,Maintenance/Tune-up,Completed
8157,5175,1175,Maintenance/Tune-up,Completed
8158,5176,1176,Maintenance/Tune-up,Completed
8159,5177,1177,AC Installation,Completed
8160,5178,1178,Air Quality Install,Completed
8161,5179,1179,Maintenance/Tune-up,Completed
8162,5181,1181,AC Installation,Completed
8163,5182,1182,Maintenance/Tune-up,Completed
8164,5183,1183,Maintenance/Tune-up,Completed
8165,5184,1184,Maintenance/Tune-up,Completed
8166,5185,1185,Maintenance/Tune-up,Completed
8167,5186,1186,Maintenance/Tune-up,Completed
8168,5187,1187,Maintenance/Tune-up,Completed
8169,5188,1188,Maintenance/Tune-up,Completed
8170,5189,1189,AC Installation,Completed
8171,5190,1190,Maintenance/Tune-up,Completed
8172,5191,1191,Maintenance/Tune-up,Completed
8173,5192,1192,Air Quality Install,Completed
8174,5193,1193,AC Installation,Completed
8175,5194,1194,AC Installation,Completed
8176,5195,1195,Maintenance/Tune-up,Completed
8177,5196,1196,Maintenance/Tune-up,Completed
8178,5197,1197,Maintenance/Tune-up,Completed
8179,5198,1198,Maintenance/Tune-up,Completed
8180,5199,1199,Air Quality Install,Completed
8181,5200,1200,Maintenance/Tune-up,Completed
8182,5201,1201,Maintenance/Tune-up,Completed
8183,5202,1202,Maintenance/Tune-up,Completed
8184,5203,1203,AC Installation,Completed
8185,5204,1204,AC Installation,Completed
8186,5205,1205,Maintenance/Tune-up,Completed
8187,5206,1206,AC Installation,Completed
8188,5207,1207,Maintenance/Tune-up,Completed
8189,5208,1208,AC Installation,Completed
8190,5209,1209,Maintenance/Tune-up,Completed
8191,5210,1210,AC Installation,Completed
8192,5211,1211,AC Repair,Completed
8193,5212,1212,Maintenance/Tune-up,Completed
8194,5213,1213,Maintenance/Tune-up,Completed
8195,5214,1214,AC Repair,Completed
8196,5215,1215,AC Repair,Completed
8197,5216,1216,AC Repair,Completed
8198,5217,1217,AC Repair,Completed
8199,5218,1218,AC Repair,Completed
8200,5219,1219,AC Installation,Completed
8201,5220,1220,AC Repair,Completed
8202,5221,1221,AC Repair,Completed
8203,5222,1222,AC Repair,Completed
8204,5224,1224,AC Repair,Completed
8205,5227,1227,Maintenance/Tune-up,Completed
8206,5228,1228,AC Repair,Completed
8207,5229,1229,Maintenance/Tune-up,Completed
8208,5230,1230,AC Repair,Completed
8209,5231,1231,Maintenance/Tune-up,Completed
8210,5233,1233,AC Repair,Completed
8211,5234,1234,AC Repair,Completed
8212,5235,1235,AC Installation,Completed
8213,5236,1236,AC Repair,Completed
8214,5237,1237,AC Repair,Completed
8215,5238,1238,Maintenance/Tune-up,Completed
8216,5239,1239,Maintenance/Tune-up,Completed
8217,5240,1240,AC Repair,Completed
8218,5241,1241,AC Repair,Completed
8219,5242,1242,Maintenance/Tune-up,Completed
8220,5243,1243,AC Repair,Completed
8221,5244,1244,AC Repair,Completed
8222,5245,1245,Maintenance/Tune-up,Completed
8223,5246,1246,Maintenance/Tune-up,Completed
8224,5247,1247,AC Repair,Completed
8225,5248,1248,Maintenance/Tune-up,Completed
8226,5249,1249,AC Installation,Completed
8227,5250,1250,AC Repair,Completed
8228,5253,1253,Maintenance/Tune-up,Completed
8229,5254,1254,Maintenance/Tune-up,Completed
8230,5255,1255,Maintenance/Tune-up,Completed
8231,5256,1256,AC Repair,Completed
8232,5257,1257,Maintenance/Tune-up,Completed
8233,5259,1259,AC Repair,Completed
8234,5260,1260,AC Repair,Completed
8235,5261,1261,AC Repair,Completed
8236,5262,1262,AC Repair,Completed
8237,5263,1263,Maintenance/Tune-up,Completed
8238,5264,1264,Maintenance/Tune-up,Completed
8239,5265,1265,AC Repair,Completed
8240,5266,1266,AC Installation,Completed
8241,5267,1267,AC Repair,Completed
8242,5268,1268,Maintenance/Tune-up,Completed
8243,5269,1269,AC Repair,Completed
8244,5270,1270,Maintenance/Tune-up,Completed
8245,5271,1271,Maintenance/Tune-up,Completed
8246,5272,1272,AC Repair,Completed
8247,5273,1273,AC Repair,Completed
8248,5274,1274,Maintenance/Tune-up,Completed
8249,5276,1276,AC Repair,Completed
8250,5277,1277,Maintenance/Tune-up,Completed
8251,5278,1278,Maintenance/Tune-up,Completed
8252,5279,1279,AC Installation,Completed
8253,5280,1280,Maintenance/Tune-up,Completed
8254,5281,1281,AC Repair,Completed
8255,5283,1283,Maintenance/Tune-up,Completed
8256,5284,1284,AC Repair,Completed
8257,5286,1286,AC Repair,Completed
8258,5287,1287,AC Repair,Completed
8259,5288,1288,AC Repair,Completed
8260,5289,1289,AC Installation,Completed
8261,5290,1290,Maintenance/Tune-up,Completed
8262,5291,1291,AC Repair,Completed
8263,5292,1292,Maintenance/Tune-up,Completed
8264,5293,1293,Maintenance/Tune-up,Completed
8265,5295,1295,AC Installation,Completed
8266,5296,1296,AC Installation,Completed
8267,5297,1297,AC Repair,Completed
8268,5298,1298,Maintenance/Tune-up,Completed
8269,5300,1300,AC Repair,Completed
8270,5301,1301,AC Repair,Completed
8271,5302,1302,AC Installation,Completed
8272,5303,1303,AC Repair,Completed
8273,5304,1304,Maintenance/Tune-up,Completed
8274,5305,1305,AC Repair,Completed
8275,5306,1306,AC Repair,Completed
8276,5307,1307,AC Repair,Completed
8277,5308,1308,Maintenance/Tune-up,Completed
8278,5309,1309,Maintenance/Tune-up,Completed
8279,5310,1310,AC Repair,Completed
8280,5311,1311,Maintenance/Tune-up,Completed
8281,5312,1312,AC Repair,Completed
8282,5313,1313,Maintenance/Tune-up,Completed
8283,5314,1314,AC Repair,Completed
8284,5316,1316,AC Repair,Completed
8285,5317,1317,AC Repair,Completed
8286,5318,1318,AC Repair,Completed
8287,5319,1319,AC Repair,Completed
8288,5320,1320,Maintenance/Tune-up,Completed
8289,5321,1321,AC Repair,Completed
8290,5323,1323,AC Installation,Completed
8291,5324,1324,Maintenance/Tune-up,Completed
8292,5325,1325,AC Repair,Completed
8293,5326,1326,AC Repair,Completed
8294,5327,1327,AC Repair,Completed
8295,5328,1328,Maintenance/Tune-up,Completed
8296,5329,1329,AC Repair,Completed
8297,5330,1330,Maintenance/Tune-up,Completed
8298,5331,1331,AC Repair,Completed
8299,5332,1332,AC Installation,Completed
8300,5333,1333,AC Repair,Completed
8301,5334,1334,Maintenance/Tune-up,Completed
8302,5335,1335,AC Repair,Completed
8303,5336,1336,AC Repair,Completed
8304,5337,1337,Maintenance/Tune-up,Completed
8305,5338,1338,AC Repair,Completed
8306,5339,1339,Maintenance/Tune-up,Completed
8307,5341,1341,Maintenance/Tune-up,Completed
8308,5342,1342,Maintenance/Tune-up,Completed
8309,5343,1343,AC Repair,Completed
8310,5344,1344,AC Repair,Completed
8311,5345,1345,AC Repair,Completed
8312,5346,1346,Maintenance/Tune-up,Completed
8313,5347,1347,AC Repair,Completed
8314,5348,1348,AC Repair,Completed
8315,5349,1349,Maintenance/Tune-up,Completed
8316,5350,1350,Maintenance/Tune-up,Completed
8317,5351,1351,Maintenance/Tune-up,Completed
8318,5352,1352,AC Repair,Completed
8319,5353,1353,AC Repair,Completed
8320,5354,1354,AC Repair,Completed
8321,5355,1355,Maintenance/Tune-up,Completed
8322,5356,1356,AC Repair,Completed
8323,5357,1357,Maintenance/Tune-up,Completed
8324,5358,1358,AC Repair,Completed
8325,5359,1359,AC Repair,Completed
8326,5360,1360,AC Repair,Completed
8327,5361,1361,AC Repair,Completed
8328,5362,1362,AC Repair,Completed
8329,5363,1363,AC Repair,Completed
8330,5364,1364,AC Repair,Completed
8331,5365,1365,AC Repair,Completed
8332,5366,1366,AC Repair,Completed
8333,5367,1367,AC Repair,Completed
8334,5369,1369,Maintenance/Tune-up,Completed
8335,5370,1370,AC Installation,Completed
8336,5371,1371,AC Repair,Completed
8337,5372,1372,AC Repair,Completed
8338,5373,1373,AC Repair,Completed
8339,5374,1374,AC Installation,Completed
8340,5375,1375,AC Repair,Completed
8341,5377,1377,Maintenance/Tune-up,Completed
8342,5378,1378,AC Repair,Completed
8343,5382,1382,AC Repair,Completed
8344,5383,1383,Maintenance/Tune-up,Completed
8345,5384,1384,AC Repair,Completed
8346,5385,1385,AC Installation,Completed
8347,5386,1386,Maintenance/Tune-up,Completed
8348,5388,1388,AC Repair,Completed
8349,5389,1389,AC Repair,Completed
8350,5390,1390,Maintenance/Tune-up,Completed
8351,5391,1391,Maintenance/Tune-up,Completed
8352,5392,1392,AC Repair,Completed
8353,5393,1393,AC Repair,Completed
8354,5394,1394,Maintenance/Tune-up,Completed
8355,5395,1395,AC Installation,Completed
8356,5396,1396,AC Repair,Completed
8357,5397,1397,AC Repair,Completed
8358,5398,1398,Maintenance/Tune-up,Completed
8359,5399,1399,AC Repair,Completed
8360,5400,1400,AC Repair,Completed
8361,5401,1401,AC Repair,Completed
8362,5402,1402,Maintenance/Tune-up,Completed
8363,5403,1403,AC Repair,Completed
8364,5404,1404,AC Repair,Completed
8365,5405,1405,Maintenance/Tune-up,Completed
8366,5407,1407,Maintenance/Tune-up,Completed
8367,5408,1408,AC Repair,Completed
8368,5409,1409,Maintenance/Tune-up,Completed
8369,5410,1410,Maintenance/Tune-up,Completed
8370,5411,1411,AC Repair,Completed
8371,5412,1412,AC Repair,Completed
8372,5413,1413,Maintenance/Tune-up,Completed
8373,5414,1414,Maintenance/Tune-up,Completed
8374,5415,1415,AC Repair,Completed
8375,5416,1416,AC Installation,Completed
8376,5417,1417,AC Repair,Completed
8377,5418,1418,AC Repair,Completed
8378,5419,1419,Maintenance/Tune-up,Completed
8379,5420,1420,Maintenance/Tune-up,Completed
8380,5421,1421,AC Repair,Completed
8381,5422,1422,AC Repair,Completed
8382,5423,1423,AC Repair,Completed
8383,5424,1424,Maintenance/Tune-up,Completed
8384,5425,1425,AC Repair,Completed
8385,5426,1426,AC Repair,Completed
8386,5427,1427,AC Repair,Completed
8387,5428,1428,AC Repair,Completed
8388,5429,1429,AC Repair,Completed
8389,5430,1430,Maintenance/Tune-up,Completed
8390,5431,1431,AC Repair,Completed
8391,5432,1432,AC Repair,Completed
8392,5433,1433,AC Installation,Completed
8393,5434,1434,Maintenance/Tune-up,Completed
8394,5435,1435,Maintenance/Tune-up,Completed
8395,5436,1436,AC Repair,Completed
8396,5437,1437,AC Installation,Completed
8397,5438,1438,AC Repair,Completed
8398,5439,1439,AC Repair,Completed
8399,5440,1440,AC Repair,Completed
8400,5442,1442,Maintenance/Tune-up,Completed
8401,5444,1444,AC Installation,Completed
8402,5445,1445,AC Repair,Completed
8403,5446,1446,Maintenance/Tune-up,Completed
8404,5447,1447,AC Installation,Completed
8405,5448,1448,AC Installation,Completed
8406,5449,1449,AC Repair,Completed
8407,5450,1450,AC Repair,Completed
8408,5451,1451,AC Repair,Completed
8409,5452,1452,AC Repair,Completed
8410,5453,1453,AC Repair,Completed
8411,5454,1454,AC Repair,Completed
8412,5455,1455,AC Repair,Completed
8413,5456,1456,AC Repair,Completed
8414,5457,1457,AC Installation,Completed
8415,5459,1459,Maintenance/Tune-up,Completed
8416,5460,1460,AC Repair,Completed
8417,5462,1462,AC Repair,Completed
8418,5463,1463,AC Repair,Completed
8419,5464,1464,AC Repair,Completed
8420,5465,1465,Maintenance/Tune-up,Completed
8421,5466,1466,Maintenance/Tune-up,Completed
8422,5467,1467,AC Repair,Completed
8423,5468,1468,Maintenance/Tune-up,Completed
8424,5469,1469,Maintenance/Tune-up,Completed
8425,5470,1470,AC Repair,Completed
8426,5471,1471,Maintenance/Tune-up,Completed
8427,5472,1472,AC Repair,Completed
8428,5473,1473,AC Repair,Completed
8429,5474,1474,Maintenance/Tune-up,Completed
8430,5475,1475,Maintenance/Tune-up,Completed
8431,5476,1476,AC Repair,Completed
8432,5477,1477,AC Repair,Completed
8433,5479,1479,AC Repair,Completed
8434,5480,1480,AC Repair,Completed
8435,5481,1481,AC Repair,Completed
8436,5483,1483,AC Repair,Completed
8437,5485,1485,Maintenance/Tune-up,Completed
8438,5487,1487,AC Repair,Completed
8439,5488,1488,AC Repair,Completed
8440,5489,1489,AC Repair,Completed
8441,5490,1490,Maintenance/Tune-up,Completed
8442,5491,1491,AC Repair,Completed
8443,5492,1492,AC Repair,Completed
8444,5493,1493,AC Repair,Completed
8445,5494,1494,Maintenance/Tune-up,Completed
8446,5495,1495,Maintenance/Tune-up,Completed
8447,5496,1496,AC Repair,Completed
8448,5497,1497,Maintenance/Tune-up,Completed
8449,5498,1498,AC Repair,Completed
8450,5499,1499,AC Repair,Completed
8451,5500,1500,Maintenance/Tune-up,Completed
8452,5501,1501,AC Repair,Completed
8453,5502,1502,AC Repair,Completed
8454,5503,1503,AC Repair,Completed
8455,5504,1504,AC Repair,Completed
8456,5505,1505,Maintenance/Tune-up,Completed
8457,5506,1506,AC Repair,Completed
8458,5507,1507,Maintenance/Tune-up,Completed
8459,5508,1508,AC Repair,Completed
8460,5509,1509,AC Installation,Completed
8461,5510,1510,Maintenance/Tune-up,Completed
8462,5511,1511,AC Repair,Completed
8463,5512,1512,Maintenance/Tune-up,Completed
8464,5513,1513,Maintenance/Tune-up,Completed
8465,5514,1514,Maintenance/Tune-up,Completed
8466,5515,1515,AC Repair,Completed
8467,5516,1516,Maintenance/Tune-up,Completed
8468,5517,1517,Maintenance/Tune-up,Completed
8469,5518,1518,AC Installation,Completed
8470,5519,1519,AC Repair,Completed
8471,5520,1520,AC Repair,Completed
8472,5521,1521,AC Repair,Completed
8473,5522,1522,AC Repair,Completed
8474,5523,1523,AC Installation,Completed
8475,5524,1524,Maintenance/Tune-up,Completed
8476,5525,1525,AC Installation,Completed
8477,5526,1526,Maintenance/Tune-up,Completed
8478,5529,1529,AC Installation,Completed
8479,5530,1530,AC Repair,Completed
8480,5532,1532,AC Repair,Completed
8481,5533,1533,AC Repair,Completed
8482,5534,1534,AC Repair,Completed
8483,5536,1536,AC Repair,Completed
8484,5538,1538,AC Repair,Completed
8485,5540,1540,AC Repair,Completed
8486,5541,1541,AC Repair,Completed
8487,5542,1542,AC Repair,Completed
8488,5543,1543,AC Repair,Completed
8489,5544,1544,AC Installation,Completed
8490,5545,1545,AC Repair,Completed
8491,5546,1546,AC Installation,Completed
8492,5548,1548,AC Repair,Completed
8493,5549,1549,AC Repair,Completed
8494,5550,1550,AC Repair,Completed
8495,5551,1551,AC Installation,Completed
8496,5552,1552,Maintenance/Tune-up,Completed
8497,5553,1553,Maintenance/Tune-up,Completed
8498,5554,1554,Maintenance/Tune-up,Completed
8499,5555,1555,AC Repair,Completed
8500,5556,1556,AC Repair,Completed
8501,5557,1557,Maintenance/Tune-up,Completed
8502,5558,1558,AC Repair,Completed
8503,5559,1559,Maintenance/Tune-up,Completed
8504,5560,1560,Maintenance/Tune-up,Completed
8505,5562,1562,AC Repair,Completed
8506,5563,1563,AC Repair,Completed
8507,5565,1565,AC Repair,Completed
8508,5567,1567,AC Repair,Completed
8509,5568,1568,AC Repair,Completed
8510,5570,1570,Maintenance/Tune-up,Completed
8511,5571,1571,Maintenance/Tune-up,Completed
8512,5572,1572,AC Repair,Completed
8513,5573,1573,AC Repair,Completed
8514,5575,1575,Maintenance/Tune-up,Completed
8515,5576,1576,AC Repair,Completed
8516,5577,1577,AC Repair,Completed
8517,5578,1578,AC Repair,Completed
8518,5579,1579,Maintenance/Tune-up,Completed
8519,5580,1580,Maintenance/Tune-up,Completed
8520,5581,1581,Maintenance/Tune-up,Completed
8521,5582,1582,Maintenance/Tune-up,Completed
8522,5583,1583,AC Installation,Completed
8523,5584,1584,AC Repair,Completed
8524,5585,1585,AC Repair,Completed
8525,5586,1586,Maintenance/Tune-up,Completed
8526,5587,1587,AC Repair,Completed
8527,5588,1588,Maintenance/Tune-up,Completed
8528,5589,1589,AC Repair,Completed
8529,5590,1590,Maintenance/Tune-up,Completed
8530,5591,1591,Maintenance/Tune-up,Completed
8531,5592,1592,AC Repair,Completed
8532,5593,1593,Maintenance/Tune-up,Completed
8533,5594,1594,AC Repair,Completed
8534,5595,1595,AC Repair,Completed
8535,5596,1596,AC Repair,Completed
8536,5597,1597,AC Repair,Completed
8537,5598,1598,AC Installation,Completed
8538,5599,1599,AC Repair,Completed
8539,5600,1600,AC Repair,Completed
8540,5601,1601,Maintenance/Tune-up,Completed
8541,5603,1603,AC Repair,Completed
8542,5604,1604,AC Repair,Completed
8543,5605,1605,Maintenance/Tune-up,Completed
8544,5606,1606,AC Repair,Completed
8545,5607,1607,AC Repair,Completed
8546,5608,1608,AC Repair,Completed
8547,5609,1609,AC Repair,Completed
8548,5610,1610,Maintenance/Tune-up,Completed
8549,5611,1611,AC Repair,Completed
8550,5612,1612,AC Installation,Completed
8551,5613,1613,Maintenance/Tune-up,Completed
8552,5614,1614,AC Repair,Completed
8553,5615,1615,AC Installation,Completed
8554,5616,1616,AC Repair,Completed
8555,5617,1617,AC Repair,Completed
8556,5618,1618,Maintenance/Tune-up,Completed
8557,5620,1620,AC Repair,Completed
8558,5621,1621,Maintenance/Tune-up,Completed
8559,5622,1622,AC Repair,Completed
8560,5623,1623,AC Repair,Completed
8561,5624,1624,AC Installation,Completed
8562,5625,1625,AC Repair,Completed
8563,5626,1626,Maintenance/Tune-up,Completed
8564,5627,1627,AC Repair,Completed
8565,5628,1628,AC Installation,Completed
8566,5629,1629,AC Repair,Completed
8567,5630,1630,AC Repair,Completed
8568,5631,1631,Maintenance/Tune-up,Completed
8569,5632,1632,AC Repair,Completed
8570,5634,1634,Maintenance/Tune-up,Completed
8571,5635,1635,AC Repair,Completed
8572,5636,1636,AC Repair,Completed
8573,5637,1637,AC Repair,Completed
8574,5638,1638,Maintenance/Tune-up,Completed
8575,5639,1639,AC Repair,Completed
8576,5640,1640,AC Repair,Completed
8577,5642,1642,AC Repair,Completed
8578,5643,1643,AC Repair,Completed
8579,5645,1645,AC Repair,Completed
8580,5646,1646,AC Repair,Completed
8581,5648,1648,AC Repair,Completed
8582,5649,1649,Maintenance/Tune-up,Completed
8583,5650,1650,AC Repair,Completed
8584,5652,1652,AC Repair,Completed
8585,5653,1653,Maintenance/Tune-up,Completed
8586,5654,1654,AC Repair,Completed
8587,5655,1655,Maintenance/Tune-up,Completed
8588,5657,1657,Maintenance/Tune-up,Completed
8589,5658,1658,Maintenance/Tune-up,Completed
8590,5659,1659,AC Repair,Completed
8591,5660,1660,AC Repair,Completed
8592,5661,1661,Maintenance/Tune-up,Completed
8593,5662,1662,Maintenance/Tune-up,Completed
8594,5664,1664,AC Repair,Completed
8595,5667,1667,AC Repair,Completed
8596,5668,1668,Maintenance/Tune-up,Completed
8597,5669,1669,Maintenance/Tune-up,Completed
8598,5670,1670,AC Installation,Completed
8599,5671,1671,AC Repair,Completed
8600,5673,1673,AC Installation,Completed
8601,5674,1674,Maintenance/Tune-up,Completed
8602,5675,1675,Maintenance/Tune-up,Completed
8603,5676,1676,Maintenance/Tune-up,Completed
8604,5678,1678,AC Installation,Completed
8605,5679,1679,AC Repair,Completed
8606,5680,1680,Maintenance/Tune-up,Completed
8607,5681,1681,AC Repair,Completed
8608,5683,1683,Maintenance/Tune-up,Completed
8609,5684,1684,AC Installation,Completed
8610,5685,1685,AC Repair,Completed
8611,5686,1686,AC Repair,Completed
8612,5687,1687,Maintenance/Tune-up,Completed
8613,5688,1688,Maintenance/Tune-up,Completed
8614,5689,1689,AC Repair,Completed
8615,5690,1690,AC Repair,Completed
8616,5691,1691,AC Repair,Completed
8617,5692,1692,AC Repair,Completed
8618,5693,1693,AC Repair,Completed
8619,5694,1694,AC Repair,Completed
8620,5695,1695,Maintenance/Tune-up,Completed
8621,5696,1696,Maintenance/Tune-up,Completed
8622,5697,1697,AC Repair,Completed
8623,5698,1698,AC Repair,Completed
8624,5699,1699,Maintenance/Tune-up,Completed
8625,5700,1700,AC Repair,Completed
8626,5702,1702,AC Repair,Completed
8627,5703,1703,AC Repair,Completed
8628,5704,1704,AC Repair,Completed
8629,5706,1706,AC Repair,Completed
8630,5707,1707,Maintenance/Tune-up,Completed
8631,5708,1708,AC Repair,Completed
8632,5709,1709,Maintenance/Tune-up,Completed
8633,5710,1710,Maintenance/Tune-up,Completed
8634,5711,1711,Maintenance/Tune-up,Completed
8635,5712,1712,Maintenance/Tune-up,Completed
8636,5713,1713,AC Repair,Completed
8637,5714,1714,AC Repair,Completed
8638,5716,1716,AC Repair,Completed
8639,5718,1718,AC Installation,Completed
8640,5721,1721,AC Repair,Completed
8641,5722,1722,Maintenance/Tune-up,Completed
8642,5723,1723,AC Installation,Completed
8643,5724,1724,AC Installation,Completed
8644,5726,1726,Maintenance/Tune-up,Completed
8645,5727,1727,AC Repair,Completed
8646,5728,1728,AC Repair,Completed
8647,5729,1729,AC Installation,Completed
8648,5730,1730,Maintenance/Tune-up,Completed
8649,5731,1731,AC Repair,Completed
8650,5732,1732,AC Repair,Completed
8651,5735,1735,AC Repair,Completed
8652,5737,1737,AC Repair,Completed
8653,5738,1738,Maintenance/Tune-up,Completed
8654,5739,1739,Maintenance/Tune-up,Completed
8655,5740,1740,Maintenance/Tune-up,Completed
8656,5742,1742,Maintenance/Tune-up,Completed
8657,5743,1743,Maintenance/Tune-up,Completed
8658,5745,1745,AC Repair,Completed
8659,5746,1746,AC Repair,Completed
8660,5747,1747,Maintenance/Tune-up,Completed
8661,5748,1748,AC Repair,Completed
8662,5749,1749,AC Repair,Completed
8663,5750,1750,AC Installation,Completed
8664,5751,1751,Maintenance/Tune-up,Completed
8665,5753,1753,Maintenance/Tune-up,Completed
8666,5754,1754,Maintenance/Tune-up,Completed
8667,5755,1755,Maintenance/Tune-up,Completed
8668,5756,1756,AC Repair,Completed
8669,5757,1757,AC Repair,Completed
8670,5758,1758,AC Repair,Completed
8671,5759,1759,AC Repair,Completed
8672,5760,1760,AC Repair,Completed
8673,5761,1761,AC Repair,Completed
8674,5762,1762,AC Repair,Completed
8675,5763,1763,AC Repair,Completed
8676,5764,1764,Maintenance/Tune-up,Completed
8677,5765,1765,Maintenance/Tune-up,Completed
8678,5766,1766,AC Repair,Completed
8679,5767,1767,AC Repair,Completed
8680,5768,1768,Maintenance/Tune-up,Completed
8681,5769,1769,AC Repair,Completed
8682,5770,1770,AC Installation,Completed
8683,5771,1771,AC Repair,Completed
8684,5772,1772,AC Repair,Completed
8685,5773,1773,AC Repair,Completed
8686,5774,1774,AC Repair,Completed
8687,5775,1775,AC Repair,Completed
8688,5777,1777,AC Repair,Completed
8689,5778,1778,AC Installation,Completed
8690,5779,1779,AC Repair,Completed
8691,5780,1780,Maintenance/Tune-up,Completed
8692,5781,1781,Maintenance/Tune-up,Completed
8693,5782,1782,Maintenance/Tune-up,Completed
8694,5783,1783,Maintenance/Tune-up,Completed
8695,5784,1784,AC Installation,Completed
8696,5785,1785,AC Repair,Completed
8697,5786,1786,AC Installation,Completed
8698,5787,1787,Maintenance/Tune-up,Completed
8699,5788,1788,AC Installation,Completed
8700,5789,1789,AC Repair,Completed
8701,5790,1790,Maintenance/Tune-up,Completed
8702,5791,1791,AC Repair,Completed
8703,5792,1792,AC Repair,Completed
8704,5793,1793,Maintenance/Tune-up,Completed
8705,5794,1794,AC Repair,Completed
8706,5795,1795,AC Repair,Completed
8707,5797,1797,AC Repair,Completed
8708,5798,1798,Maintenance/Tune-up,Completed
8709,5799,1799,Maintenance/Tune-up,Completed
8710,5800,1800,AC Repair,Completed
8711,5801,1801,Maintenance/Tune-up,Completed
8712,5802,1802,AC Installation,Completed
8713,5803,1803,AC Repair,Completed
8714,5804,1804,Maintenance/Tune-up,Completed
8715,5805,1805,AC Repair,Completed
8716,5806,1806,Maintenance/Tune-up,Completed
8717,5807,1807,Maintenance/Tune-up,Completed
8718,5808,1808,AC Repair,Completed
8719,5809,1809,AC Repair,Completed
8720,5810,1810,Maintenance/Tune-up,Completed
8721,5811,1811,Maintenance/Tune-up,Completed
8722,5812,1812,Maintenance/Tune-up,Completed
8723,5813,1813,AC Repair,Completed
8724,5814,1814,AC Installation,Completed
8725,5815,1815,AC Repair,Completed
8726,5816,1816,AC Repair,Completed
8727,5818,1818,AC Repair,Completed
8728,5819,1819,AC Repair,Completed
8729,5820,1820,AC Repair,Completed
8730,5821,1821,AC Repair,Completed
8731,5822,1822,AC Repair,Completed
8732,5823,1823,Maintenance/Tune-up,Completed
8733,5824,1824,AC Repair,Completed
8734,5825,1825,Maintenance/Tune-up,Completed
8735,5826,1826,Maintenance/Tune-up,Completed
8736,5827,1827,AC Repair,Completed
8737,5829,1829,AC Repair,Completed
8738,5830,1830,AC Repair,Completed
8739,5831,1831,AC Repair,Completed
8740,5832,1832,AC Repair,Completed
8741,5833,1833,Maintenance/Tune-up,Completed
8742,5834,1834,AC Repair,Completed
8743,5835,1835,Maintenance/Tune-up,Completed
8744,5836,1836,AC Repair,Completed
8745,5837,1837,AC Installation,Completed
8746,5838,1838,AC Repair,Completed
8747,5839,1839,Maintenance/Tune-up,Completed
8748,5840,1840,AC Repair,Completed
8749,5841,1841,AC Installation,Completed
8750,5842,1842,AC Repair,Completed
8751,5843,1843,AC Repair,Completed
8752,5844,1844,Maintenance/Tune-up,Completed
8753,5845,1845,AC Repair,Completed
8754,5846,1846,AC Repair,Completed
8755,5847,1847,AC Repair,Completed
8756,5848,1848,AC Repair,Completed
8757,5849,1849,AC Repair,Completed
8758,5850,1850,AC Repair,Completed
8759,5851,1851,AC Repair,Completed
8760,5852,1852,AC Repair,Completed
8761,5853,1853,Maintenance/Tune-up,Completed
8762,5854,1854,AC Installation,Completed
8763,5855,1855,AC Installation,Completed
8764,5856,1856,Air Quality Install,Completed
8765,5858,1858,Air Quality Install,Completed
8766,5861,1861,Maintenance/Tune-up,Completed
8767,5863,1863,Maintenance/Tune-up,Completed
8768,5864,1864,Maintenance/Tune-up,Completed
8769,5865,1865,Air Quality Install,Completed
8770,5866,1866,AC Installation,Completed
8771,5867,1867,Maintenance/Tune-up,Completed
8772,5868,1868,AC Installation,Completed
8773,5869,1869,Air Quality Install,Completed
8774,5870,1870,Maintenance/Tune-up,Completed
8775,5871,1871,Maintenance/Tune-up,Completed
8776,5873,1873,Maintenance/Tune-up,Completed
8777,5874,1874,Air Quality Install,Completed
8778,5875,1875,Maintenance/Tune-up,Completed
8779,5877,1877,AC Installation,Completed
8780,5878,1878,Air Quality Install,Completed
8781,5880,1880,Maintenance/Tune-up,Completed
8782,5881,1881,AC Installation,Completed
8783,5882,1882,Maintenance/Tune-up,Completed
8784,5883,1883,Maintenance/Tune-up,Completed
8785,5884,1884,Maintenance/Tune-up,Completed
8786,5885,1885,Maintenance/Tune-up,Completed
8787,5886,1886,AC Installation,Completed
8788,5887,1887,Air Quality Install,Completed
8789,5888,1888,Maintenance/Tune-up,Completed
8790,5889,1889,Maintenance/Tune-up,Completed
8791,5890,1890,Maintenance/Tune-up,Completed
8792,5891,1891,AC Installation,Completed
8793,5892,1892,Maintenance/Tune-up,Completed
8794,5893,1893,Maintenance/Tune-up,Completed
8795,5894,1894,Maintenance/Tune-up,Completed
8796,5895,1895,Air Quality Install,Completed
8797,5896,1896,AC Installation,Completed
8798,5897,1897,Maintenance/Tune-up,Completed
8799,5898,1898,Maintenance/Tune-up,Completed
8800,5899,1899,Maintenance/Tune-up,Completed
8801,5900,1900,Maintenance/Tune-up,Completed
8802,5901,1901,Maintenance/Tune-up,Completed
8803,5902,1902,AC Installation,Completed
8804,5903,1903,AC Installation,Completed
8805,5904,1904,Maintenance/Tune-up,Completed
8806,5905,1905,Maintenance/Tune-up,Completed
8807,5906,1906,Maintenance/Tune-up,Completed
8808,5907,1907,Maintenance/Tune-up,Completed
8809,5908,1908,AC Installation,Completed
8810,5910,1910,AC Installation,Completed
8811,5911,1911,AC Installation,Completed
8812,5912,1912,Maintenance/Tune-up,Completed
8813,5913,1913,Maintenance/Tune-up,Completed
8814,5914,1914,Maintenance/Tune-up,Completed
8815,5915,1915,Maintenance/Tune-up,Completed
8816,5916,1916,Maintenance/Tune-up,Completed
8817,5917,1917,Maintenance/Tune-up,Completed
8818,5918,1918,Maintenance/Tune-up,Completed
8819,5919,1919,Maintenance/Tune-up,Completed
8820,5920,1920,Maintenance/Tune-up,Completed
8821,5921,1921,Heating Repair,Completed
8822,5922,1922,Maintenance/Tune-up,Completed
8823,5923,1923,Heating Repair,Completed
8824,5924,1924,Heating Repair,Completed
8825,5925,1925,Maintenance/Tune-up,Completed
8826,5926,1926,Heating Repair,Completed
8827,5927,1927,Heating Repair,Completed
8828,5928,1928,Heat Pump Install,Completed
8829,5929,1929,Heating Repair,Completed
8830,5930,1930,Heating Repair,Completed
8831,5932,1932,Heating Repair,Completed
8832,5933,1933,Heating Repair,Completed
8833,5934,1934,Heating Repair,Completed
8834,5935,1935,Heating Repair,Completed
8835,5936,1936,Heating Repair,Completed
8836,5937,1937,Heating Repair,Completed
8837,5938,1938,Maintenance/Tune-up,Completed
8838,5939,1939,Heating Repair,Completed
8839,5940,1940,Maintenance/Tune-up,Completed
8840,5941,1941,Heating Repair,Completed
8841,5942,1942,Heating Repair,Completed
8842,5943,1943,Heating Repair,Completed
8843,5944,1944,Heating Repair,Completed
8844,5946,1946,Heating Repair,Completed
8845,5948,1948,Maintenance/Tune-up,Completed
8846,5949,1949,Heating Repair,Completed
8847,5950,1950,Heat Pump Install,Completed
8848,5952,1952,Heating Repair,Completed
8849,5953,1953,Heat Pump Install,Completed
8850,5954,1954,Heating Repair,Completed
8851,5955,1955,Maintenance/Tune-up,Completed
8852,5956,1956,Heating Repair,Completed
8853,5957,1957,Heating Repair,Completed
8854,5958,1958,Heating Repair,Completed
8855,5960,1960,Maintenance/Tune-up,Completed
8856,5961,1961,Heating Repair,Completed
8857,5962,1962,Heating Repair,Completed
8858,5963,1963,Heating Repair,Completed
8859,5964,1964,Heating Repair,Completed
8860,5965,1965,Heat Pump Install,Completed
8861,5966,1966,Heating Repair,Completed
8862,5967,1967,Heating Repair,Completed
8863,5968,1968,Heat Pump Install,Completed
8864,5969,1969,Heating Repair,Completed
8865,5970,1970,Heat Pump Install,Completed
8866,5971,1971,Heating Repair,Completed
8867,5972,1972,Maintenance/Tune-up,Completed
8868,5973,1973,Heating Repair,Completed
8869,5974,1974,Heating Repair,Completed
8870,5975,1975,Heating Repair,Completed
8871,5976,1976,Heating Repair,Completed
8872,5977,1977,Heat Pump Install,Completed
8873,5978,1978,Heating Repair,Completed
8874,5979,1979,Heating Repair,Completed
8875,5980,1980,Maintenance/Tune-up,Completed
8876,5981,1981,Heat Pump Install,Completed
8877,5982,1982,Maintenance/Tune-up,Completed
8878,5983,1983,Maintenance/Tune-up,Completed
8879,5984,1984,Maintenance/Tune-up,Completed
8880,5985,1985,Maintenance/Tune-up,Completed
8881,5986,1986,Maintenance/Tune-up,Completed
8882,5987,1987,Heating Repair,Completed
8883,5988,1988,Heating Repair,Completed
8884,5989,1989,Heat Pump Install,Completed
8885,5990,1990,Heat Pump Install,Completed
8886,5991,1991,Heating Repair,Completed
8887,5992,1992,Maintenance/Tune-up,Completed
8888,5994,1994,Heating Repair,Completed
8889,5995,1995,Heat Pump Install,Completed
8890,5996,1996,Maintenance/Tune-up,Completed
8891,5997,1997,Heating Repair,Completed
8892,5998,1998,Heat Pump Install,Completed
8893,6001,2001,Heating Repair,Completed
8894,6003,2003,Heating Repair,Completed
8895,6004,2004,Heating Repair,Completed
8896,6005,2005,Heating Repair,Completed
8897,6006,2006,Heating Repair,Completed
8898,6007,2007,Heating Repair,Completed
8899,6008,2008,Maintenance/Tune-up,Completed
8900,6009,2009,Maintenance/Tune-up,Completed
8901,6010,2010,Maintenance/Tune-up,Completed
8902,6011,2011,Heating Repair,Completed
8903,6012,2012,Heating Repair,Completed
8904,6013,2013,Heating Repair,Completed
8905,6014,2014,Maintenance/Tune-up,Completed
8906,6016,2016,Maintenance/Tune-up,Completed
8907,6017,2017,Maintenance/Tune-up,Completed
8908,6018,2018,Maintenance/Tune-up,Completed
8909,6019,2019,Heating Repair,Completed
8910,6020,2020,Heating Repair,Completed
8911,6021,2021,Heating Repair,Completed
8912,6022,2022,Heating Repair,Completed
8913,6023,2023,Heat Pump Install,Completed
8914,6024,2024,Maintenance/Tune-up,Completed
8915,6025,2025,Heating Repair,Completed
8916,6026,2026,Heating Repair,Completed
8917,6027,2027,Heating Repair,Completed
8918,6028,2028,Heating Repair,Completed
8919,6029,2029,Maintenance/Tune-up,Completed
8920,6030,2030,Heating Repair,Completed
8921,6031,2031,Heat Pump Install,Completed
8922,6032,2032,Heating Repair,Completed
8923,6033,2033,Maintenance/Tune-up,Completed
8924,6034,2034,Maintenance/Tune-up,Completed
8925,6035,2035,Heating Repair,Completed
8926,6036,2036,Heat Pump Install,Completed
8927,6037,2037,Maintenance/Tune-up,Completed
8928,6038,2038,Maintenance/Tune-up,Completed
8929,6040,2040,Heat Pump Install,Completed
8930,6041,2041,Maintenance/Tune-up,Completed
8931,6042,2042,Heating Repair,Completed
8932,6043,2043,Heat Pump Install,Completed
8933,6044,2044,Maintenance/Tune-up,Completed
8934,6045,2045,Heating Repair,Completed
8935,6046,2046,Heating Repair,Completed
8936,6047,2047,Heating Repair,Completed
8937,6048,2048,Heating Repair,Completed
8938,6049,2049,Heating Repair,Completed
8939,6050,2050,Heating Repair,Completed
