QuoteID,CustomerID,Date,Description,Status
5000,1000,2025-01-01,Quote for Heating Repair,Accepted
5001,1001,2025-01-01,Quote for Heating Repair,Accepted
5002,1002,2025-01-02,Quote for Heat Pump Install,Accepted
5003,1003,2025-01-02,Quote for Maintenance/Tune-up,Accepted
5004,1004,2025-01-03,Quote for Maintenance/Tune-up,Accepted
5005,1005,2025-01-04,Quote for Maintenance/Tune-up,Accepted
5006,1006,2025-01-04,Quote for Heating Repair,Accepted
5007,1007,2025-01-06,Quote for Heating Repair,Accepted
5008,1008,2025-01-07,Quote for Maintenance/Tune-up,Accepted
5009,1009,2025-01-07,Quote for Heat Pump Install,Accepted
5010,1010,2025-01-08,Quote for Heating Repair,Accepted
5011,1011,2025-01-08,Quote for Maintenance/Tune-up,Accepted
5012,1012,2025-01-08,Quote for Maintenance/Tune-up,Accepted
5013,1013,2025-01-08,Quote for Heating Repair,Accepted
5014,1014,2025-01-09,Quote for Heating Repair,Accepted
5015,1015,2025-01-09,Quote for Heating Repair,Rejected
5016,1016,2025-01-10,Quote for Heat Pump Install,Accepted
5017,1017,2025-01-10,Quote for Maintenance/Tune-up,Accepted
5018,1018,2025-01-10,Quote for Heat Pump Install,Accepted
5019,1019,2025-01-10,Quote for Maintenance/Tune-up,Accepted
5020,1020,2025-01-11,Quote for Heating Repair,Accepted
5021,1021,2025-01-13,Quote for Heating Repair,Accepted
5022,1022,2025-01-14,Quote for Heating Repair,Accepted
5023,1023,2025-01-14,Quote for Maintenance/Tune-up,Rejected
5024,1024,2025-01-15,Quote for Heating Repair,Accepted
5025,1025,2025-01-15,Quote for Maintenance/Tune-up,Accepted
5026,1026,2025-01-16,Quote for Maintenance/Tune-up,Accepted
5027,1027,2025-01-16,Quote for Heating Repair,Accepted
5028,1028,2025-01-16,Quote for Maintenance/Tune-up,Accepted
5029,1029,2025-01-17,Quote for Heating Repair,Accepted
5030,1030,2025-01-17,Quote for Heating Repair,Rejected
5031,1031,2025-01-17,Quote for Heating Repair,Accepted
5032,1032,2025-01-17,Quote for Heat Pump Install,Accepted
5033,1033,2025-01-18,Quote for Maintenance/Tune-up,Accepted
5034,1034,2025-01-20,Quote for Heating Repair,Rejected
5035,1035,2025-01-21,Quote for Heating Repair,Accepted
5036,1036,2025-01-21,Quote for Heating Repair,Rejected
5037,1037,2025-01-21,Quote for Maintenance/Tune-up,Accepted
5038,1038,2025-01-22,Quote for Maintenance/Tune-up,Accepted
5039,1039,2025-01-22,Quote for Maintenance/Tune-up,Accepted
5040,1040,2025-01-23,Quote for Maintenance/Tune-up,Accepted
5041,1041,2025-01-23,Quote for Heating Repair,Accepted
5042,1042,2025-01-23,Quote for Heating Repair,Accepted
5043,1043,2025-01-24,Quote for Heat Pump Install,Accepted
5044,1044,2025-01-27,Quote for Maintenance/Tune-up,Accepted
5045,1045,2025-01-27,Quote for Heat Pump Install,Accepted
5046,1046,2025-01-27,Quote for Heating Repair,Accepted
5047,1047,2025-01-28,Quote for Heating Repair,Accepted
5048,1048,2025-01-28,Quote for Maintenance/Tune-up,Accepted
5049,1049,2025-01-28,Quote for Heating Repair,Accepted
5050,1050,2025-01-28,Quote for Heat Pump Install,Accepted
5051,1051,2025-01-29,Quote for Heating Repair,Accepted
5052,1052,2025-01-29,Quote for Heating Repair,Accepted
5053,1053,2025-01-29,Quote for Maintenance/Tune-up,Accepted
5054,1054,2025-01-29,Quote for Maintenance/Tune-up,Accepted
5055,1055,2025-01-30,Quote for Heat Pump Install,Accepted
5056,1056,2025-01-30,Quote for Heating Repair,Accepted
5057,1057,2025-01-31,Quote for Heating Repair,Accepted
5058,1058,2025-01-31,Quote for Heating Repair,Accepted
5059,1059,2025-02-03,Quote for Maintenance/Tune-up,Accepted
5060,1060,2025-02-04,Quote for Heating Repair,Accepted
5061,1061,2025-02-05,Quote for Maintenance/Tune-up,Rejected
5062,1062,2025-02-06,Quote for Maintenance/Tune-up,Accepted
5063,1063,2025-02-06,Quote for Heating Repair,Accepted
5064,1064,2025-02-06,Quote for Heating Repair,Accepted
5065,1065,2025-02-07,Quote for Maintenance/Tune-up,Accepted
5066,1066,2025-02-08,Quote for Maintenance/Tune-up,Accepted
5067,1067,2025-02-10,Quote for Heating Repair,Accepted
5068,1068,2025-02-10,Quote for Maintenance/Tune-up,Accepted
5069,1069,2025-02-10,Quote for Heating Repair,Accepted
5070,1070,2025-02-11,Quote for Heating Repair,Accepted
5071,1071,2025-02-11,Quote for Maintenance/Tune-up,Accepted
5072,1072,2025-02-11,Quote for Heat Pump Install,Accepted
5073,1073,2025-02-12,Quote for Maintenance/Tune-up,Accepted
5074,1074,2025-02-12,Quote for Heating Repair,Accepted
5075,1075,2025-02-12,Quote for Maintenance/Tune-up,Rejected
5076,1076,2025-02-13,Quote for Heat Pump Install,Accepted
5077,1077,2025-02-13,Quote for Maintenance/Tune-up,Accepted
5078,1078,2025-02-14,Quote for Heating Repair,Accepted
5079,1079,2025-02-17,Quote for Heat Pump Install,Accepted
5080,1080,2025-02-18,Quote for Heating Repair,Accepted
5081,1081,2025-02-18,Quote for Heat Pump Install,Rejected
5082,1082,2025-02-18,Quote for Heat Pump Install,Accepted
5083,1083,2025-02-19,Quote for Heating Repair,Accepted
5084,1084,2025-02-19,Quote for Heating Repair,Accepted
5085,1085,2025-02-19,Quote for Heating Repair,Accepted
5086,1086,2025-02-20,Quote for Maintenance/Tune-up,Accepted
5087,1087,2025-02-20,Quote for Heating Repair,Accepted
5088,1088,2025-02-20,Quote for Heating Repair,Accepted
5089,1089,2025-02-21,Quote for Heating Repair,Accepted
5090,1090,2025-02-24,Quote for Heating Repair,Accepted
5091,1091,2025-02-24,Quote for Heating Repair,Rejected
5092,1092,2025-02-24,Quote for Heating Repair,Accepted
5093,1093,2025-02-25,Quote for Maintenance/Tune-up,Accepted
5094,1094,2025-02-26,Quote for Heating Repair,Accepted
5095,1095,2025-02-26,Quote for Heating Repair,Rejected
5096,1096,2025-02-27,Quote for Heating Repair,Accepted
5097,1097,2025-02-27,Quote for Heating Repair,Accepted
5098,1098,2025-02-28,Quote for Maintenance/Tune-up,Accepted
5099,1099,2025-03-03,Quote for Maintenance/Tune-up,Accepted
5100,1100,2025-03-03,Quote for Maintenance/Tune-up,Accepted
5101,1101,2025-03-03,Quote for Maintenance/Tune-up,Accepted
5102,1102,2025-03-03,Quote for AC Installation,Accepted
5103,1103,2025-03-04,Quote for Air Quality Install,Accepted
5104,1104,2025-03-04,Quote for Maintenance/Tune-up,Accepted
5105,1105,2025-03-04,Quote for Maintenance/Tune-up,Accepted
5106,1106,2025-03-05,Quote for Air Quality Install,Accepted
5107,1107,2025-03-06,Quote for Maintenance/Tune-up,Accepted
5108,1108,2025-03-06,Quote for Air Quality Install,Rejected
5109,1109,2025-03-07,Quote for Maintenance/Tune-up,Accepted
5110,1110,2025-03-07,Quote for Maintenance/Tune-up,Accepted
5111,1111,2025-03-08,Quote for Maintenance/Tune-up,Accepted
5112,1112,2025-03-08,Quote for AC Installation,Accepted
5113,1113,2025-03-10,Quote for AC Installation,Accepted
5114,1114,2025-03-10,Quote for AC Installation,Accepted
5115,1115,2025-03-11,Quote for Maintenance/Tune-up,Accepted
5116,1116,2025-03-11,Quote for AC Installation,Accepted
5117,1117,2025-03-11,Quote for Maintenance/Tune-up,Accepted
5118,1118,2025-03-12,Quote for Maintenance/Tune-up,Accepted
5119,1119,2025-03-12,Quote for Air Quality Install,Accepted
5120,1120,2025-03-13,Quote for Maintenance/Tune-up,Accepted
5121,1121,2025-03-13,Quote for Maintenance/Tune-up,Accepted
5122,1122,2025-03-14,Quote for Maintenance/Tune-up,Accepted
5123,1123,2025-03-15,Quote for AC Installation,Accepted
5124,1124,2025-03-17,Quote for AC Installation,Rejected
5125,1125,2025-03-17,Quote for Maintenance/Tune-up,Accepted
5126,1126,2025-03-17,Quote for AC Installation,Accepted
5127,1127,2025-03-18,Quote for Maintenance/Tune-up,Accepted
5128,1128,2025-03-19,Quote for Maintenance/Tune-up,Accepted
5129,1129,2025-03-20,Quote for Maintenance/Tune-up,Rejected
5130,1130,2025-03-20,Quote for Maintenance/Tune-up,Accepted
5131,1131,2025-03-21,Quote for Maintenance/Tune-up,Accepted
5132,1132,2025-03-21,Quote for Maintenance/Tune-up,Accepted
5133,1133,2025-03-22,Quote for AC Installation,Accepted
5134,1134,2025-03-22,Quote for Maintenance/Tune-up,Accepted
5135,1135,2025-03-24,Quote for Air Quality Install,Accepted
5136,1136,2025-03-24,Quote for Maintenance/Tune-up,Accepted
5137,1137,2025-03-25,Quote for Maintenance/Tune-up,Accepted
5138,1138,2025-03-25,Quote for Maintenance/Tune-up,Rejected
5139,1139,2025-03-25,Quote for Maintenance/Tune-up,Rejected
5140,1140,2025-03-25,Quote for AC Installation,Accepted
5141,1141,2025-03-26,Quote for Maintenance/Tune-up,Accepted
5142,1142,2025-03-26,Quote for Maintenance/Tune-up,Accepted
5143,1143,2025-03-26,Quote for Maintenance/Tune-up,Accepted
5144,1144,2025-03-27,Quote for AC Installation,Accepted
5145,1145,2025-03-27,Quote for Air Quality Install,Accepted
5146,1146,2025-03-28,Quote for Maintenance/Tune-up,Accepted
5147,1147,2025-03-31,Quote for Maintenance/Tune-up,Accepted
5148,1148,2025-04-01,Quote for Air Quality Install,Accepted
5149,1149,2025-04-02,Quote for Maintenance/Tune-up,Accepted
5150,1150,2025-04-02,Quote for AC Installation,Accepted
5151,1151,2025-04-02,Quote for Air Quality Install,Accepted
5152,1152,2025-04-02,Quote for Maintenance/Tune-up,Accepted
5153,1153,2025-04-02,Quote for Maintenance/Tune-up,Accepted
5154,1154,2025-04-03,Quote for Air Quality Install,Rejected
5155,1155,2025-04-03,Quote for Maintenance/Tune-up,Accepted
5156,1156,2025-04-04,Quote for Maintenance/Tune-up,Accepted
5157,1157,2025-04-05,Quote for Maintenance/Tune-up,Accepted
5158,1158,2025-04-07,Quote for Maintenance/Tune-up,Accepted
5159,1159,2025-04-07,Quote for AC Installation,Accepted
5160,1160,2025-04-08,Quote for Maintenance/Tune-up,Accepted
5161,1161,2025-04-09,Quote for Maintenance/Tune-up,Accepted
5162,1162,2025-04-09,Quote for Maintenance/Tune-up,Accepted
5163,1163,2025-04-09,Quote for Maintenance/Tune-up,Accepted
5164,1164,2025-04-09,Quote for AC Installation,Accepted
5165,1165,2025-04-10,Quote for AC Installation,Accepted
5166,1166,2025-04-11,Quote for Maintenance/Tune-up,Accepted
5167,1167,2025-04-11,Quote for Maintenance/Tune-up,Accepted
5168,1168,2025-04-11,Quote for Maintenance/Tune-up,Accepted
5169,1169,2025-04-12,Quote for AC Installation,Accepted
5170,1170,2025-04-12,Quote for Maintenance/Tune-up,Accepted
5171,1171,2025-04-14,Quote for Maintenance/Tune-up,Rejected
5172,1172,2025-04-15,Quote for Maintenance/Tune-up,Rejected
5173,1173,2025-04-15,Quote for Maintenance/Tune-up,Accepted
5174,1174,2025-04-15,Quote for Maintenance/Tune-up,Accepted
5175,1175,2025-04-16,Quote for Maintenance/Tune-up,Accepted
5176,1176,2025-04-16,Quote for Maintenance/Tune-up,Accepted
5177,1177,2025-04-17,Quote for AC Installation,Accepted
5178,1178,2025-04-17,Quote for Air Quality Install,Accepted
5179,1179,2025-04-17,Quote for Maintenance/Tune-up,Accepted
5180,1180,2025-04-17,Quote for Maintenance/Tune-up,Rejected
5181,1181,2025-04-18,Quote for AC Installation,Accepted
5182,1182,2025-04-18,Quote for Maintenance/Tune-up,Accepted
5183,1183,2025-04-19,Quote for Maintenance/Tune-up,Accepted
5184,1184,2025-04-19,Quote for Maintenance/Tune-up,Accepted
5185,1185,2025-04-21,Quote for Maintenance/Tune-up,Accepted
5186,1186,2025-04-21,Quote for Maintenance/Tune-up,Accepted
5187,1187,2025-04-21,Quote for Maintenance/Tune-up,Accepted
5188,1188,2025-04-21,Quote for Maintenance/Tune-up,Accepted
5189,1189,2025-04-21,Quote for AC Installation,Accepted
5190,1190,2025-04-22,Quote for Maintenance/Tune-up,Accepted
5191,1191,2025-04-22,Quote for Maintenance/Tune-up,Accepted
5192,1192,2025-04-23,Quote for Air Quality Install,Accepted
5193,1193,2025-04-23,Quote for AC Installation,Accepted
5194,1194,2025-04-24,Quote for AC Installation,Accepted
5195,1195,2025-04-24,Quote for Maintenance/Tune-up,Accepted
5196,1196,2025-04-25,Quote for Maintenance/Tune-up,Accepted
5197,1197,2025-04-25,Quote for Maintenance/Tune-up,Accepted
5198,1198,2025-04-25,Quote for Maintenance/Tune-up,Accepted
5199,1199,2025-04-25,Quote for Air Quality Install,Accepted
5200,1200,2025-04-28,Quote for Maintenance/Tune-up,Accepted
5201,1201,2025-04-28,Quote for Maintenance/Tune-up,Accepted
5202,1202,2025-04-28,Quote for Maintenance/Tune-up,Accepted
5203,1203,2025-04-28,Quote for AC Installation,Accepted
5204,1204,2025-04-29,Quote for AC Installation,Accepted
5205,1205,2025-04-29,Quote for Maintenance/Tune-up,Accepted
5206,1206,2025-04-30,Quote for AC Installation,Accepted
5207,1207,2025-04-30,Quote for Maintenance/Tune-up,Accepted
5208,1208,2025-04-30,Quote for AC Installation,Accepted
5209,1209,2025-04-30,Quote for Maintenance/Tune-up,Accepted
5210,1210,2025-04-30,Quote for AC Installation,Accepted
5211,1211,2025-05-01,Quote for AC Repair,Accepted
5212,1212,2025-05-01,Quote for Maintenance/Tune-up,Accepted
5213,1213,2025-05-01,Quote for Maintenance/Tune-up,Accepted
5214,1214,2025-05-02,Quote for AC Repair,Accepted
5215,1215,2025-05-02,Quote for AC Repair,Accepted
5216,1216,2025-05-02,Quote for AC Repair,Accepted
5217,1217,2025-05-02,Quote for AC Repair,Accepted
5218,1218,2025-05-02,Quote for AC Repair,Accepted
5219,1219,2025-05-02,Quote for AC Installation,Accepted
5220,1220,2025-05-03,Quote for AC Repair,Accepted
5221,1221,2025-05-05,Quote for AC Repair,Accepted
5222,1222,2025-05-05,Quote for AC Repair,Accepted
5223,1223,2025-05-05,Quote for AC Repair,Rejected
5224,1224,2025-05-05,Quote for AC Repair,Accepted
5225,1225,2025-05-05,Quote for AC Repair,Rejected
5226,1226,2025-05-05,Quote for AC Repair,Rejected
5227,1227,2025-05-05,Quote for Maintenance/Tune-up,Accepted
5228,1228,2025-05-06,Quote for AC Repair,Accepted
5229,1229,2025-05-06,Quote for Maintenance/Tune-up,Accepted
5230,1230,2025-05-06,Quote for AC Repair,Accepted
5231,1231,2025-05-07,Quote for Maintenance/Tune-up,Accepted
5232,1232,2025-05-07,Quote for AC Installation,Rejected
5233,1233,2025-05-07,Quote for AC Repair,Accepted
5234,1234,2025-05-08,Quote for AC Repair,Accepted
5235,1235,2025-05-08,Quote for AC Installation,Accepted
5236,1236,2025-05-08,Quote for AC Repair,Accepted
5237,1237,2025-05-08,Quote for AC Repair,Accepted
5238,1238,2025-05-08,Quote for Maintenance/Tune-up,Accepted
5239,1239,2025-05-08,Quote for Maintenance/Tune-up,Accepted
5240,1240,2025-05-09,Quote for AC Repair,Accepted
5241,1241,2025-05-09,Quote for AC Repair,Accepted
5242,1242,2025-05-09,Quote for Maintenance/Tune-up,Accepted
5243,1243,2025-05-09,Quote for AC Repair,Accepted
5244,1244,2025-05-09,Quote for AC Repair,Accepted
5245,1245,2025-05-09,Quote for Maintenance/Tune-up,Accepted
5246,1246,2025-05-10,Quote for Maintenance/Tune-up,Accepted
5247,1247,2025-05-10,Quote for AC Repair,Accepted
5248,1248,2025-05-10,Quote for Maintenance/Tune-up,Accepted
5249,1249,2025-05-12,Quote for AC Installation,Accepted
5250,1250,2025-05-12,Quote for AC Repair,Accepted
5251,1251,2025-05-13,Quote for AC Repair,Rejected
5252,1252,2025-05-13,Quote for AC Repair,Rejected
5253,1253,2025-05-13,Quote for Maintenance/Tune-up,Accepted
5254,1254,2025-05-13,Quote for Maintenance/Tune-up,Accepted
5255,1255,2025-05-13,Quote for Maintenance/Tune-up,Accepted
5256,1256,2025-05-13,Quote for AC Repair,Accepted
5257,1257,2025-05-13,Quote for Maintenance/Tune-up,Accepted
5258,1258,2025-05-14,Quote for Maintenance/Tune-up,Rejected
5259,1259,2025-05-14,Quote for AC Repair,Accepted
5260,1260,2025-05-14,Quote for AC Repair,Accepted
5261,1261,2025-05-14,Quote for AC Repair,Accepted
5262,1262,2025-05-15,Quote for AC Repair,Accepted
5263,1263,2025-05-15,Quote for Maintenance/Tune-up,Accepted
5264,1264,2025-05-15,Quote for Maintenance/Tune-up,Accepted
5265,1265,2025-05-15,Quote for AC Repair,Accepted
5266,1266,2025-05-16,Quote for AC Installation,Accepted
5267,1267,2025-05-16,Quote for AC Repair,Accepted
5268,1268,2025-05-16,Quote for Maintenance/Tune-up,Accepted
5269,1269,2025-05-17,Quote for AC Repair,Accepted
5270,1270,2025-05-19,Quote for Maintenance/Tune-up,Accepted
5271,1271,2025-05-19,Quote for Maintenance/Tune-up,Accepted
5272,1272,2025-05-19,Quote for AC Repair,Accepted
5273,1273,2025-05-19,Quote for AC Repair,Accepted
5274,1274,2025-05-19,Quote for Maintenance/Tune-up,Accepted
5275,1275,2025-05-19,Quote for Maintenance/Tune-up,Rejected
5276,1276,2025-05-20,Quote for AC Repair,Accepted
5277,1277,2025-05-20,Quote for Maintenance/Tune-up,Accepted
5278,1278,2025-05-20,Quote for Maintenance/Tune-up,Accepted
5279,1279,2025-05-21,Quote for AC Installation,Accepted
5280,1280,2025-05-21,Quote for Maintenance/Tune-up,Accepted
5281,1281,2025-05-22,Quote for AC Repair,Accepted
5282,1282,2025-05-22,Quote for AC Repair,Rejected
5283,1283,2025-05-22,Quote for Maintenance/Tune-up,Accepted
5284,1284,2025-05-22,Quote for AC Repair,Accepted
5285,1285,2025-05-22,Quote for Maintenance/Tune-up,Rejected
5286,1286,2025-05-22,Quote for AC Repair,Accepted
5287,1287,2025-05-23,Quote for AC Repair,Accepted
5288,1288,2025-05-23,Quote for AC Repair,Accepted
5289,1289,2025-05-23,Quote for AC Installation,Accepted
5290,1290,2025-05-24,Quote for Maintenance/Tune-up,Accepted
5291,1291,2025-05-24,Quote for AC Repair,Accepted
5292,1292,2025-05-24,Quote for Maintenance/Tune-up,Accepted
5293,1293,2025-05-26,Quote for Maintenance/Tune-up,Accepted
5294,1294,2025-05-26,Quote for Maintenance/Tune-up,Rejected
5295,1295,2025-05-27,Quote for AC Installation,Accepted
5296,1296,2025-05-27,Quote for AC Installation,Accepted
5297,1297,2025-05-27,Quote for AC Repair,Accepted
5298,1298,2025-05-28,Quote for Maintenance/Tune-up,Accepted
5299,1299,2025-05-28,Quote for AC Repair,Rejected
5300,1300,2025-05-29,Quote for AC Repair,Accepted
5301,1301,2025-05-29,Quote for AC Repair,Accepted
5302,1302,2025-05-29,Quote for AC Installation,Accepted
5303,1303,2025-05-29,Quote for AC Repair,Accepted
5304,1304,2025-05-30,Quote for Maintenance/Tune-up,Accepted
5305,1305,2025-05-30,Quote for AC Repair,Accepted
5306,1306,2025-05-30,Quote for AC Repair,Accepted
5307,1307,2025-05-31,Quote for AC Repair,Accepted
5308,1308,2025-05-31,Quote for Maintenance/Tune-up,Accepted
5309,1309,2025-06-02,Quote for Maintenance/Tune-up,Accepted
5310,1310,2025-06-02,Quote for AC Repair,Accepted
5311,1311,2025-06-02,Quote for Maintenance/Tune-up,Accepted
5312,1312,2025-06-02,Quote for AC Repair,Accepted
5313,1313,2025-06-03,Quote for Maintenance/Tune-up,Accepted
5314,1314,2025-06-03,Quote for AC Repair,Accepted
5315,1315,2025-06-03,Quote for Maintenance/Tune-up,Rejected
5316,1316,2025-06-03,Quote for AC Repair,Accepted
5317,1317,2025-06-03,Quote for AC Repair,Accepted
5318,1318,2025-06-03,Quote for AC Repair,Accepted
5319,1319,2025-06-03,Quote for AC Repair,Accepted
5320,1320,2025-06-03,Quote for Maintenance/Tune-up,Accepted
5321,1321,2025-06-03,Quote for AC Repair,Accepted
5322,1322,2025-06-04,Quote for AC Repair,Rejected
5323,1323,2025-06-04,Quote for AC Installation,Accepted
5324,1324,2025-06-04,Quote for Maintenance/Tune-up,Accepted
5325,1325,2025-06-04,Quote for AC Repair,Accepted
5326,1326,2025-06-04,Quote for AC Repair,Accepted
5327,1327,2025-06-04,Quote for AC Repair,Accepted
5328,1328,2025-06-04,Quote for Maintenance/Tune-up,Accepted
5329,1329,2025-06-04,Quote for AC Repair,Accepted
5330,1330,2025-06-05,Quote for Maintenance/Tune-up,Accepted
5331,1331,2025-06-05,Quote for AC Repair,Accepted
5332,1332,2025-06-05,Quote for AC Installation,Accepted
5333,1333,2025-06-05,Quote for AC Repair,Accepted
5334,1334,2025-06-05,Quote for Maintenance/Tune-up,Accepted
5335,1335,2025-06-05,Quote for AC Repair,Accepted
5336,1336,2025-06-05,Quote for AC Repair,Accepted
5337,1337,2025-06-05,Quote for Maintenance/Tune-up,Accepted
5338,1338,2025-06-05,Quote for AC Repair,Accepted
5339,1339,2025-06-06,Quote for Maintenance/Tune-up,Accepted
5340,1340,2025-06-06,Quote for AC Installation,Rejected
5341,1341,2025-06-06,Quote for Maintenance/Tune-up,Accepted
5342,1342,2025-06-06,Quote for Maintenance/Tune-up,Accepted
5343,1343,2025-06-06,Quote for AC Repair,Accepted
5344,1344,2025-06-06,Quote for AC Repair,Accepted
5345,1345,2025-06-07,Quote for AC Repair,Accepted
5346,1346,2025-06-09,Quote for Maintenance/Tune-up,Accepted
5347,1347,2025-06-09,Quote for AC Repair,Accepted
5348,1348,2025-06-09,Quote for AC Repair,Accepted
5349,1349,2025-06-09,Quote for Maintenance/Tune-up,Accepted
5350,1350,2025-06-09,Quote for Maintenance/Tune-up,Accepted
5351,1351,2025-06-09,Quote for Maintenance/Tune-up,Accepted
5352,1352,2025-06-09,Quote for AC Repair,Accepted
5353,1353,2025-06-09,Quote for AC Repair,Accepted
5354,1354,2025-06-10,Quote for AC Repair,Accepted
5355,1355,2025-06-10,Quote for Maintenance/Tune-up,Accepted
5356,1356,2025-06-10,Quote for AC Repair,Accepted
5357,1357,2025-06-10,Quote for Maintenance/Tune-up,Accepted
5358,1358,2025-06-10,Quote for AC Repair,Accepted
5359,1359,2025-06-10,Quote for AC Repair,Accepted
5360,1360,2025-06-10,Quote for AC Repair,Accepted
5361,1361,2025-06-10,Quote for AC Repair,Accepted
5362,1362,2025-06-11,Quote for AC Repair,Accepted
5363,1363,2025-06-11,Quote for AC Repair,Accepted
5364,1364,2025-06-11,Quote for AC Repair,Accepted
5365,1365,2025-06-12,Quote for AC Repair,Accepted
5366,1366,2025-06-12,Quote for AC Repair,Accepted
5367,1367,2025-06-12,Quote for AC Repair,Accepted
5368,1368,2025-06-12,Quote for Maintenance/Tune-up,Rejected
5369,1369,2025-06-12,Quote for Maintenance/Tune-up,Accepted
5370,1370,2025-06-12,Quote for AC Installation,Accepted
5371,1371,2025-06-12,Quote for AC Repair,Accepted
5372,1372,2025-06-12,Quote for AC Repair,Accepted
5373,1373,2025-06-13,Quote for AC Repair,Accepted
5374,1374,2025-06-13,Quote for AC Installation,Accepted
5375,1375,2025-06-13,Quote for AC Repair,Accepted
5376,1376,2025-06-13,Quote for AC Repair,Rejected
5377,1377,2025-06-13,Quote for Maintenance/Tune-up,Accepted
5378,1378,2025-06-13,Quote for AC Repair,Accepted
5379,1379,2025-06-13,Quote for Maintenance/Tune-up,Rejected
5380,1380,2025-06-13,Quote for Maintenance/Tune-up,Rejected
5381,1381,2025-06-13,Quote for AC Repair,Rejected
5382,1382,2025-06-14,Quote for AC Repair,Accepted
5383,1383,2025-06-14,Quote for Maintenance/Tune-up,Accepted
5384,1384,2025-06-14,Quote for AC Repair,Accepted
5385,1385,2025-06-16,Quote for AC Installation,Accepted
5386,1386,2025-06-16,Quote for Maintenance/Tune-up,Accepted
5387,1387,2025-06-16,Quote for AC Repair,Rejected
5388,1388,2025-06-17,Quote for AC Repair,Accepted
5389,1389,2025-06-17,Quote for AC Repair,Accepted
5390,1390,2025-06-17,Quote for Maintenance/Tune-up,Accepted
5391,1391,2025-06-17,Quote for Maintenance/Tune-up,Accepted
5392,1392,2025-06-18,Quote for AC Repair,Accepted
5393,1393,2025-06-18,Quote for AC Repair,Accepted
5394,1394,2025-06-18,Quote for Maintenance/Tune-up,Accepted
5395,1395,2025-06-18,Quote for AC Installation,Accepted
5396,1396,2025-06-18,Quote for AC Repair,Accepted
5397,1397,2025-06-18,Quote for AC Repair,Accepted
5398,1398,2025-06-18,Quote for Maintenance/Tune-up,Accepted
5399,1399,2025-06-18,Quote for AC Repair,Accepted
5400,1400,2025-06-18,Quote for AC Repair,Accepted
5401,1401,2025-06-19,Quote for AC Repair,Accepted
5402,1402,2025-06-19,Quote for Maintenance/Tune-up,Accepted
5403,1403,2025-06-19,Quote for AC Repair,Accepted
5404,1404,2025-06-20,Quote for AC Repair,Accepted
5405,1405,2025-06-20,Quote for Maintenance/Tune-up,Accepted
5406,1406,2025-06-20,Quote for Maintenance/Tune-up,Rejected
5407,1407,2025-06-20,Quote for Maintenance/Tune-up,Accepted
5408,1408,2025-06-21,Quote for AC Repair,Accepted
5409,1409,2025-06-21,Quote for Maintenance/Tune-up,Accepted
5410,1410,2025-06-21,Quote for Maintenance/Tune-up,Accepted
5411,1411,2025-06-23,Quote for AC Repair,Accepted
5412,1412,2025-06-23,Quote for AC Repair,Accepted
5413,1413,2025-06-23,Quote for Maintenance/Tune-up,Accepted
5414,1414,2025-06-23,Quote for Maintenance/Tune-up,Accepted
5415,1415,2025-06-23,Quote for AC Repair,Accepted
5416,1416,2025-06-23,Quote for AC Installation,Accepted
5417,1417,2025-06-23,Quote for AC Repair,Accepted
5418,1418,2025-06-23,Quote for AC Repair,Accepted
5419,1419,2025-06-24,Quote for Maintenance/Tune-up,Accepted
5420,1420,2025-06-24,Quote for Maintenance/Tune-up,Accepted
5421,1421,2025-06-24,Quote for AC Repair,Accepted
5422,1422,2025-06-24,Quote for AC Repair,Accepted
5423,1423,2025-06-24,Quote for AC Repair,Accepted
5424,1424,2025-06-24,Quote for Maintenance/Tune-up,Accepted
5425,1425,2025-06-25,Quote for AC Repair,Accepted
5426,1426,2025-06-25,Quote for AC Repair,Accepted
5427,1427,2025-06-25,Quote for AC Repair,Accepted
5428,1428,2025-06-25,Quote for AC Repair,Accepted
5429,1429,2025-06-25,Quote for AC Repair,Accepted
5430,1430,2025-06-25,Quote for Maintenance/Tune-up,Accepted
5431,1431,2025-06-25,Quote for AC Repair,Accepted
5432,1432,2025-06-25,Quote for AC Repair,Accepted
5433,1433,2025-06-25,Quote for AC Installation,Accepted
5434,1434,2025-06-26,Quote for Maintenance/Tune-up,Accepted
5435,1435,2025-06-26,Quote for Maintenance/Tune-up,Accepted
5436,1436,2025-06-26,Quote for AC Repair,Accepted
5437,1437,2025-06-26,Quote for AC Installation,Accepted
5438,1438,2025-06-26,Quote for AC Repair,Accepted
5439,1439,2025-06-26,Quote for AC Repair,Accepted
5440,1440,2025-06-26,Quote for AC Repair,Accepted
5441,1441,2025-06-26,Quote for Maintenance/Tune-up,Rejected
5442,1442,2025-06-26,Quote for Maintenance/Tune-up,Accepted
5443,1443,2025-06-27,Quote for AC Repair,Rejected
5444,1444,2025-06-27,Quote for AC Installation,Accepted
5445,1445,2025-06-27,Quote for AC Repair,Accepted
5446,1446,2025-06-27,Quote for Maintenance/Tune-up,Accepted
5447,1447,2025-06-27,Quote for AC Installation,Accepted
5448,1448,2025-06-27,Quote for AC Installation,Accepted
5449,1449,2025-06-27,Quote for AC Repair,Accepted
5450,1450,2025-06-27,Quote for AC Repair,Accepted
5451,1451,2025-06-28,Quote for AC Repair,Accepted
5452,1452,2025-06-30,Quote for AC Repair,Accepted
5453,1453,2025-06-30,Quote for AC Repair,Accepted
5454,1454,2025-06-30,Quote for AC Repair,Accepted
5455,1455,2025-06-30,Quote for AC Repair,Accepted
5456,1456,2025-06-30,Quote for AC Repair,Accepted
5457,1457,2025-06-30,Quote for AC Installation,Accepted
5458,1458,2025-07-01,Quote for AC Repair,Rejected
5459,1459,2025-07-01,Quote for Maintenance/Tune-up,Accepted
5460,1460,2025-07-01,Quote for AC Repair,Accepted
5461,1461,2025-07-01,Quote for AC Repair,Rejected
5462,1462,2025-07-01,Quote for AC Repair,Accepted
5463,1463,2025-07-01,Quote for AC Repair,Accepted
5464,1464,2025-07-01,Quote for AC Repair,Accepted
5465,1465,2025-07-01,Quote for Maintenance/Tune-up,Accepted
5466,1466,2025-07-01,Quote for Maintenance/Tune-up,Accepted
5467,1467,2025-07-01,Quote for AC Repair,Accepted
5468,1468,2025-07-02,Quote for Maintenance/Tune-up,Accepted
5469,1469,2025-07-02,Quote for Maintenance/Tune-up,Accepted
5470,1470,2025-07-02,Quote for AC Repair,Accepted
5471,1471,2025-07-03,Quote for Maintenance/Tune-up,Accepted
5472,1472,2025-07-03,Quote for AC Repair,Accepted
5473,1473,2025-07-03,Quote for AC Repair,Accepted
5474,1474,2025-07-03,Quote for Maintenance/Tune-up,Accepted
5475,1475,2025-07-03,Quote for Maintenance/Tune-up,Accepted
5476,1476,2025-07-03,Quote for AC Repair,Accepted
5477,1477,2025-07-03,Quote for AC Repair,Accepted
5478,1478,2025-07-04,Quote for AC Repair,Rejected
5479,1479,2025-07-04,Quote for AC Repair,Accepted
5480,1480,2025-07-04,Quote for AC Repair,Accepted
5481,1481,2025-07-04,Quote for AC Repair,Accepted
5482,1482,2025-07-04,Quote for AC Repair,Rejected
5483,1483,2025-07-04,Quote for AC Repair,Accepted
5484,1484,2025-07-04,Quote for AC Repair,Rejected
5485,1485,2025-07-05,Quote for Maintenance/Tune-up,Accepted
5486,1486,2025-07-05,Quote for AC Repair,Rejected
5487,1487,2025-07-05,Quote for AC Repair,Accepted
5488,1488,2025-07-05,Quote for AC Repair,Accepted
5489,1489,2025-07-07,Quote for AC Repair,Accepted
5490,1490,2025-07-07,Quote for Maintenance/Tune-up,Accepted
5491,1491,2025-07-07,Quote for AC Repair,Accepted
5492,1492,2025-07-07,Quote for AC Repair,Accepted
5493,1493,2025-07-07,Quote for AC Repair,Accepted
5494,1494,2025-07-07,Quote for Maintenance/Tune-up,Accepted
5495,1495,2025-07-07,Quote for Maintenance/Tune-up,Accepted
5496,1496,2025-07-08,Quote for AC Repair,Accepted
5497,1497,2025-07-08,Quote for Maintenance/Tune-up,Accepted
5498,1498,2025-07-08,Quote for AC Repair,Accepted
5499,1499,2025-07-08,Quote for AC Repair,Accepted
5500,1500,2025-07-08,Quote for Maintenance/Tune-up,Accepted
5501,1501,2025-07-08,Quote for AC Repair,Accepted
5502,1502,2025-07-08,Quote for AC Repair,Accepted
5503,1503,2025-07-08,Quote for AC Repair,Accepted
5504,1504,2025-07-08,Quote for AC Repair,Accepted
5505,1505,2025-07-09,Quote for Maintenance/Tune-up,Accepted
5506,1506,2025-07-09,Quote for AC Repair,Accepted
5507,1507,2025-07-09,Quote for Maintenance/Tune-up,Accepted
5508,1508,2025-07-09,Quote for AC Repair,Accepted
5509,1509,2025-07-09,Quote for AC Installation,Accepted
5510,1510,2025-07-10,Quote for Maintenance/Tune-up,Accepted
5511,1511,2025-07-10,Quote for AC Repair,Accepted
5512,1512,2025-07-10,Quote for Maintenance/Tune-up,Accepted
5513,1513,2025-07-10,Quote for Maintenance/Tune-up,Accepted
5514,1514,2025-07-10,Quote for Maintenance/Tune-up,Accepted
5515,1515,2025-07-10,Quote for AC Repair,Accepted
5516,1516,2025-07-10,Quote for Maintenance/Tune-up,Accepted
5517,1517,2025-07-10,Quote for Maintenance/Tune-up,Accepted
5518,1518,2025-07-10,Quote for AC Installation,Accepted
5519,1519,2025-07-10,Quote for AC Repair,Accepted
5520,1520,2025-07-11,Quote for AC Repair,Accepted
5521,1521,2025-07-11,Quote for AC Repair,Accepted
5522,1522,2025-07-11,Quote for AC Repair,Accepted
5523,1523,2025-07-11,Quote for AC Installation,Accepted
5524,1524,2025-07-11,Quote for Maintenance/Tune-up,Accepted
5525,1525,2025-07-11,Quote for AC Installation,Accepted
5526,1526,2025-07-11,Quote for Maintenance/Tune-up,Accepted
5527,1527,2025-07-11,Quote for AC Repair,Rejected
5528,1528,2025-07-11,Quote for AC Repair,Rejected
5529,1529,2025-07-11,Quote for AC Installation,Accepted
5530,1530,2025-07-12,Quote for AC Repair,Accepted
5531,1531,2025-07-12,Quote for AC Repair,Rejected
5532,1532,2025-07-14,Quote for AC Repair,Accepted
5533,1533,2025-07-14,Quote for AC Repair,Accepted
5534,1534,2025-07-14,Quote for AC Repair,Accepted
5535,1535,2025-07-14,Quote for AC Installation,Rejected
5536,1536,2025-07-14,Quote for AC Repair,Accepted
5537,1537,2025-07-14,Quote for Maintenance/Tune-up,Rejected
5538,1538,2025-07-14,Quote for AC Repair,Accepted
5539,1539,2025-07-14,Quote for AC Repair,Rejected
5540,1540,2025-07-14,Quote for AC Repair,Accepted
5541,1541,2025-07-14,Quote for AC Repair,Accepted
5542,1542,2025-07-15,Quote for AC Repair,Accepted
5543,1543,2025-07-15,Quote for AC Repair,Accepted
5544,1544,2025-07-15,Quote for AC Installation,Accepted
5545,1545,2025-07-15,Quote for AC Repair,Accepted
5546,1546,2025-07-15,Quote for AC Installation,Accepted
5547,1547,2025-07-15,Quote for AC Repair,Rejected
5548,1548,2025-07-15,Quote for AC Repair,Accepted
5549,1549,2025-07-15,Quote for AC Repair,Accepted
5550,1550,2025-07-15,Quote for AC Repair,Accepted
5551,1551,2025-07-16,Quote for AC Installation,Accepted
5552,1552,2025-07-16,Quote for Maintenance/Tune-up,Accepted
5553,1553,2025-07-16,Quote for Maintenance/Tune-up,Accepted
5554,1554,2025-07-16,Quote for Maintenance/Tune-up,Accepted
5555,1555,2025-07-16,Quote for AC Repair,Accepted
5556,1556,2025-07-16,Quote for AC Repair,Accepted
5557,1557,2025-07-16,Quote for Maintenance/Tune-up,Accepted
5558,1558,2025-07-17,Quote for AC Repair,Accepted
5559,1559,2025-07-17,Quote for Maintenance/Tune-up,Accepted
5560,1560,2025-07-17,Quote for Maintenance/Tune-up,Accepted
5561,1561,2025-07-18,Quote for Maintenance/Tune-up,Rejected
5562,1562,2025-07-18,Quote for AC Repair,Accepted
5563,1563,2025-07-18,Quote for AC Repair,Accepted
5564,1564,2025-07-18,Quote for Maintenance/Tune-up,Rejected
5565,1565,2025-07-18,Quote for AC Repair,Accepted
5566,1566,2025-07-18,Quote for AC Repair,Rejected
5567,1567,2025-07-18,Quote for AC Repair,Accepted
5568,1568,2025-07-19,Quote for AC Repair,Accepted
5569,1569,2025-07-19,Quote for AC Installation,Rejected
5570,1570,2025-07-19,Quote for Maintenance/Tune-up,Accepted
5571,1571,2025-07-21,Quote for Maintenance/Tune-up,Accepted
5572,1572,2025-07-21,Quote for AC Repair,Accepted
5573,1573,2025-07-21,Quote for AC Repair,Accepted
5574,1574,2025-07-21,Quote for AC Repair,Rejected
5575,1575,2025-07-21,Quote for Maintenance/Tune-up,Accepted
5576,1576,2025-07-22,Quote for AC Repair,Accepted
5577,1577,2025-07-22,Quote for AC Repair,Accepted
5578,1578,2025-07-22,Quote for AC Repair,Accepted
5579,1579,2025-07-22,Quote for Maintenance/Tune-up,Accepted
5580,1580,2025-07-22,Quote for Maintenance/Tune-up,Accepted
5581,1581,2025-07-23,Quote for Maintenance/Tune-up,Accepted
5582,1582,2025-07-23,Quote for Maintenance/Tune-up,Accepted
5583,1583,2025-07-23,Quote for AC Installation,Accepted
5584,1584,2025-07-23,Quote for AC Repair,Accepted
5585,1585,2025-07-23,Quote for AC Repair,Accepted
5586,1586,2025-07-23,Quote for Maintenance/Tune-up,Accepted
5587,1587,2025-07-23,Quote for AC Repair,Accepted
5588,1588,2025-07-24,Quote for Maintenance/Tune-up,Accepted
5589,1589,2025-07-24,Quote for AC Repair,Accepted
5590,1590,2025-07-24,Quote for Maintenance/Tune-up,Accepted
5591,1591,2025-07-24,Quote for Maintenance/Tune-up,Accepted
5592,1592,2025-07-24,Quote for AC Repair,Accepted
5593,1593,2025-07-24,Quote for Maintenance/Tune-up,Accepted
5594,1594,2025-07-24,Quote for AC Repair,Accepted
5595,1595,2025-07-24,Quote for AC Repair,Accepted
5596,1596,2025-07-24,Quote for AC Repair,Accepted
5597,1597,2025-07-25,Quote for AC Repair,Accepted
5598,1598,2025-07-25,Quote for AC Installation,Accepted
5599,1599,2025-07-25,Quote for AC Repair,Accepted
5600,1600,2025-07-26,Quote for AC Repair,Accepted
5601,1601,2025-07-26,Quote for Maintenance/Tune-up,Accepted
5602,1602,2025-07-26,Quote for AC Repair,Rejected
5603,1603,2025-07-26,Quote for AC Repair,Accepted
5604,1604,2025-07-26,Quote for AC Repair,Accepted
5605,1605,2025-07-28,Quote for Maintenance/Tune-up,Accepted
5606,1606,2025-07-28,Quote for AC Repair,Accepted
5607,1607,2025-07-28,Quote for AC Repair,Accepted
5608,1608,2025-07-28,Quote for AC Repair,Accepted
5609,1609,2025-07-28,Quote for AC Repair,Accepted
5610,1610,2025-07-29,Quote for Maintenance/Tune-up,Accepted
5611,1611,2025-07-29,Quote for AC Repair,Accepted
5612,1612,2025-07-29,Quote for AC Installation,Accepted
5613,1613,2025-07-29,Quote for Maintenance/Tune-up,Accepted
5614,1614,2025-07-29,Quote for AC Repair,Accepted
5615,1615,2025-07-29,Quote for AC Installation,Accepted
5616,1616,2025-07-29,Quote for AC Repair,Accepted
5617,1617,2025-07-29,Quote for AC Repair,Accepted
5618,1618,2025-07-29,Quote for Maintenance/Tune-up,Accepted
5619,1619,2025-07-29,Quote for AC Repair,Rejected
5620,1620,2025-07-30,Quote for AC Repair,Accepted
5621,1621,2025-07-30,Quote for Maintenance/Tune-up,Accepted
5622,1622,2025-07-30,Quote for AC Repair,Accepted
5623,1623,2025-07-31,Quote for AC Repair,Accepted
5624,1624,2025-07-31,Quote for AC Installation,Accepted
5625,1625,2025-07-31,Quote for AC Repair,Accepted
5626,1626,2025-08-01,Quote for Maintenance/Tune-up,Accepted
5627,1627,2025-08-01,Quote for AC Repair,Accepted
5628,1628,2025-08-01,Quote for AC Installation,Accepted
5629,1629,2025-08-01,Quote for AC Repair,Accepted
5630,1630,2025-08-01,Quote for AC Repair,Accepted
5631,1631,2025-08-01,Quote for Maintenance/Tune-up,Accepted
5632,1632,2025-08-01,Quote for AC Repair,Accepted
5633,1633,2025-08-01,Quote for AC Repair,Rejected
5634,1634,2025-08-02,Quote for Maintenance/Tune-up,Accepted
5635,1635,2025-08-02,Quote for AC Repair,Accepted
5636,1636,2025-08-04,Quote for AC Repair,Accepted
5637,1637,2025-08-04,Quote for AC Repair,Accepted
5638,1638,2025-08-04,Quote for Maintenance/Tune-up,Accepted
5639,1639,2025-08-05,Quote for AC Repair,Accepted
5640,1640,2025-08-05,Quote for AC Repair,Accepted
5641,1641,2025-08-05,Quote for AC Repair,Rejected
5642,1642,2025-08-05,Quote for AC Repair,Accepted
5643,1643,2025-08-05,Quote for AC Repair,Accepted
5644,1644,2025-08-05,Quote for AC Repair,Rejected
5645,1645,2025-08-05,Quote for AC Repair,Accepted
5646,1646,2025-08-05,Quote for AC Repair,Accepted
5647,1647,2025-08-05,Quote for AC Repair,Rejected
5648,1648,2025-08-06,Quote for AC Repair,Accepted
5649,1649,2025-08-06,Quote for Maintenance/Tune-up,Accepted
5650,1650,2025-08-06,Quote for AC Repair,Accepted
5651,1651,2025-08-06,Quote for AC Installation,Rejected
5652,1652,2025-08-06,Quote for AC Repair,Accepted
5653,1653,2025-08-06,Quote for Maintenance/Tune-up,Accepted
5654,1654,2025-08-06,Quote for AC Repair,Accepted
5655,1655,2025-08-06,Quote for Maintenance/Tune-up,Accepted
5656,1656,2025-08-07,Quote for AC Repair,Rejected
5657,1657,2025-08-07,Quote for Maintenance/Tune-up,Accepted
5658,1658,2025-08-07,Quote for Maintenance/Tune-up,Accepted
5659,1659,2025-08-07,Quote for AC Repair,Accepted
5660,1660,2025-08-08,Quote for AC Repair,Accepted
5661,1661,2025-08-08,Quote for Maintenance/Tune-up,Accepted
5662,1662,2025-08-08,Quote for Maintenance/Tune-up,Accepted
5663,1663,2025-08-08,Quote for Maintenance/Tune-up,Rejected
5664,1664,2025-08-08,Quote for AC Repair,Accepted
5665,1665,2025-08-08,Quote for AC Repair,Rejected
5666,1666,2025-08-08,Quote for Maintenance/Tune-up,Rejected
5667,1667,2025-08-08,Quote for AC Repair,Accepted
5668,1668,2025-08-08,Quote for Maintenance/Tune-up,Accepted
5669,1669,2025-08-09,Quote for Maintenance/Tune-up,Accepted
5670,1670,2025-08-09,Quote for AC Installation,Accepted
5671,1671,2025-08-09,Quote for AC Repair,Accepted
5672,1672,2025-08-09,Quote for AC Installation,Rejected
5673,1673,2025-08-11,Quote for AC Installation,Accepted
5674,1674,2025-08-11,Quote for Maintenance/Tune-up,Accepted
5675,1675,2025-08-11,Quote for Maintenance/Tune-up,Accepted
5676,1676,2025-08-11,Quote for Maintenance/Tune-up,Accepted
5677,1677,2025-08-12,Quote for AC Repair,Rejected
5678,1678,2025-08-12,Quote for AC Installation,Accepted
5679,1679,2025-08-12,Quote for AC Repair,Accepted
5680,1680,2025-08-13,Quote for Maintenance/Tune-up,Accepted
5681,1681,2025-08-13,Quote for AC Repair,Accepted
5682,1682,2025-08-13,Quote for AC Repair,Rejected
5683,1683,2025-08-14,Quote for Maintenance/Tune-up,Accepted
5684,1684,2025-08-14,Quote for AC Installation,Accepted
5685,1685,2025-08-14,Quote for AC Repair,Accepted
5686,1686,2025-08-14,Quote for AC Repair,Accepted
5687,1687,2025-08-14,Quote for Maintenance/Tune-up,Accepted
5688,1688,2025-08-14,Quote for Maintenance/Tune-up,Accepted
5689,1689,2025-08-15,Quote for AC Repair,Accepted
5690,1690,2025-08-15,Quote for AC Repair,Accepted
5691,1691,2025-08-15,Quote for AC Repair,Accepted
5692,1692,2025-08-16,Quote for AC Repair,Accepted
5693,1693,2025-08-16,Quote for AC Repair,Accepted
5694,1694,2025-08-16,Quote for AC Repair,Accepted
5695,1695,2025-08-16,Quote for Maintenance/Tune-up,Accepted
5696,1696,2025-08-18,Quote for Maintenance/Tune-up,Accepted
5697,1697,2025-08-18,Quote for AC Repair,Accepted
5698,1698,2025-08-18,Quote for AC Repair,Accepted
5699,1699,2025-08-18,Quote for Maintenance/Tune-up,Accepted
5700,1700,2025-08-18,Quote for AC Repair,Accepted
5701,1701,2025-08-18,Quote for AC Repair,Rejected
5702,1702,2025-08-18,Quote for AC Repair,Accepted
5703,1703,2025-08-18,Quote for AC Repair,Accepted
5704,1704,2025-08-19,Quote for AC Repair,Accepted
5705,1705,2025-08-19,Quote for AC Repair,Rejected
5706,1706,2025-08-19,Quote for AC Repair,Accepted
5707,1707,2025-08-20,Quote for Maintenance/Tune-up,Accepted
5708,1708,2025-08-20,Quote for AC Repair,Accepted
5709,1709,2025-08-20,Quote for Maintenance/Tune-up,Accepted
5710,1710,2025-08-20,Quote for Maintenance/Tune-up,Accepted
5711,1711,2025-08-20,Quote for Maintenance/Tune-up,Accepted
5712,1712,2025-08-20,Quote for Maintenance/Tune-up,Accepted
5713,1713,2025-08-20,Quote for AC Repair,Accepted
5714,1714,2025-08-20,Quote for AC Repair,Accepted
5715,1715,2025-08-21,Quote for AC Repair,Rejected
5716,1716,2025-08-21,Quote for AC Repair,Accepted
5717,1717,2025-08-21,Quote for AC Repair,Rejected
5718,1718,2025-08-21,Quote for AC Installation,Accepted
5719,1719,2025-08-21,Quote for Maintenance/Tune-up,Rejected
5720,1720,2025-08-21,Quote for Maintenance/Tune-up,Rejected
5721,1721,2025-08-21,Quote for AC Repair,Accepted
5722,1722,2025-08-21,Quote for Maintenance/Tune-up,Accepted
5723,1723,2025-08-21,Quote for AC Installation,Accepted
5724,1724,2025-08-22,Quote for AC Installation,Accepted
5725,1725,2025-08-22,Quote for Maintenance/Tune-up,Rejected
5726,1726,2025-08-22,Quote for Maintenance/Tune-up,Accepted
5727,1727,2025-08-23,Quote for AC Repair,Accepted
5728,1728,2025-08-23,Quote for AC Repair,Accepted
5729,1729,2025-08-25,Quote for AC Installation,Accepted
5730,1730,2025-08-25,Quote for Maintenance/Tune-up,Accepted
5731,1731,2025-08-25,Quote for AC Repair,Accepted
5732,1732,2025-08-25,Quote for AC Repair,Accepted
5733,1733,2025-08-26,Quote for AC Repair,Rejected
5734,1734,2025-08-26,Quote for Maintenance/Tune-up,Rejected
5735,1735,2025-08-26,Quote for AC Repair,Accepted
5736,1736,2025-08-27,Quote for Maintenance/Tune-up,Rejected
5737,1737,2025-08-27,Quote for AC Repair,Accepted
5738,1738,2025-08-27,Quote for Maintenance/Tune-up,Accepted
5739,1739,2025-08-27,Quote for Maintenance/Tune-up,Accepted
5740,1740,2025-08-27,Quote for Maintenance/Tune-up,Accepted
5741,1741,2025-08-27,Quote for Maintenance/Tune-up,Rejected
5742,1742,2025-08-27,Quote for Maintenance/Tune-up,Accepted
5743,1743,2025-08-27,Quote for Maintenance/Tune-up,Accepted
5744,1744,2025-08-28,Quote for AC Installation,Rejected
5745,1745,2025-08-28,Quote for AC Repair,Accepted
5746,1746,2025-08-28,Quote for AC Repair,Accepted
5747,1747,2025-08-29,Quote for Maintenance/Tune-up,Accepted
5748,1748,2025-08-29,Quote for AC Repair,Accepted
5749,1749,2025-08-29,Quote for AC Repair,Accepted
5750,1750,2025-08-29,Quote for AC Installation,Accepted
5751,1751,2025-08-29,Quote for Maintenance/Tune-up,Accepted
5752,1752,2025-08-29,Quote for Maintenance/Tune-up,Rejected
5753,1753,2025-08-30,Quote for Maintenance/Tune-up,Accepted
5754,1754,2025-08-30,Quote for Maintenance/Tune-up,Accepted
5755,1755,2025-08-30,Quote for Maintenance/Tune-up,Accepted
5756,1756,2025-09-01,Quote for AC Repair,Accepted
5757,1757,2025-09-01,Quote for AC Repair,Accepted
5758,1758,2025-09-01,Quote for AC Repair,Accepted
5759,1759,2025-09-01,Quote for AC Repair,Accepted
5760,1760,2025-09-01,Quote for AC Repair,Accepted
5761,1761,2025-09-01,Quote for AC Repair,Accepted
5762,1762,2025-09-02,Quote for AC Repair,Accepted
5763,1763,2025-09-02,Quote for AC Repair,Accepted
5764,1764,2025-09-02,Quote for Maintenance/Tune-up,Accepted
5765,1765,2025-09-03,Quote for Maintenance/Tune-up,Accepted
5766,1766,2025-09-03,Quote for AC Repair,Accepted
5767,1767,2025-09-03,Quote for AC Repair,Accepted
5768,1768,2025-09-04,Quote for Maintenance/Tune-up,Accepted
5769,1769,2025-09-04,Quote for AC Repair,Accepted
5770,1770,2025-09-04,Quote for AC Installation,Accepted
5771,1771,2025-09-04,Quote for AC Repair,Accepted
5772,1772,2025-09-05,Quote for AC Repair,Accepted
5773,1773,2025-09-05,Quote for AC Repair,Accepted
5774,1774,2025-09-05,Quote for AC Repair,Accepted
5775,1775,2025-09-05,Quote for AC Repair,Accepted
5776,1776,2025-09-05,Quote for AC Repair,Rejected
5777,1777,2025-09-06,Quote for AC Repair,Accepted
5778,1778,2025-09-06,Quote for AC Installation,Accepted
5779,1779,2025-09-08,Quote for AC Repair,Accepted
5780,1780,2025-09-08,Quote for Maintenance/Tune-up,Accepted
5781,1781,2025-09-08,Quote for Maintenance/Tune-up,Accepted
5782,1782,2025-09-08,Quote for Maintenance/Tune-up,Accepted
5783,1783,2025-09-08,Quote for Maintenance/Tune-up,Accepted
5784,1784,2025-09-08,Quote for AC Installation,Accepted
5785,1785,2025-09-09,Quote for AC Repair,Accepted
5786,1786,2025-09-09,Quote for AC Installation,Accepted
5787,1787,2025-09-09,Quote for Maintenance/Tune-up,Accepted
5788,1788,2025-09-10,Quote for AC Installation,Accepted
5789,1789,2025-09-10,Quote for AC Repair,Accepted
5790,1790,2025-09-10,Quote for Maintenance/Tune-up,Accepted
5791,1791,2025-09-11,Quote for AC Repair,Accepted
5792,1792,2025-09-11,Quote for AC Repair,Accepted
5793,1793,2025-09-11,Quote for Maintenance/Tune-up,Accepted
5794,1794,2025-09-11,Quote for AC Repair,Accepted
5795,1795,2025-09-11,Quote for AC Repair,Accepted
5796,1796,2025-09-11,Quote for AC Repair,Rejected
5797,1797,2025-09-12,Quote for AC Repair,Accepted
5798,1798,2025-09-12,Quote for Maintenance/Tune-up,Accepted
5799,1799,2025-09-12,Quote for Maintenance/Tune-up,Accepted
5800,1800,2025-09-12,Quote for AC Repair,Accepted
5801,1801,2025-09-12,Quote for Maintenance/Tune-up,Accepted
5802,1802,2025-09-12,Quote for AC Installation,Accepted
5803,1803,2025-09-13,Quote for AC Repair,Accepted
5804,1804,2025-09-13,Quote for Maintenance/Tune-up,Accepted
5805,1805,2025-09-15,Quote for AC Repair,Accepted
5806,1806,2025-09-15,Quote for Maintenance/Tune-up,Accepted
5807,1807,2025-09-15,Quote for Maintenance/Tune-up,Accepted
5808,1808,2025-09-16,Quote for AC Repair,Accepted
5809,1809,2025-09-16,Quote for AC Repair,Accepted
5810,1810,2025-09-16,Quote for Maintenance/Tune-up,Accepted
5811,1811,2025-09-16,Quote for Maintenance/Tune-up,Accepted
5812,1812,2025-09-17,Quote for Maintenance/Tune-up,Accepted
5813,1813,2025-09-17,Quote for AC Repair,Accepted
5814,1814,2025-09-17,Quote for AC Installation,Accepted
5815,1815,2025-09-18,Quote for AC Repair,Accepted
5816,1816,2025-09-18,Quote for AC Repair,Accepted
5817,1817,2025-09-18,Quote for Maintenance/Tune-up,Rejected
5818,1818,2025-09-18,Quote for AC Repair,Accepted
5819,1819,2025-09-18,Quote for AC Repair,Accepted
5820,1820,2025-09-18,Quote for AC Repair,Accepted
5821,1821,2025-09-19,Quote for AC Repair,Accepted
5822,1822,2025-09-19,Quote for AC Repair,Accepted
5823,1823,2025-09-19,Quote for Maintenance/Tune-up,Accepted
5824,1824,2025-09-19,Quote for AC Repair,Accepted
5825,1825,2025-09-19,Quote for Maintenance/Tune-up,Accepted
5826,1826,2025-09-20,Quote for Maintenance/Tune-up,Accepted
5827,1827,2025-09-20,Quote for AC Repair,Accepted
5828,1828,2025-09-22,Quote for AC Repair,Rejected
5829,1829,2025-09-22,Quote for AC Repair,Accepted
5830,1830,2025-09-23,Quote for AC Repair,Accepted
5831,1831,2025-09-23,Quote for AC Repair,Accepted
5832,1832,2025-09-23,Quote for AC Repair,Accepted
5833,1833,2025-09-23,Quote for Maintenance/Tune-up,Accepted
5834,1834,2025-09-24,Quote for AC Repair,Accepted
5835,1835,2025-09-24,Quote for Maintenance/Tune-up,Accepted
5836,1836,2025-09-25,Quote for AC Repair,Accepted
5837,1837,2025-09-25,Quote for AC Installation,Accepted
5838,1838,2025-09-25,Quote for AC Repair,Accepted
5839,1839,2025-09-26,Quote for Maintenance/Tune-up,Accepted
5840,1840,2025-09-26,Quote for AC Repair,Accepted
5841,1841,2025-09-26,Quote for AC Installation,Accepted
5842,1842,2025-09-26,Quote for AC Repair,Accepted
5843,1843,2025-09-26,Quote for AC Repair,Accepted
5844,1844,2025-09-26,Quote for Maintenance/Tune-up,Accepted
5845,1845,2025-09-27,Quote for AC Repair,Accepted
5846,1846,2025-09-27,Quote for AC Repair,Accepted
5847,1847,2025-09-29,Quote for AC Repair,Accepted
5848,1848,2025-09-29,Quote for AC Repair,Accepted
5849,1849,2025-09-30,Quote for AC Repair,Accepted
5850,1850,2025-09-30,Quote for AC Repair,Accepted
5851,1851,2025-09-30,Quote for AC Repair,Accepted
5852,1852,2025-09-30,Quote for AC Repair,Accepted
5853,1853,2025-10-01,Quote for Maintenance/Tune-up,Accepted
5854,1854,2025-10-02,Quote for AC Installation,Accepted
5855,1855,2025-10-02,Quote for AC Installation,Accepted
5856,1856,2025-10-02,Quote for Air Quality Install,Accepted
5857,1857,2025-10-03,Quote for Maintenance/Tune-up,Rejected
5858,1858,2025-10-04,Quote for Air Quality Install,Accepted
5859,1859,2025-10-06,Quote for AC Installation,Rejected
5860,1860,2025-10-06,Quote for Maintenance/Tune-up,Rejected
5861,1861,2025-10-07,Quote for Maintenance/Tune-up,Accepted
5862,1862,2025-10-07,Quote for AC Installation,Rejected
5863,1863,2025-10-08,Quote for Maintenance/Tune-up,Accepted
5864,1864,2025-10-08,Quote for Maintenance/Tune-up,Accepted
5865,1865,2025-10-08,Quote for Air Quality Install,Accepted
5866,1866,2025-10-08,Quote for AC Installation,Accepted
5867,1867,2025-10-09,Quote for Maintenance/Tune-up,Accepted
5868,1868,2025-10-09,Quote for AC Installation,Accepted
5869,1869,2025-10-09,Quote for Air Quality Install,Accepted
5870,1870,2025-10-09,Quote for Maintenance/Tune-up,Accepted
5871,1871,2025-10-10,Quote for Maintenance/Tune-up,Accepted
5872,1872,2025-10-10,Quote for AC Installation,Rejected
5873,1873,2025-10-10,Quote for Maintenance/Tune-up,Accepted
5874,1874,2025-10-10,Quote for Air Quality Install,Accepted
5875,1875,2025-10-13,Quote for Maintenance/Tune-up,Accepted
5876,1876,2025-10-13,Quote for Maintenance/Tune-up,Rejected
5877,1877,2025-10-13,Quote for AC Installation,Accepted
5878,1878,2025-10-14,Quote for Air Quality Install,Accepted
5879,1879,2025-10-14,Quote for Air Quality Install,Rejected
5880,1880,2025-10-14,Quote for Maintenance/Tune-up,Accepted
5881,1881,2025-10-15,Quote for AC Installation,Accepted
5882,1882,2025-10-15,Quote for Maintenance/Tune-up,Accepted
5883,1883,2025-10-15,Quote for Maintenance/Tune-up,Accepted
5884,1884,2025-10-15,Quote for Maintenance/Tune-up,Accepted
5885,1885,2025-10-16,Quote for Maintenance/Tune-up,Accepted
5886,1886,2025-10-16,Quote for AC Installation,Accepted
5887,1887,2025-10-16,Quote for Air Quality Install,Accepted
5888,1888,2025-10-17,Quote for Maintenance/Tune-up,Accepted
5889,1889,2025-10-17,Quote for Maintenance/Tune-up,Accepted
5890,1890,2025-10-17,Quote for Maintenance/Tune-up,Accepted
5891,1891,2025-10-17,Quote for AC Installation,Accepted
5892,1892,2025-10-18,Quote for Maintenance/Tune-up,Accepted
5893,1893,2025-10-18,Quote for Maintenance/Tune-up,Accepted
5894,1894,2025-10-20,Quote for Maintenance/Tune-up,Accepted
5895,1895,2025-10-21,Quote for Air Quality Install,Accepted
5896,1896,2025-10-21,Quote for AC Installation,Accepted
5897,1897,2025-10-21,Quote for Maintenance/Tune-up,Accepted
5898,1898,2025-10-21,Quote for Maintenance/Tune-up,Accepted
5899,1899,2025-10-22,Quote for Maintenance/Tune-up,Accepted
5900,1900,2025-10-22,Quote for Maintenance/Tune-up,Accepted
5901,1901,2025-10-22,Quote for Maintenance/Tune-up,Accepted
5902,1902,2025-10-22,Quote for AC Installation,Accepted
5903,1903,2025-10-23,Quote for AC Installation,Accepted
5904,1904,2025-10-23,Quote for Maintenance/Tune-up,Accepted
5905,1905,2025-10-24,Quote for Maintenance/Tune-up,Accepted
5906,1906,2025-10-24,Quote for Maintenance/Tune-up,Accepted
5907,1907,2025-10-24,Quote for Maintenance/Tune-up,Accepted
5908,1908,2025-10-25,Quote for AC Installation,Accepted
5909,1909,2025-10-27,Quote for Maintenance/Tune-up,Rejected
5910,1910,2025-10-28,Quote for AC Installation,Accepted
5911,1911,2025-10-28,Quote for AC Installation,Accepted
5912,1912,2025-10-28,Quote for Maintenance/Tune-up,Accepted
5913,1913,2025-10-29,Quote for Maintenance/Tune-up,Accepted
5914,1914,2025-10-29,Quote for Maintenance/Tune-up,Accepted
5915,1915,2025-10-30,Quote for Maintenance/Tune-up,Accepted
5916,1916,2025-10-30,Quote for Maintenance/Tune-up,Accepted
5917,1917,2025-10-30,Quote for Maintenance/Tune-up,Accepted
5918,1918,2025-10-31,Quote for Maintenance/Tune-up,Accepted
5919,1919,2025-10-31,Quote for Maintenance/Tune-up,Accepted
5920,1920,2025-11-01,Quote for Maintenance/Tune-up,Accepted
5921,1921,2025-11-03,Quote for Heating Repair,Accepted
5922,1922,2025-11-03,Quote for Maintenance/Tune-up,Accepted
5923,1923,2025-11-03,Quote for Heating Repair,Accepted
5924,1924,2025-11-04,Quote for Heating Repair,Accepted
5925,1925,2025-11-05,Quote for Maintenance/Tune-up,Accepted
5926,1926,2025-11-05,Quote for Heating Repair,Accepted
5927,1927,2025-11-05,Quote for Heating Repair,Accepted
5928,1928,2025-11-05,Quote for Heat Pump Install,Accepted
5929,1929,2025-11-06,Quote for Heating Repair,Accepted
5930,1930,2025-11-06,Quote for Heating Repair,Accepted
5931,1931,2025-11-06,Quote for Heating Repair,Rejected
5932,1932,2025-11-06,Quote for Heating Repair,Accepted
5933,1933,2025-11-07,Quote for Heating Repair,Accepted
5934,1934,2025-11-07,Quote for Heating Repair,Accepted
5935,1935,2025-11-07,Quote for Heating Repair,Accepted
5936,1936,2025-11-07,Quote for Heating Repair,Accepted
5937,1937,2025-11-08,Quote for Heating Repair,Accepted
5938,1938,2025-11-10,Quote for Maintenance/Tune-up,Accepted
5939,1939,2025-11-10,Quote for Heating Repair,Accepted
5940,1940,2025-11-11,Quote for Maintenance/Tune-up,Accepted
5941,1941,2025-11-11,Quote for Heating Repair,Accepted
5942,1942,2025-11-11,Quote for Heating Repair,Accepted
5943,1943,2025-11-11,Quote for Heating Repair,Accepted
5944,1944,2025-11-12,Quote for Heating Repair,Accepted
5945,1945,2025-11-12,Quote for Maintenance/Tune-up,Rejected
5946,1946,2025-11-12,Quote for Heating Repair,Accepted
5947,1947,2025-11-12,Quote for Heating Repair,Rejected
5948,1948,2025-11-13,Quote for Maintenance/Tune-up,Accepted
5949,1949,2025-11-13,Quote for Heating Repair,Accepted
5950,1950,2025-11-13,Quote for Heat Pump Install,Accepted
5951,1951,2025-11-13,Quote for Heating Repair,Rejected
5952,1952,2025-11-14,Quote for Heating Repair,Accepted
5953,1953,2025-11-14,Quote for Heat Pump Install,Accepted
5954,1954,2025-11-14,Quote for Heating Repair,Accepted
5955,1955,2025-11-15,Quote for Maintenance/Tune-up,Accepted
5956,1956,2025-11-17,Quote for Heating Repair,Accepted
5957,1957,2025-11-17,Quote for Heating Repair,Accepted
5958,1958,2025-11-17,Quote for Heating Repair,Accepted
5959,1959,2025-11-17,Quote for Heating Repair,Rejected
5960,1960,2025-11-18,Quote for Maintenance/Tune-up,Accepted
5961,1961,2025-11-18,Quote for Heating Repair,Accepted
5962,1962,2025-11-18,Quote for Heating Repair,Accepted
5963,1963,2025-11-19,Quote for Heating Repair,Accepted
5964,1964,2025-11-19,Quote for Heating Repair,Accepted
5965,1965,2025-11-19,Quote for Heat Pump Install,Accepted
5966,1966,2025-11-20,Quote for Heating Repair,Accepted
5967,1967,2025-11-20,Quote for Heating Repair,Accepted
5968,1968,2025-11-20,Quote for Heat Pump Install,Accepted
5969,1969,2025-11-20,Quote for Heating Repair,Accepted
5970,1970,2025-11-21,Quote for Heat Pump Install,Accepted
5971,1971,2025-11-21,Quote for Heating Repair,Accepted
5972,1972,2025-11-21,Quote for Maintenance/Tune-up,Accepted
5973,1973,2025-11-22,Quote for Heating Repair,Accepted
5974,1974,2025-11-24,Quote for Heating Repair,Accepted
5975,1975,2025-11-24,Quote for Heating Repair,Accepted
5976,1976,2025-11-24,Quote for Heating Repair,Accepted
5977,1977,2025-11-25,Quote for Heat Pump Install,Accepted
5978,1978,2025-11-25,Quote for Heating Repair,Accepted
5979,1979,2025-11-25,Quote for Heating Repair,Accepted
5980,1980,2025-11-25,Quote for Maintenance/Tune-up,Accepted
5981,1981,2025-11-26,Quote for Heat Pump Install,Accepted
5982,1982,2025-11-27,Quote for Maintenance/Tune-up,Accepted
5983,1983,2025-11-27,Quote for Maintenance/Tune-up,Accepted
5984,1984,2025-11-27,Quote for Maintenance/Tune-up,Accepted
5985,1985,2025-11-28,Quote for Maintenance/Tune-up,Accepted
5986,1986,2025-11-28,Quote for Maintenance/Tune-up,Accepted
5987,1987,2025-11-29,Quote for Heating Repair,Accepted
5988,1988,2025-12-01,Quote for Heating Repair,Accepted
5989,1989,2025-12-01,Quote for Heat Pump Install,Accepted
5990,1990,2025-12-01,Quote for Heat Pump Install,Accepted
5991,1991,2025-12-01,Quote for Heating Repair,Accepted
5992,1992,2025-12-02,Quote for Maintenance/Tune-up,Accepted
5993,1993,2025-12-02,Quote for Maintenance/Tune-up,Rejected
5994,1994,2025-12-03,Quote for Heating Repair,Accepted
5995,1995,2025-12-03,Quote for Heat Pump Install,Accepted
5996,1996,2025-12-04,Quote for Maintenance/Tune-up,Accepted
5997,1997,2025-12-04,Quote for Heating Repair,Accepted
5998,1998,2025-12-05,Quote for Heat Pump Install,Accepted
5999,1999,2025-12-05,Quote for Maintenance/Tune-up,Rejected
6000,2000,2025-12-06,Quote for Heating Repair,Rejected
6001,2001,2025-12-07,Quote for Heating Repair,Accepted
6002,2002,2025-12-08,Quote for Heating Repair,Rejected
6003,2003,2025-12-08,Quote for Heating Repair,Accepted
6004,2004,2025-12-08,Quote for Heating Repair,Accepted
6005,2005,2025-12-08,Quote for Heating Repair,Accepted
6006,2006,2025-12-09,Quote for Heating Repair,Accepted
6007,2007,2025-12-09,Quote for Heating Repair,Accepted
6008,2008,2025-12-10,Quote for Maintenance/Tune-up,Accepted
6009,2009,2025-12-10,Quote for Maintenance/Tune-up,Accepted
6010,2010,2025-12-11,Quote for Maintenance/Tune-up,Accepted
6011,2011,2025-12-12,Quote for Heating Repair,Accepted
6012,2012,2025-12-12,Quote for Heating Repair,Accepted
6013,2013,2025-12-12,Quote for Heating Repair,Accepted
6014,2014,2025-12-12,Quote for Maintenance/Tune-up,Accepted
6015,2015,2025-12-13,Quote for Heating Repair,Rejected
6016,2016,2025-12-15,Quote for Maintenance/Tune-up,Accepted
6017,2017,2025-12-15,Quote for Maintenance/Tune-up,Accepted
6018,2018,2025-12-16,Quote for Maintenance/Tune-up,Accepted
6019,2019,2025-12-16,Quote for Heating Repair,Accepted
6020,2020,2025-12-16,Quote for Heating Repair,Accepted
6021,2021,2025-12-16,Quote for Heating Repair,Accepted
6022,2022,2025-12-17,Quote for Heating Repair,Accepted
6023,2023,2025-12-18,Quote for Heat Pump Install,Accepted
6024,2024,2025-12-18,Quote for Maintenance/Tune-up,Accepted
6025,2025,2025-12-18,Quote for Heating Repair,Accepted
6026,2026,2025-12-19,Quote for Heating Repair,Accepted
6027,2027,2025-12-19,Quote for Heating Repair,Accepted
6028,2028,2025-12-19,Quote for Heating Repair,Accepted
6029,2029,2025-12-19,Quote for Maintenance/Tune-up,Accepted
6030,2030,2025-12-20,Quote for Heating Repair,Accepted
6031,2031,2025-12-22,Quote for Heat Pump Install,Accepted
6032,2032,2025-12-22,Quote for Heating Repair,Accepted
6033,2033,2025-12-22,Quote for Maintenance/Tune-up,Accepted
6034,2034,2025-12-22,Quote for Maintenance/Tune-up,Accepted
6035,2035,2025-12-23,Quote for Heating Repair,Accepted
6036,2036,2025-12-23,Quote for Heat Pump Install,Accepted
6037,2037,2025-12-24,Quote for Maintenance/Tune-up,Accepted
6038,2038,2025-12-24,Quote for Maintenance/Tune-up,Accepted
6039,2039,2025-12-25,Quote for Heating Repair,Rejected
6040,2040,2025-12-25,Quote for Heat Pump Install,Accepted
6041,2041,2025-12-26,Quote for Maintenance/Tune-up,Accepted
6042,2042,2025-12-26,Quote for Heating Repair,Accepted
6043,2043,2025-12-27,Quote for Heat Pump Install,Accepted
6044,2044,2025-12-29,Quote for Maintenance/Tune-up,Accepted
6045,2045,2025-12-29,Quote for Heating Repair,Accepted
6046,2046,2025-12-29,Quote for Heating Repair,Accepted
6047,2047,2025-12-30,Quote for Heating Repair,Accepted
6048,2048,2025-12-30,Quote for Heating Repair,Accepted
6049,2049,2025-12-31,Quote for Heating Repair,Accepted
6050,2050,2025-12-31,Quote for Heating Repair,Accepted
