JobID,QuoteID,CustomerID,JobType,Status
8000,5001,1001,Heating Repair,Completed
8001,5002,1002,Heat Pump Install,Completed
8002,5003,1003,Maintenance/Tune-up,Completed
8003,5004,1004,Heating Repair,Completed
8004,5005,1005,Heat Pump Install,Completed
8005,5007,1007,Heat Pump Install,Completed
8006,5009,1009,Heating Repair,Completed
8007,5012,1012,Maintenance/Tune-up,Completed
8008,5013,1013,Heating Repair,Completed
8009,5014,1014,Heating Repair,Completed
8010,5015,1015,Heat Pump Install,Completed
8011,5016,1016,Maintenance/Tune-up,Completed
8012,5017,1017,Maintenance/Tune-up,Completed
8013,5018,1018,Heating Repair,Completed
8014,5019,1019,Maintenance/Tune-up,Completed
8015,5020,1020,Heating Repair,Completed
8016,5021,1021,Maintenance/Tune-up,Completed
8017,5022,1022,Heating Repair,Completed
8018,5023,1023,Heat Pump Install,Completed
8019,5024,1024,Heating Repair,Completed
8020,5026,1026,Maintenance/Tune-up,Completed
8021,5027,1027,Heat Pump Install,Completed
8022,5028,1028,Heating Repair,Completed
8023,5030,1030,Maintenance/Tune-up,Completed
8024,5031,1031,Maintenance/Tune-up,Completed
8025,5033,1033,Heat Pump Install,Completed
8026,5034,1034,Heat Pump Install,Completed
8027,5035,1035,Maintenance/Tune-up,Completed
8028,5036,1036,Heating Repair,Completed
8029,5037,1037,Maintenance/Tune-up,Completed
8030,5038,1038,Heating Repair,Completed
8031,5039,1039,Heating Repair,Completed
8032,5040,1040,Heating Repair,Completed
8033,5041,1041,Heating Repair,Completed
8034,5042,1042,Heating Repair,Completed
8035,5043,1043,Maintenance/Tune-up,Completed
8036,5044,1044,Heat Pump Install,Completed
8037,5045,1045,Heat Pump Install,Completed
8038,5046,1046,Heating Repair,Completed
8039,5048,1048,Maintenance/Tune-up,Completed
8040,5049,1049,Heating Repair,Completed
8041,5050,1050,Heat Pump Install,Completed
8042,5052,1052,Heating Repair,Completed
8043,5053,1053,Heating Repair,Completed
8044,5055,1055,Heat Pump Install,Completed
8045,5056,1056,Heating Repair,Completed
8046,5058,1058,Heating Repair,Completed
8047,5059,1059,Maintenance/Tune-up,Completed
8048,5061,1061,Maintenance/Tune-up,Completed
8049,5064,1064,Heating Repair,Completed
8050,5065,1065,Heating Repair,Completed
8051,5066,1066,Heating Repair,Completed
8052,5068,1068,Maintenance/Tune-up,Completed
8053,5069,1069,Maintenance/Tune-up,Completed
8054,5070,1070,Heating Repair,Completed
8055,5071,1071,Maintenance/Tune-up,Completed
8056,5072,1072,Heating Repair,Completed
8057,5074,1074,Heating Repair,Completed
8058,5075,1075,Maintenance/Tune-up,Completed
8059,5076,1076,Heating Repair,Completed
8060,5077,1077,Heating Repair,Completed
8061,5078,1078,Heating Repair,Completed
8062,5079,1079,Maintenance/Tune-up,Completed
8063,5082,1082,Heating Repair,Completed
8064,5083,1083,Heating Repair,Completed
8065,5084,1084,Maintenance/Tune-up,Completed
8066,5085,1085,Heat Pump Install,Completed
8067,5087,1087,Heating Repair,Completed
8068,5088,1088,Heating Repair,Completed
8069,5089,1089,Heat Pump Install,Completed
8070,5090,1090,Heat Pump Install,Completed
8071,5091,1091,Heat Pump Install,Completed
8072,5093,1093,Heating Repair,Completed
8073,5094,1094,Heat Pump Install,Completed
8074,5095,1095,Maintenance/Tune-up,Completed
8075,5096,1096,Heating Repair,Completed
8076,5097,1097,Heat Pump Install,Completed
8077,5098,1098,Heating Repair,Completed
8078,5099,1099,Heating Repair,Completed
8079,5100,1100,Heating Repair,Completed
8080,5101,1101,Heating Repair,Completed
8081,5102,1102,Heat Pump Install,Completed
8082,5103,1103,Heating Repair,Completed
8083,5104,1104,Maintenance/Tune-up,Completed
8084,5105,1105,Heating Repair,Completed
8085,5107,1107,Heating Repair,Completed
8086,5109,1109,Maintenance/Tune-up,Completed
8087,5110,1110,Maintenance/Tune-up,Completed
8088,5112,1112,Heating Repair,Completed
8089,5113,1113,Maintenance/Tune-up,Completed
8090,5114,1114,Heating Repair,Completed
8091,5115,1115,Maintenance/Tune-up,Completed
8092,5116,1116,Maintenance/Tune-up,Completed
8093,5117,1117,Maintenance/Tune-up,Completed
8094,5118,1118,AC Installation,Completed
8095,5119,1119,Air Quality Install,Completed
8096,5120,1120,Air Quality Install,Completed
8097,5121,1121,Air Quality Install,Completed
8098,5122,1122,Maintenance/Tune-up,Completed
8099,5123,1123,Maintenance/Tune-up,Completed
8100,5126,1126,AC Installation,Completed
8101,5127,1127,AC Installation,Completed
8102,5128,1128,Maintenance/Tune-up,Completed
8103,5130,1130,Air Quality Install,Completed
8104,5131,1131,AC Installation,Completed
8105,5132,1132,Air Quality Install,Completed
8106,5133,1133,Maintenance/Tune-up,Completed
8107,5134,1134,AC Installation,Completed
8108,5135,1135,Maintenance/Tune-up,Completed
8109,5137,1137,Maintenance/Tune-up,Completed
8110,5138,1138,AC Installation,Completed
8111,5139,1139,Maintenance/Tune-up,Completed
8112,5140,1140,Air Quality Install,Completed
8113,5144,1144,Maintenance/Tune-up,Completed
8114,5146,1146,Maintenance/Tune-up,Completed
8115,5150,1150,AC Installation,Completed
8116,5151,1151,Maintenance/Tune-up,Completed
8117,5153,1153,Air Quality Install,Completed
8118,5154,1154,Maintenance/Tune-up,Completed
8119,5155,1155,Air Quality Install,Completed
8120,5157,1157,AC Installation,Completed
8121,5158,1158,Maintenance/Tune-up,Completed
8122,5159,1159,Maintenance/Tune-up,Completed
8123,5160,1160,Maintenance/Tune-up,Completed
8124,5161,1161,Maintenance/Tune-up,Completed
8125,5162,1162,Maintenance/Tune-up,Completed
8126,5163,1163,Maintenance/Tune-up,Completed
8127,5164,1164,Air Quality Install,Completed
8128,5165,1165,AC Installation,Completed
8129,5167,1167,Maintenance/Tune-up,Completed
8130,5168,1168,AC Installation,Completed
8131,5169,1169,Maintenance/Tune-up,Completed
8132,5170,1170,Air Quality Install,Completed
8133,5171,1171,Maintenance/Tune-up,Completed
8134,5172,1172,Maintenance/Tune-up,Completed
8135,5173,1173,Maintenance/Tune-up,Completed
8136,5174,1174,Maintenance/Tune-up,Completed
8137,5175,1175,Maintenance/Tune-up,Completed
8138,5177,1177,Air Quality Install,Completed
8139,5178,1178,Maintenance/Tune-up,Completed
8140,5179,1179,Maintenance/Tune-up,Completed
8141,5180,1180,Maintenance/Tune-up,Completed
8142,5183,1183,AC Installation,Completed
8143,5184,1184,Maintenance/Tune-up,Completed
8144,5186,1186,AC Installation,Completed
8145,5187,1187,Maintenance/Tune-up,Completed
8146,5188,1188,AC Installation,Completed
8147,5191,1191,Maintenance/Tune-up,Completed
8148,5192,1192,Maintenance/Tune-up,Completed
8149,5195,1195,Air Quality Install,Completed
8150,5196,1196,Maintenance/Tune-up,Completed
8151,5197,1197,Maintenance/Tune-up,Completed
8152,5198,1198,AC Installation,Completed
8153,5199,1199,Air Quality Install,Completed
8154,5201,1201,AC Installation,Completed
8155,5202,1202,Air Quality Install,Completed
8156,5203,1203,Maintenance/Tune-up,Completed
8157,5204,1204,Maintenance/Tune-up,Completed
8158,5205,1205,Maintenance/Tune-up,Completed
8159,5206,1206,Maintenance/Tune-up,Completed
8160,5207,1207,Maintenance/Tune-up,Completed
8161,5208,1208,AC Installation,Completed
8162,5209,1209,Maintenance/Tune-up,Completed
8163,5210,1210,Maintenance/Tune-up,Completed
8164,5211,1211,Maintenance/Tune-up,Completed
8165,5214,1214,AC Installation,Completed
8166,5215,1215,Maintenance/Tune-up,Completed
8167,5216,1216,Maintenance/Tune-up,Completed
8168,5217,1217,Maintenance/Tune-up,Completed
8169,5220,1220,Air Quality Install,Completed
8170,5222,1222,Maintenance/Tune-up,Completed
8171,5223,1223,AC Installation,Completed
8172,5225,1225,Maintenance/Tune-up,Completed
8173,5226,1226,Maintenance/Tune-up,Completed
8174,5227,1227,Maintenance/Tune-up,Completed
8175,5228,1228,AC Installation,Completed
8176,5229,1229,Maintenance/Tune-up,Completed
8177,5231,1231,Maintenance/Tune-up,Completed
8178,5232,1232,Maintenance/Tune-up,Completed
8179,5235,1235,Maintenance/Tune-up,Completed
8180,5236,1236,Maintenance/Tune-up,Completed
8181,5237,1237,Maintenance/Tune-up,Completed
8182,5238,1238,Maintenance/Tune-up,Completed
8183,5240,1240,Maintenance/Tune-up,Completed
8184,5241,1241,Maintenance/Tune-up,Completed
8185,5243,1243,Maintenance/Tune-up,Completed
8186,5244,1244,Maintenance/Tune-up,Completed
8187,5247,1247,Air Quality Install,Completed
8188,5248,1248,Maintenance/Tune-up,Completed
8189,5249,1249,AC Installation,Completed
8190,5251,1251,Maintenance/Tune-up,Completed
8191,5252,1252,Maintenance/Tune-up,Completed
8192,5253,1253,Maintenance/Tune-up,Completed
8193,5254,1254,Maintenance/Tune-up,Completed
8194,5255,1255,Maintenance/Tune-up,Completed
8195,5256,1256,AC Installation,Completed
8196,5257,1257,Maintenance/Tune-up,Completed
8197,5258,1258,Maintenance/Tune-up,Completed
8198,5259,1259,Maintenance/Tune-up,Completed
8199,5261,1261,Maintenance/Tune-up,Completed
8200,5262,1262,Maintenance/Tune-up,Completed
8201,5263,1263,AC Installation,Completed
8202,5264,1264,Maintenance/Tune-up,Completed
8203,5266,1266,Maintenance/Tune-up,Completed
8204,5267,1267,Maintenance/Tune-up,Completed
8205,5268,1268,Maintenance/Tune-up,Completed
8206,5270,1270,Maintenance/Tune-up,Completed
8207,5271,1271,Maintenance/Tune-up,Completed
8208,5272,1272,AC Installation,Completed
8209,5273,1273,AC Installation,Completed
8210,5274,1274,Maintenance/Tune-up,Completed
8211,5275,1275,Maintenance/Tune-up,Completed
8212,5276,1276,AC Installation,Completed
8213,5277,1277,Maintenance/Tune-up,Completed
8214,5278,1278,AC Installation,Completed
8215,5280,1280,Maintenance/Tune-up,Completed
8216,5281,1281,Maintenance/Tune-up,Completed
8217,5282,1282,Maintenance/Tune-up,Completed
8218,5283,1283,AC Installation,Completed
8219,5285,1285,AC Installation,Completed
8220,5286,1286,Maintenance/Tune-up,Completed
8221,5288,1288,AC Installation,Completed
8222,5289,1289,AC Installation,Completed
8223,5290,1290,Maintenance/Tune-up,Completed
8224,5291,1291,AC Installation,Completed
8225,5292,1292,AC Installation,Completed
8226,5293,1293,Maintenance/Tune-up,Completed
8227,5294,1294,AC Installation,Completed
8228,5295,1295,AC Installation,Completed
8229,5296,1296,Maintenance/Tune-up,Completed
8230,5297,1297,Maintenance/Tune-up,Completed
8231,5298,1298,Maintenance/Tune-up,Completed
8232,5299,1299,Maintenance/Tune-up,Completed
8233,5300,1300,Maintenance/Tune-up,Completed
8234,5301,1301,Maintenance/Tune-up,Completed
8235,5302,1302,Maintenance/Tune-up,Completed
8236,5303,1303,Air Quality Install,Completed
8237,5304,1304,AC Installation,Completed
8238,5305,1305,AC Installation,Completed
8239,5306,1306,Maintenance/Tune-up,Completed
8240,5307,1307,Maintenance/Tune-up,Completed
8241,5308,1308,Maintenance/Tune-up,Completed
8242,5309,1309,Maintenance/Tune-up,Completed
8243,5310,1310,AC Installation,Completed
8244,5312,1312,Maintenance/Tune-up,Completed
8245,5313,1313,Air Quality Install,Completed
8246,5314,1314,Maintenance/Tune-up,Completed
8247,5315,1315,AC Installation,Completed
8248,5316,1316,Maintenance/Tune-up,Completed
8249,5317,1317,AC Installation,Completed
8250,5318,1318,Maintenance/Tune-up,Completed
8251,5319,1319,AC Installation,Completed
8252,5321,1321,AC Installation,Completed
8253,5322,1322,Maintenance/Tune-up,Completed
8254,5323,1323,Maintenance/Tune-up,Completed
8255,5324,1324,AC Installation,Completed
8256,5325,1325,AC Installation,Completed
8257,5326,1326,AC Installation,Completed
8258,5329,1329,Maintenance/Tune-up,Completed
8259,5330,1330,Maintenance/Tune-up,Completed
8260,5331,1331,Maintenance/Tune-up,Completed
8261,5332,1332,Maintenance/Tune-up,Completed
8262,5333,1333,AC Repair,Completed
8263,5335,1335,Maintenance/Tune-up,Completed
8264,5338,1338,Maintenance/Tune-up,Completed
8265,5339,1339,Maintenance/Tune-up,Completed
8266,5341,1341,AC Repair,Completed
8267,5343,1343,AC Repair,Completed
8268,5344,1344,AC Repair,Completed
8269,5345,1345,AC Repair,Completed
8270,5346,1346,AC Installation,Completed
8271,5349,1349,AC Repair,Completed
8272,5352,1352,Maintenance/Tune-up,Completed
8273,5353,1353,AC Repair,Completed
8274,5354,1354,Maintenance/Tune-up,Completed
8275,5355,1355,AC Repair,Completed
8276,5356,1356,AC Repair,Completed
8277,5357,1357,AC Repair,Completed
8278,5358,1358,AC Installation,Completed
8279,5359,1359,AC Repair,Completed
8280,5360,1360,AC Repair,Completed
8281,5361,1361,AC Repair,Completed
8282,5362,1362,AC Repair,Completed
8283,5363,1363,AC Repair,Completed
8284,5364,1364,AC Repair,Completed
8285,5365,1365,Maintenance/Tune-up,Completed
8286,5366,1366,AC Repair,Completed
8287,5367,1367,AC Repair,Completed
8288,5368,1368,Maintenance/Tune-up,Completed
8289,5369,1369,AC Repair,Completed
8290,5370,1370,AC Installation,Completed
8291,5371,1371,AC Repair,Completed
8292,5372,1372,AC Repair,Completed
8293,5373,1373,AC Repair,Completed
8294,5374,1374,Maintenance/Tune-up,Completed
8295,5375,1375,Maintenance/Tune-up,Completed
8296,5376,1376,AC Repair,Completed
8297,5377,1377,Maintenance/Tune-up,Completed
8298,5378,1378,Maintenance/Tune-up,Completed
8299,5379,1379,Maintenance/Tune-up,Completed
8300,5380,1380,AC Repair,Completed
8301,5381,1381,AC Repair,Completed
8302,5382,1382,AC Repair,Completed
8303,5383,1383,AC Repair,Completed
8304,5384,1384,AC Repair,Completed
8305,5385,1385,AC Installation,Completed
8306,5386,1386,AC Repair,Completed
8307,5388,1388,AC Installation,Completed
8308,5389,1389,Maintenance/Tune-up,Completed
8309,5390,1390,AC Repair,Completed
8310,5391,1391,AC Repair,Completed
8311,5392,1392,AC Repair,Completed
8312,5393,1393,AC Repair,Completed
8313,5394,1394,AC Repair,Completed
8314,5395,1395,Maintenance/Tune-up,Completed
8315,5396,1396,AC Repair,Completed
8316,5397,1397,AC Repair,Completed
8317,5398,1398,AC Repair,Completed
8318,5399,1399,AC Repair,Completed
8319,5400,1400,Maintenance/Tune-up,Completed
8320,5402,1402,Maintenance/Tune-up,Completed
8321,5404,1404,AC Repair,Completed
8322,5405,1405,Maintenance/Tune-up,Completed
8323,5406,1406,AC Repair,Completed
8324,5407,1407,AC Repair,Completed
8325,5408,1408,AC Repair,Completed
8326,5409,1409,AC Repair,Completed
8327,5411,1411,AC Repair,Completed
8328,5412,1412,AC Repair,Completed
8329,5413,1413,AC Repair,Completed
8330,5414,1414,AC Repair,Completed
8331,5415,1415,AC Repair,Completed
8332,5416,1416,AC Installation,Completed
8333,5418,1418,Maintenance/Tune-up,Completed
8334,5419,1419,Maintenance/Tune-up,Completed
8335,5420,1420,AC Repair,Completed
8336,5421,1421,AC Repair,Completed
8337,5422,1422,Maintenance/Tune-up,Completed
8338,5423,1423,AC Repair,Completed
8339,5424,1424,Maintenance/Tune-up,Completed
8340,5425,1425,AC Repair,Completed
8341,5426,1426,Maintenance/Tune-up,Completed
8342,5427,1427,Maintenance/Tune-up,Completed
8343,5429,1429,AC Installation,Completed
8344,5431,1431,AC Repair,Completed
8345,5432,1432,AC Repair,Completed
8346,5433,1433,AC Repair,Completed
8347,5434,1434,AC Repair,Completed
8348,5435,1435,AC Repair,Completed
8349,5436,1436,AC Repair,Completed
8350,5437,1437,Maintenance/Tune-up,Completed
8351,5438,1438,Maintenance/Tune-up,Completed
8352,5439,1439,AC Repair,Completed
8353,5440,1440,AC Repair,Completed
8354,5442,1442,AC Repair,Completed
8355,5443,1443,AC Repair,Completed
8356,5444,1444,Maintenance/Tune-up,Completed
8357,5445,1445,AC Repair,Completed
8358,5447,1447,AC Repair,Completed
8359,5448,1448,Maintenance/Tune-up,Completed
8360,5449,1449,Maintenance/Tune-up,Completed
8361,5450,1450,Maintenance/Tune-up,Completed
8362,5451,1451,AC Repair,Completed
8363,5452,1452,Maintenance/Tune-up,Completed
8364,5453,1453,Maintenance/Tune-up,Completed
8365,5454,1454,Maintenance/Tune-up,Completed
8366,5456,1456,Maintenance/Tune-up,Completed
8367,5457,1457,AC Repair,Completed
8368,5458,1458,AC Repair,Completed
8369,5459,1459,AC Repair,Completed
8370,5460,1460,Maintenance/Tune-up,Completed
8371,5461,1461,AC Installation,Completed
8372,5462,1462,AC Repair,Completed
8373,5463,1463,AC Repair,Completed
8374,5465,1465,AC Repair,Completed
8375,5466,1466,AC Repair,Completed
8376,5467,1467,Maintenance/Tune-up,Completed
8377,5470,1470,Maintenance/Tune-up,Completed
8378,5471,1471,AC Repair,Completed
8379,5472,1472,Maintenance/Tune-up,Completed
8380,5473,1473,AC Repair,Completed
8381,5475,1475,AC Repair,Completed
8382,5477,1477,AC Repair,Completed
8383,5478,1478,AC Repair,Completed
8384,5479,1479,AC Repair,Completed
8385,5480,1480,AC Repair,Completed
8386,5481,1481,AC Repair,Completed
8387,5483,1483,Maintenance/Tune-up,Completed
8388,5484,1484,AC Repair,Completed
8389,5485,1485,AC Installation,Completed
8390,5486,1486,Maintenance/Tune-up,Completed
8391,5487,1487,AC Repair,Completed
8392,5488,1488,AC Installation,Completed
8393,5489,1489,AC Repair,Completed
8394,5490,1490,Maintenance/Tune-up,Completed
8395,5491,1491,AC Repair,Completed
8396,5492,1492,Maintenance/Tune-up,Completed
8397,5493,1493,AC Repair,Completed
8398,5494,1494,AC Installation,Completed
8399,5495,1495,AC Repair,Completed
8400,5496,1496,AC Repair,Completed
8401,5497,1497,AC Installation,Completed
8402,5498,1498,AC Installation,Completed
8403,5499,1499,Maintenance/Tune-up,Completed
8404,5500,1500,AC Installation,Completed
8405,5501,1501,AC Repair,Completed
8406,5502,1502,AC Repair,Completed
8407,5504,1504,AC Repair,Completed
8408,5505,1505,Maintenance/Tune-up,Completed
8409,5506,1506,AC Installation,Completed
8410,5508,1508,Maintenance/Tune-up,Completed
8411,5509,1509,AC Repair,Completed
8412,5510,1510,AC Repair,Completed
8413,5511,1511,AC Repair,Completed
8414,5512,1512,AC Repair,Completed
8415,5513,1513,AC Repair,Completed
8416,5514,1514,AC Installation,Completed
8417,5515,1515,AC Repair,Completed
8418,5516,1516,Maintenance/Tune-up,Completed
8419,5517,1517,AC Repair,Completed
8420,5518,1518,Maintenance/Tune-up,Completed
8421,5520,1520,AC Repair,Completed
8422,5522,1522,AC Repair,Completed
8423,5523,1523,Maintenance/Tune-up,Completed
8424,5524,1524,AC Installation,Completed
8425,5525,1525,AC Repair,Completed
8426,5526,1526,AC Repair,Completed
8427,5528,1528,AC Repair,Completed
8428,5529,1529,AC Repair,Completed
8429,5530,1530,AC Installation,Completed
8430,5531,1531,Maintenance/Tune-up,Completed
8431,5532,1532,AC Repair,Completed
8432,5533,1533,AC Repair,Completed
8433,5534,1534,AC Repair,Completed
8434,5535,1535,Maintenance/Tune-up,Completed
8435,5537,1537,AC Repair,Completed
8436,5538,1538,AC Repair,Completed
8437,5540,1540,Maintenance/Tune-up,Completed
8438,5542,1542,Maintenance/Tune-up,Completed
8439,5543,1543,Maintenance/Tune-up,Completed
8440,5544,1544,Maintenance/Tune-up,Completed
8441,5545,1545,AC Repair,Completed
8442,5546,1546,AC Repair,Completed
8443,5547,1547,Maintenance/Tune-up,Completed
8444,5548,1548,AC Repair,Completed
8445,5549,1549,AC Repair,Completed
8446,5551,1551,Maintenance/Tune-up,Completed
8447,5552,1552,AC Repair,Completed
8448,5553,1553,AC Repair,Completed
8449,5554,1554,AC Repair,Completed
8450,5555,1555,Maintenance/Tune-up,Completed
8451,5556,1556,AC Repair,Completed
8452,5558,1558,Maintenance/Tune-up,Completed
8453,5559,1559,AC Installation,Completed
8454,5560,1560,Maintenance/Tune-up,Completed
8455,5561,1561,AC Repair,Completed
8456,5562,1562,AC Repair,Completed
8457,5563,1563,AC Repair,Completed
8458,5564,1564,Maintenance/Tune-up,Completed
8459,5565,1565,AC Repair,Completed
8460,5566,1566,AC Repair,Completed
8461,5567,1567,Maintenance/Tune-up,Completed
8462,5569,1569,Maintenance/Tune-up,Completed
8463,5571,1571,AC Repair,Completed
8464,5572,1572,AC Repair,Completed
8465,5573,1573,Maintenance/Tune-up,Completed
8466,5576,1576,AC Repair,Completed
8467,5578,1578,AC Repair,Completed
8468,5579,1579,AC Repair,Completed
8469,5580,1580,AC Repair,Completed
8470,5581,1581,AC Repair,Completed
8471,5582,1582,AC Repair,Completed
8472,5583,1583,AC Repair,Completed
8473,5584,1584,Maintenance/Tune-up,Completed
8474,5585,1585,AC Repair,Completed
8475,5586,1586,Maintenance/Tune-up,Completed
8476,5587,1587,Maintenance/Tune-up,Completed
8477,5588,1588,Maintenance/Tune-up,Completed
8478,5589,1589,AC Repair,Completed
8479,5590,1590,Maintenance/Tune-up,Completed
8480,5592,1592,Maintenance/Tune-up,Completed
8481,5593,1593,AC Installation,Completed
8482,5594,1594,AC Repair,Completed
8483,5595,1595,AC Repair,Completed
8484,5597,1597,AC Repair,Completed
8485,5598,1598,Maintenance/Tune-up,Completed
8486,5599,1599,Maintenance/Tune-up,Completed
8487,5600,1600,AC Repair,Completed
8488,5601,1601,AC Repair,Completed
8489,5602,1602,Maintenance/Tune-up,Completed
8490,5603,1603,AC Repair,Completed
8491,5604,1604,AC Repair,Completed
8492,5605,1605,AC Repair,Completed
8493,5606,1606,AC Repair,Completed
8494,5608,1608,AC Repair,Completed
8495,5609,1609,Maintenance/Tune-up,Completed
8496,5610,1610,AC Repair,Completed
8497,5611,1611,AC Repair,Completed
8498,5612,1612,Maintenance/Tune-up,Completed
8499,5614,1614,AC Repair,Completed
8500,5615,1615,AC Repair,Completed
8501,5617,1617,AC Repair,Completed
8502,5618,1618,AC Repair,Completed
8503,5619,1619,Maintenance/Tune-up,Completed
8504,5620,1620,Maintenance/Tune-up,Completed
8505,5622,1622,Maintenance/Tune-up,Completed
8506,5623,1623,Maintenance/Tune-up,Completed
8507,5625,1625,Maintenance/Tune-up,Completed
8508,5626,1626,AC Installation,Completed
8509,5627,1627,Maintenance/Tune-up,Completed
8510,5628,1628,AC Repair,Completed
8511,5629,1629,AC Repair,Completed
8512,5630,1630,AC Repair,Completed
8513,5631,1631,AC Repair,Completed
8514,5632,1632,AC Repair,Completed
8515,5634,1634,AC Repair,Completed
8516,5636,1636,AC Repair,Completed
8517,5637,1637,AC Installation,Completed
8518,5638,1638,AC Repair,Completed
8519,5639,1639,AC Repair,Completed
8520,5640,1640,AC Installation,Completed
8521,5642,1642,AC Repair,Completed
8522,5643,1643,AC Repair,Completed
8523,5644,1644,AC Repair,Completed
8524,5645,1645,AC Repair,Completed
8525,5646,1646,Maintenance/Tune-up,Completed
8526,5647,1647,AC Repair,Completed
8527,5648,1648,AC Repair,Completed
8528,5652,1652,AC Installation,Completed
8529,5653,1653,AC Repair,Completed
8530,5654,1654,AC Repair,Completed
8531,5655,1655,AC Repair,Completed
8532,5657,1657,Maintenance/Tune-up,Completed
8533,5658,1658,Maintenance/Tune-up,Completed
8534,5659,1659,Maintenance/Tune-up,Completed
8535,5661,1661,Maintenance/Tune-up,Completed
8536,5664,1664,AC Installation,Completed
8537,5665,1665,Maintenance/Tune-up,Completed
8538,5666,1666,AC Repair,Completed
8539,5667,1667,AC Repair,Completed
8540,5669,1669,AC Repair,Completed
8541,5670,1670,AC Installation,Completed
8542,5671,1671,Maintenance/Tune-up,Completed
8543,5672,1672,Maintenance/Tune-up,Completed
8544,5673,1673,Maintenance/Tune-up,Completed
8545,5674,1674,AC Repair,Completed
8546,5675,1675,Maintenance/Tune-up,Completed
8547,5676,1676,AC Repair,Completed
8548,5677,1677,AC Repair,Completed
8549,5678,1678,AC Repair,Completed
8550,5679,1679,AC Repair,Completed
8551,5682,1682,AC Repair,Completed
8552,5683,1683,AC Repair,Completed
8553,5684,1684,AC Repair,Completed
8554,5686,1686,Maintenance/Tune-up,Completed
8555,5687,1687,Maintenance/Tune-up,Completed
8556,5688,1688,Maintenance/Tune-up,Completed
8557,5689,1689,AC Repair,Completed
8558,5691,1691,Maintenance/Tune-up,Completed
8559,5694,1694,Maintenance/Tune-up,Completed
8560,5695,1695,Maintenance/Tune-up,Completed
8561,5696,1696,AC Repair,Completed
8562,5697,1697,Maintenance/Tune-up,Completed
8563,5699,1699,AC Repair,Completed
8564,5700,1700,Maintenance/Tune-up,Completed
8565,5701,1701,Maintenance/Tune-up,Completed
8566,5702,1702,Maintenance/Tune-up,Completed
8567,5703,1703,AC Repair,Completed
8568,5704,1704,Maintenance/Tune-up,Completed
8569,5705,1705,AC Repair,Completed
8570,5706,1706,AC Repair,Completed
8571,5707,1707,AC Installation,Completed
8572,5708,1708,AC Repair,Completed
8573,5710,1710,Maintenance/Tune-up,Completed
8574,5712,1712,AC Repair,Completed
8575,5713,1713,Maintenance/Tune-up,Completed
8576,5714,1714,AC Repair,Completed
8577,5715,1715,Maintenance/Tune-up,Completed
8578,5716,1716,AC Installation,Completed
8579,5717,1717,AC Repair,Completed
8580,5718,1718,Maintenance/Tune-up,Completed
8581,5719,1719,AC Installation,Completed
8582,5721,1721,AC Installation,Completed
8583,5725,1725,AC Repair,Completed
8584,5726,1726,Maintenance/Tune-up,Completed
8585,5727,1727,AC Repair,Completed
8586,5728,1728,AC Repair,Completed
8587,5729,1729,AC Repair,Completed
8588,5730,1730,AC Repair,Completed
8589,5731,1731,Maintenance/Tune-up,Completed
8590,5732,1732,AC Repair,Completed
8591,5734,1734,AC Repair,Completed
8592,5735,1735,AC Installation,Completed
8593,5737,1737,Maintenance/Tune-up,Completed
8594,5738,1738,AC Repair,Completed
8595,5739,1739,AC Repair,Completed
8596,5741,1741,AC Repair,Completed
8597,5742,1742,AC Repair,Completed
8598,5743,1743,Maintenance/Tune-up,Completed
8599,5744,1744,AC Repair,Completed
8600,5745,1745,AC Repair,Completed
8601,5746,1746,Maintenance/Tune-up,Completed
8602,5747,1747,AC Repair,Completed
8603,5748,1748,AC Repair,Completed
8604,5749,1749,AC Repair,Completed
8605,5750,1750,AC Repair,Completed
8606,5751,1751,AC Repair,Completed
8607,5752,1752,Maintenance/Tune-up,Completed
8608,5754,1754,AC Repair,Completed
8609,5755,1755,Maintenance/Tune-up,Completed
8610,5756,1756,Maintenance/Tune-up,Completed
8611,5757,1757,Maintenance/Tune-up,Completed
8612,5758,1758,AC Repair,Completed
8613,5759,1759,AC Installation,Completed
8614,5760,1760,AC Installation,Completed
8615,5761,1761,AC Repair,Completed
8616,5762,1762,AC Repair,Completed
8617,5763,1763,AC Repair,Completed
8618,5764,1764,Maintenance/Tune-up,Completed
8619,5766,1766,AC Repair,Completed
8620,5767,1767,AC Installation,Completed
8621,5768,1768,AC Repair,Completed
8622,5769,1769,AC Repair,Completed
8623,5773,1773,AC Repair,Completed
8624,5774,1774,Maintenance/Tune-up,Completed
8625,5775,1775,AC Repair,Completed
8626,5777,1777,AC Repair,Completed
8627,5778,1778,Maintenance/Tune-up,Completed
8628,5780,1780,AC Repair,Completed
8629,5782,1782,AC Repair,Completed
8630,5784,1784,AC Repair,Completed
8631,5785,1785,AC Repair,Completed
8632,5786,1786,Maintenance/Tune-up,Completed
8633,5787,1787,AC Repair,Completed
8634,5788,1788,AC Repair,Completed
8635,5789,1789,AC Repair,Completed
8636,5790,1790,AC Repair,Completed
8637,5791,1791,AC Installation,Completed
8638,5792,1792,Maintenance/Tune-up,Completed
8639,5793,1793,AC Repair,Completed
8640,5794,1794,AC Installation,Completed
8641,5795,1795,AC Repair,Completed
8642,5796,1796,Maintenance/Tune-up,Completed
8643,5797,1797,Maintenance/Tune-up,Completed
8644,5798,1798,AC Repair,Completed
8645,5799,1799,AC Installation,Completed
8646,5800,1800,AC Repair,Completed
8647,5801,1801,Maintenance/Tune-up,Completed
8648,5802,1802,Maintenance/Tune-up,Completed
8649,5803,1803,AC Repair,Completed
8650,5804,1804,Maintenance/Tune-up,Completed
8651,5805,1805,Maintenance/Tune-up,Completed
8652,5806,1806,Maintenance/Tune-up,Completed
8653,5807,1807,AC Repair,Completed
8654,5808,1808,AC Repair,Completed
8655,5809,1809,Maintenance/Tune-up,Completed
8656,5810,1810,Maintenance/Tune-up,Completed
8657,5811,1811,AC Repair,Completed
8658,5812,1812,AC Repair,Completed
8659,5813,1813,AC Repair,Completed
8660,5814,1814,AC Repair,Completed
8661,5815,1815,AC Installation,Completed
8662,5816,1816,AC Repair,Completed
8663,5817,1817,AC Repair,Completed
8664,5818,1818,Maintenance/Tune-up,Completed
8665,5819,1819,Maintenance/Tune-up,Completed
8666,5821,1821,AC Installation,Completed
8667,5822,1822,AC Repair,Completed
8668,5823,1823,Maintenance/Tune-up,Completed
8669,5826,1826,AC Repair,Completed
8670,5827,1827,AC Repair,Completed
8671,5828,1828,AC Installation,Completed
8672,5830,1830,AC Repair,Completed
8673,5831,1831,AC Repair,Completed
8674,5833,1833,AC Installation,Completed
8675,5834,1834,AC Repair,Completed
8676,5836,1836,AC Repair,Completed
8677,5837,1837,AC Repair,Completed
8678,5838,1838,AC Installation,Completed
8679,5839,1839,AC Repair,Completed
8680,5840,1840,AC Repair,Completed
8681,5842,1842,AC Repair,Completed
8682,5843,1843,AC Installation,Completed
8683,5844,1844,Maintenance/Tune-up,Completed
8684,5845,1845,Maintenance/Tune-up,Completed
8685,5846,1846,AC Repair,Completed
8686,5847,1847,AC Repair,Completed
8687,5848,1848,AC Repair,Completed
8688,5849,1849,AC Repair,Completed
8689,5850,1850,AC Repair,Completed
8690,5851,1851,Maintenance/Tune-up,Completed
8691,5852,1852,AC Repair,Completed
8692,5853,1853,Maintenance/Tune-up,Completed
8693,5854,1854,AC Installation,Completed
8694,5855,1855,AC Repair,Completed
8695,5856,1856,AC Installation,Completed
8696,5857,1857,Maintenance/Tune-up,Completed
8697,5858,1858,AC Repair,Completed
8698,5859,1859,Maintenance/Tune-up,Completed
8699,5860,1860,Maintenance/Tune-up,Completed
8700,5861,1861,Maintenance/Tune-up,Completed
8701,5862,1862,AC Repair,Completed
8702,5864,1864,AC Repair,Completed
8703,5865,1865,AC Repair,Completed
8704,5866,1866,Maintenance/Tune-up,Completed
8705,5868,1868,AC Repair,Completed
8706,5869,1869,AC Repair,Completed
8707,5870,1870,AC Repair,Completed
8708,5871,1871,AC Repair,Completed
8709,5872,1872,AC Repair,Completed
8710,5873,1873,AC Repair,Completed
8711,5874,1874,AC Repair,Completed
8712,5875,1875,AC Repair,Completed
8713,5876,1876,AC Installation,Completed
8714,5879,1879,Maintenance/Tune-up,Completed
8715,5881,1881,Maintenance/Tune-up,Completed
8716,5883,1883,AC Installation,Completed
8717,5884,1884,AC Repair,Completed
8718,5887,1887,AC Repair,Completed
8719,5888,1888,Maintenance/Tune-up,Completed
8720,5889,1889,AC Repair,Completed
8721,5890,1890,AC Repair,Completed
8722,5892,1892,AC Repair,Completed
8723,5894,1894,AC Repair,Completed
8724,5895,1895,AC Repair,Completed
8725,5897,1897,Maintenance/Tune-up,Completed
8726,5898,1898,Maintenance/Tune-up,Completed
8727,5900,1900,AC Repair,Completed
8728,5901,1901,AC Repair,Completed
8729,5902,1902,Maintenance/Tune-up,Completed
8730,5904,1904,Maintenance/Tune-up,Completed
8731,5905,1905,Maintenance/Tune-up,Completed
8732,5906,1906,Maintenance/Tune-up,Completed
8733,5907,1907,AC Installation,Completed
8734,5908,1908,AC Repair,Completed
8735,5909,1909,AC Repair,Completed
8736,5910,1910,AC Repair,Completed
8737,5911,1911,AC Repair,Completed
8738,5912,1912,AC Repair,Completed
8739,5914,1914,AC Repair,Completed
8740,5915,1915,AC Repair,Completed
8741,5916,1916,AC Repair,Completed
8742,5917,1917,Maintenance/Tune-up,Completed
8743,5919,1919,AC Repair,Completed
8744,5920,1920,AC Installation,Completed
8745,5921,1921,AC Repair,Completed
8746,5922,1922,AC Repair,Completed
8747,5924,1924,AC Repair,Completed
8748,5925,1925,Maintenance/Tune-up,Completed
8749,5926,1926,AC Repair,Completed
8750,5927,1927,AC Repair,Completed
8751,5928,1928,Maintenance/Tune-up,Completed
8752,5929,1929,Maintenance/Tune-up,Completed
8753,5930,1930,AC Repair,Completed
8754,5934,1934,AC Repair,Completed
8755,5935,1935,Maintenance/Tune-up,Completed
8756,5936,1936,Maintenance/Tune-up,Completed
8757,5937,1937,Maintenance/Tune-up,Completed
8758,5938,1938,AC Repair,Completed
8759,5939,1939,AC Repair,Completed
8760,5940,1940,AC Repair,Completed
8761,5941,1941,AC Installation,Completed
8762,5942,1942,Maintenance/Tune-up,Completed
8763,5943,1943,Maintenance/Tune-up,Completed
8764,5946,1946,AC Installation,Completed
8765,5947,1947,AC Repair,Completed
8766,5950,1950,Maintenance/Tune-up,Completed
8767,5951,1951,AC Repair,Completed
8768,5953,1953,AC Repair,Completed
8769,5956,1956,AC Repair,Completed
8770,5957,1957,Maintenance/Tune-up,Completed
8771,5958,1958,AC Repair,Completed
8772,5959,1959,AC Repair,Completed
8773,5960,1960,Maintenance/Tune-up,Completed
8774,5961,1961,AC Installation,Completed
8775,5962,1962,Maintenance/Tune-up,Completed
8776,5963,1963,Maintenance/Tune-up,Completed
8777,5964,1964,AC Repair,Completed
8778,5965,1965,AC Repair,Completed
8779,5966,1966,AC Repair,Completed
8780,5967,1967,Maintenance/Tune-up,Completed
8781,5968,1968,AC Repair,Completed
8782,5969,1969,AC Repair,Completed
8783,5970,1970,Maintenance/Tune-up,Completed
8784,5971,1971,AC Repair,Completed
8785,5972,1972,AC Repair,Completed
8786,5973,1973,AC Repair,Completed
8787,5974,1974,AC Installation,Completed
8788,5975,1975,AC Installation,Completed
8789,5976,1976,AC Repair,Completed
8790,5978,1978,AC Repair,Completed
8791,5980,1980,AC Repair,Completed
8792,5981,1981,AC Repair,Completed
8793,5983,1983,AC Repair,Completed
8794,5985,1985,Maintenance/Tune-up,Completed
8795,5987,1987,AC Repair,Completed
8796,5988,1988,AC Repair,Completed
8797,5989,1989,Maintenance/Tune-up,Completed
8798,5990,1990,Maintenance/Tune-up,Completed
8799,5991,1991,AC Repair,Completed
8800,5992,1992,AC Repair,Completed
8801,5993,1993,AC Repair,Completed
8802,5994,1994,AC Repair,Completed
8803,5995,1995,Maintenance/Tune-up,Completed
8804,5996,1996,AC Repair,Completed
8805,5998,1998,AC Repair,Completed
8806,5999,1999,AC Repair,Completed
8807,6000,2000,AC Repair,Completed
8808,6001,2001,AC Repair,Completed
8809,6002,2002,AC Repair,Completed
8810,6003,2003,AC Repair,Completed
8811,6005,2005,AC Repair,Completed
8812,6006,2006,AC Repair,Completed
8813,6007,2007,AC Repair,Completed
8814,6008,2008,Maintenance/Tune-up,Completed
8815,6009,2009,AC Repair,Completed
8816,6010,2010,Maintenance/Tune-up,Completed
8817,6012,2012,AC Repair,Completed
8818,6014,2014,AC Repair,Completed
8819,6017,2017,Maintenance/Tune-up,Completed
8820,6018,2018,Maintenance/Tune-up,Completed
8821,6019,2019,AC Repair,Completed
8822,6020,2020,Maintenance/Tune-up,Completed
8823,6021,2021,AC Repair,Completed
8824,6022,2022,Maintenance/Tune-up,Completed
8825,6023,2023,AC Repair,Completed
8826,6025,2025,AC Installation,Completed
8827,6027,2027,AC Repair,Completed
8828,6028,2028,Maintenance/Tune-up,Completed
8829,6029,2029,AC Repair,Completed
8830,6030,2030,AC Repair,Completed
8831,6031,2031,Maintenance/Tune-up,Completed
8832,6033,2033,AC Repair,Completed
8833,6034,2034,AC Repair,Completed
8834,6035,2035,Maintenance/Tune-up,Completed
8835,6036,2036,AC Repair,Completed
8836,6037,2037,AC Repair,Completed
8837,6038,2038,AC Repair,Completed
8838,6040,2040,Maintenance/Tune-up,Completed
8839,6041,2041,AC Repair,Completed
8840,6043,2043,AC Repair,Completed
8841,6044,2044,AC Installation,Completed
8842,6045,2045,AC Repair,Completed
8843,6046,2046,Maintenance/Tune-up,Completed
8844,6047,2047,AC Repair,Completed
8845,6048,2048,AC Repair,Completed
8846,6049,2049,Maintenance/Tune-up,Completed
8847,6050,2050,AC Repair,Completed
8848,6051,2051,AC Repair,Completed
8849,6052,2052,AC Repair,Completed
8850,6053,2053,AC Repair,Completed
8851,6054,2054,AC Installation,Completed
8852,6056,2056,Maintenance/Tune-up,Completed
8853,6058,2058,Maintenance/Tune-up,Completed
8854,6059,2059,AC Repair,Completed
8855,6060,2060,AC Repair,Completed
8856,6061,2061,AC Repair,Completed
8857,6062,2062,AC Repair,Completed
8858,6063,2063,Maintenance/Tune-up,Completed
8859,6064,2064,AC Repair,Completed
8860,6065,2065,AC Repair,Completed
8861,6069,2069,AC Installation,Completed
8862,6070,2070,AC Repair,Completed
8863,6073,2073,AC Repair,Completed
8864,6074,2074,AC Installation,Completed
8865,6075,2075,Maintenance/Tune-up,Completed
8866,6076,2076,AC Installation,Completed
8867,6077,2077,AC Repair,Completed
8868,6078,2078,AC Repair,Completed
8869,6079,2079,Maintenance/Tune-up,Completed
8870,6080,2080,AC Repair,Completed
8871,6081,2081,Maintenance/Tune-up,Completed
8872,6082,2082,AC Repair,Completed
8873,6083,2083,AC Repair,Completed
8874,6084,2084,AC Repair,Completed
8875,6086,2086,Maintenance/Tune-up,Completed
8876,6087,2087,AC Repair,Completed
8877,6088,2088,AC Installation,Completed
8878,6089,2089,Maintenance/Tune-up,Completed
8879,6090,2090,AC Repair,Completed
8880,6091,2091,AC Repair,Completed
8881,6092,2092,AC Installation,Completed
8882,6093,2093,AC Repair,Completed
8883,6094,2094,AC Repair,Completed
8884,6095,2095,AC Repair,Completed
8885,6096,2096,AC Installation,Completed
8886,6097,2097,AC Repair,Completed
8887,6098,2098,AC Repair,Completed
8888,6099,2099,Maintenance/Tune-up,Completed
8889,6100,2100,Maintenance/Tune-up,Completed
8890,6101,2101,AC Repair,Completed
8891,6102,2102,AC Repair,Completed
8892,6103,2103,Maintenance/Tune-up,Completed
8893,6104,2104,AC Repair,Completed
8894,6105,2105,AC Repair,Completed
8895,6106,2106,AC Installation,Completed
8896,6107,2107,AC Repair,Completed
8897,6109,2109,AC Repair,Completed
8898,6110,2110,AC Repair,Completed
8899,6111,2111,AC Repair,Completed
8900,6113,2113,AC Repair,Completed
8901,6114,2114,Maintenance/Tune-up,Completed
8902,6116,2116,AC Repair,Completed
8903,6117,2117,AC Repair,Completed
8904,6119,2119,AC Repair,Completed
8905,6122,2122,Maintenance/Tune-up,Completed
8906,6123,2123,AC Repair,Completed
8907,6124,2124,AC Repair,Completed
8908,6127,2127,AC Repair,Completed
8909,6128,2128,AC Installation,Completed
8910,6129,2129,AC Repair,Completed
8911,6130,2130,AC Repair,Completed
8912,6131,2131,AC Repair,Completed
8913,6134,2134,AC Installation,Completed
8914,6135,2135,Maintenance/Tune-up,Completed
8915,6136,2136,Maintenance/Tune-up,Completed
8916,6137,2137,AC Installation,Completed
8917,6138,2138,AC Repair,Completed
8918,6139,2139,AC Installation,Completed
8919,6140,2140,Maintenance/Tune-up,Completed
8920,6141,2141,AC Repair,Completed
8921,6142,2142,Maintenance/Tune-up,Completed
8922,6144,2144,AC Repair,Completed
8923,6145,2145,AC Repair,Completed
8924,6146,2146,AC Repair,Completed
8925,6147,2147,AC Repair,Completed
8926,6148,2148,AC Repair,Completed
8927,6150,2150,AC Installation,Completed
8928,6151,2151,Maintenance/Tune-up,Completed
8929,6153,2153,Maintenance/Tune-up,Completed
8930,6154,2154,AC Repair,Completed
8931,6155,2155,AC Repair,Completed
8932,6158,2158,AC Repair,Completed
8933,6159,2159,AC Repair,Completed
8934,6160,2160,AC Installation,Completed
8935,6161,2161,AC Repair,Completed
8936,6162,2162,Maintenance/Tune-up,Completed
8937,6163,2163,Maintenance/Tune-up,Completed
8938,6164,2164,Maintenance/Tune-up,Completed
8939,6165,2165,AC Repair,Completed
8940,6168,2168,Maintenance/Tune-up,Completed
8941,6169,2169,Maintenance/Tune-up,Completed
8942,6170,2170,AC Repair,Completed
8943,6171,2171,Maintenance/Tune-up,Completed
8944,6173,2173,AC Repair,Completed
8945,6176,2176,Maintenance/Tune-up,Completed
8946,6178,2178,AC Repair,Completed
8947,6180,2180,AC Repair,Completed
8948,6182,2182,Maintenance/Tune-up,Completed
8949,6184,2184,AC Repair,Completed
8950,6185,2185,Maintenance/Tune-up,Completed
8951,6186,2186,Maintenance/Tune-up,Completed
8952,6187,2187,Maintenance/Tune-up,Completed
8953,6188,2188,AC Installation,Completed
8954,6189,2189,AC Installation,Completed
8955,6190,2190,AC Repair,Completed
8956,6191,2191,AC Repair,Completed
8957,6192,2192,Maintenance/Tune-up,Completed
8958,6193,2193,AC Repair,Completed
8959,6196,2196,AC Repair,Completed
8960,6198,2198,Maintenance/Tune-up,Completed
8961,6199,2199,AC Repair,Completed
8962,6200,2200,Maintenance/Tune-up,Completed
8963,6201,2201,AC Repair,Completed
8964,6202,2202,AC Repair,Completed
8965,6203,2203,Maintenance/Tune-up,Completed
8966,6204,2204,Maintenance/Tune-up,Completed
8967,6205,2205,AC Repair,Completed
8968,6206,2206,AC Repair,Completed
8969,6208,2208,Maintenance/Tune-up,Completed
8970,6209,2209,Maintenance/Tune-up,Completed
8971,6210,2210,AC Repair,Completed
8972,6211,2211,Maintenance/Tune-up,Completed
8973,6212,2212,Maintenance/Tune-up,Completed
8974,6213,2213,AC Repair,Completed
8975,6214,2214,Maintenance/Tune-up,Completed
8976,6217,2217,AC Repair,Completed
8977,6219,2219,AC Repair,Completed
8978,6220,2220,AC Repair,Completed
8979,6221,2221,AC Repair,Completed
8980,6222,2222,Maintenance/Tune-up,Completed
8981,6223,2223,AC Installation,Completed
8982,6224,2224,Maintenance/Tune-up,Completed
8983,6226,2226,Maintenance/Tune-up,Completed
8984,6227,2227,AC Repair,Completed
8985,6228,2228,Maintenance/Tune-up,Completed
8986,6229,2229,AC Repair,Completed
8987,6230,2230,AC Repair,Completed
8988,6231,2231,AC Repair,Completed
8989,6232,2232,AC Repair,Completed
8990,6233,2233,Maintenance/Tune-up,Completed
8991,6234,2234,AC Repair,Completed
8992,6236,2236,AC Repair,Completed
8993,6237,2237,AC Repair,Completed
8994,6238,2238,AC Installation,Completed
8995,6239,2239,AC Repair,Completed
8996,6241,2241,AC Installation,Completed
8997,6242,2242,AC Repair,Completed
8998,6246,2246,Maintenance/Tune-up,Completed
8999,6247,2247,Maintenance/Tune-up,Completed
9000,6248,2248,AC Repair,Completed
9001,6249,2249,AC Repair,Completed
9002,6250,2250,Maintenance/Tune-up,Completed
9003,6252,2252,AC Repair,Completed
9004,6253,2253,AC Installation,Completed
9005,6254,2254,Maintenance/Tune-up,Completed
9006,6255,2255,AC Repair,Completed
9007,6256,2256,Maintenance/Tune-up,Completed
9008,6257,2257,Maintenance/Tune-up,Completed
9009,6258,2258,AC Repair,Completed
9010,6260,2260,AC Repair,Completed
9011,6262,2262,AC Repair,Completed
9012,6264,2264,AC Installation,Completed
9013,6265,2265,AC Repair,Completed
9014,6266,2266,AC Repair,Completed
9015,6267,2267,Maintenance/Tune-up,Completed
9016,6268,2268,AC Repair,Completed
9017,6269,2269,Maintenance/Tune-up,Completed
9018,6270,2270,AC Repair,Completed
9019,6271,2271,Maintenance/Tune-up,Completed
9020,6272,2272,AC Repair,Completed
9021,6275,2275,Maintenance/Tune-up,Completed
9022,6276,2276,Maintenance/Tune-up,Completed
9023,6277,2277,Maintenance/Tune-up,Completed
9024,6278,2278,AC Repair,Completed
9025,6280,2280,AC Repair,Completed
9026,6282,2282,AC Repair,Completed
9027,6283,2283,AC Repair,Completed
9028,6284,2284,AC Repair,Completed
9029,6285,2285,AC Repair,Completed
9030,6286,2286,Maintenance/Tune-up,Completed
9031,6289,2289,Maintenance/Tune-up,Completed
9032,6291,2291,AC Repair,Completed
9033,6292,2292,AC Repair,Completed
9034,6293,2293,Maintenance/Tune-up,Completed
9035,6294,2294,Maintenance/Tune-up,Completed
9036,6295,2295,AC Repair,Completed
9037,6296,2296,AC Repair,Completed
9038,6297,2297,AC Repair,Completed
9039,6298,2298,AC Repair,Completed
9040,6299,2299,AC Repair,Completed
9041,6300,2300,AC Repair,Completed
9042,6301,2301,AC Repair,Completed
9043,6302,2302,AC Repair,Completed
9044,6303,2303,Maintenance/Tune-up,Completed
9045,6304,2304,AC Repair,Completed
9046,6305,2305,AC Repair,Completed
9047,6306,2306,AC Repair,Completed
9048,6307,2307,Maintenance/Tune-up,Completed
9049,6308,2308,Maintenance/Tune-up,Completed
9050,6309,2309,Maintenance/Tune-up,Completed
9051,6310,2310,AC Repair,Completed
9052,6311,2311,AC Repair,Completed
9053,6312,2312,AC Repair,Completed
9054,6314,2314,AC Installation,Completed
9055,6315,2315,AC Installation,Completed
9056,6316,2316,AC Repair,Completed
9057,6317,2317,Maintenance/Tune-up,Completed
9058,6318,2318,Maintenance/Tune-up,Completed
9059,6320,2320,Maintenance/Tune-up,Completed
9060,6321,2321,AC Repair,Completed
9061,6324,2324,Maintenance/Tune-up,Completed
9062,6326,2326,Maintenance/Tune-up,Completed
9063,6327,2327,Maintenance/Tune-up,Completed
9064,6328,2328,AC Repair,Completed
9065,6329,2329,Maintenance/Tune-up,Completed
9066,6330,2330,Maintenance/Tune-up,Completed
9067,6331,2331,AC Repair,Completed
9068,6332,2332,AC Repair,Completed
9069,6333,2333,AC Repair,Completed
9070,6335,2335,Maintenance/Tune-up,Completed
9071,6336,2336,Maintenance/Tune-up,Completed
9072,6337,2337,AC Repair,Completed
9073,6338,2338,AC Installation,Completed
9074,6339,2339,Maintenance/Tune-up,Completed
9075,6341,2341,AC Repair,Completed
9076,6342,2342,Maintenance/Tune-up,Completed
9077,6344,2344,Maintenance/Tune-up,Completed
9078,6345,2345,AC Installation,Completed
9079,6347,2347,AC Repair,Completed
9080,6348,2348,AC Repair,Completed
9081,6349,2349,AC Repair,Completed
9082,6350,2350,AC Repair,Completed
9083,6351,2351,AC Repair,Completed
9084,6354,2354,AC Repair,Completed
9085,6355,2355,Maintenance/Tune-up,Completed
9086,6356,2356,AC Repair,Completed
9087,6358,2358,Maintenance/Tune-up,Completed
9088,6360,2360,AC Repair,Completed
9089,6361,2361,Maintenance/Tune-up,Completed
9090,6362,2362,AC Installation,Completed
9091,6363,2363,AC Repair,Completed
9092,6364,2364,Maintenance/Tune-up,Completed
9093,6365,2365,AC Repair,Completed
9094,6366,2366,AC Installation,Completed
9095,6368,2368,Maintenance/Tune-up,Completed
9096,6369,2369,AC Repair,Completed
9097,6370,2370,AC Repair,Completed
9098,6371,2371,Maintenance/Tune-up,Completed
9099,6372,2372,Maintenance/Tune-up,Completed
9100,6374,2374,AC Repair,Completed
9101,6375,2375,Maintenance/Tune-up,Completed
9102,6376,2376,AC Repair,Completed
9103,6378,2378,AC Repair,Completed
9104,6379,2379,Maintenance/Tune-up,Completed
9105,6380,2380,AC Repair,Completed
9106,6381,2381,AC Repair,Completed
9107,6382,2382,AC Repair,Completed
9108,6383,2383,AC Installation,Completed
9109,6384,2384,AC Repair,Completed
9110,6385,2385,AC Repair,Completed
9111,6386,2386,AC Repair,Completed
9112,6387,2387,AC Repair,Completed
9113,6388,2388,AC Repair,Completed
9114,6389,2389,AC Repair,Completed
9115,6390,2390,AC Repair,Completed
9116,6391,2391,Maintenance/Tune-up,Completed
9117,6392,2392,AC Repair,Completed
9118,6393,2393,AC Repair,Completed
9119,6394,2394,AC Repair,Completed
9120,6395,2395,AC Repair,Completed
9121,6396,2396,AC Installation,Completed
9122,6397,2397,AC Repair,Completed
9123,6398,2398,AC Repair,Completed
9124,6399,2399,Maintenance/Tune-up,Completed
9125,6401,2401,AC Repair,Completed
9126,6402,2402,AC Repair,Completed
9127,6404,2404,AC Installation,Completed
9128,6405,2405,AC Repair,Completed
9129,6406,2406,Maintenance/Tune-up,Completed
9130,6407,2407,AC Repair,Completed
9131,6408,2408,AC Repair,Completed
9132,6410,2410,AC Installation,Completed
9133,6411,2411,Maintenance/Tune-up,Completed
9134,6412,2412,Maintenance/Tune-up,Completed
9135,6413,2413,AC Repair,Completed
9136,6415,2415,AC Repair,Completed
9137,6416,2416,AC Repair,Completed
9138,6417,2417,AC Repair,Completed
9139,6418,2418,AC Repair,Completed
9140,6419,2419,Maintenance/Tune-up,Completed
9141,6420,2420,AC Repair,Completed
9142,6421,2421,Maintenance/Tune-up,Completed
9143,6423,2423,AC Installation,Completed
9144,6427,2427,AC Repair,Completed
9145,6428,2428,AC Repair,Completed
9146,6429,2429,AC Repair,Completed
9147,6430,2430,AC Repair,Completed
9148,6431,2431,AC Repair,Completed
9149,6432,2432,AC Installation,Completed
9150,6433,2433,AC Repair,Completed
9151,6434,2434,AC Repair,Completed
9152,6435,2435,Maintenance/Tune-up,Completed
9153,6436,2436,AC Repair,Completed
9154,6437,2437,Maintenance/Tune-up,Completed
9155,6438,2438,Maintenance/Tune-up,Completed
9156,6439,2439,AC Repair,Completed
9157,6442,2442,Maintenance/Tune-up,Completed
9158,6443,2443,AC Installation,Completed
9159,6444,2444,AC Repair,Completed
9160,6447,2447,Maintenance/Tune-up,Completed
9161,6448,2448,AC Repair,Completed
9162,6449,2449,Maintenance/Tune-up,Completed
9163,6450,2450,AC Installation,Completed
9164,6451,2451,Maintenance/Tune-up,Completed
9165,6452,2452,AC Repair,Completed
9166,6453,2453,AC Repair,Completed
9167,6455,2455,AC Repair,Completed
9168,6456,2456,AC Repair,Completed
9169,6457,2457,AC Repair,Completed
9170,6458,2458,Maintenance/Tune-up,Completed
9171,6460,2460,Maintenance/Tune-up,Completed
9172,6462,2462,AC Repair,Completed
9173,6463,2463,Maintenance/Tune-up,Completed
9174,6464,2464,AC Repair,Completed
9175,6465,2465,AC Repair,Completed
9176,6466,2466,AC Installation,Completed
9177,6467,2467,AC Repair,Completed
9178,6468,2468,AC Repair,Completed
9179,6469,2469,Maintenance/Tune-up,Completed
9180,6472,2472,AC Repair,Completed
9181,6474,2474,AC Repair,Completed
9182,6475,2475,AC Repair,Completed
9183,6478,2478,Maintenance/Tune-up,Completed
9184,6480,2480,AC Repair,Completed
9185,6482,2482,AC Repair,Completed
9186,6483,2483,Maintenance/Tune-up,Completed
9187,6485,2485,Maintenance/Tune-up,Completed
9188,6486,2486,AC Repair,Completed
9189,6487,2487,Maintenance/Tune-up,Completed
9190,6489,2489,Maintenance/Tune-up,Completed
9191,6490,2490,Maintenance/Tune-up,Completed
9192,6492,2492,AC Repair,Completed
9193,6494,2494,AC Repair,Completed
9194,6495,2495,AC Installation,Completed
9195,6496,2496,AC Repair,Completed
9196,6497,2497,AC Repair,Completed
9197,6498,2498,AC Repair,Completed
9198,6499,2499,AC Repair,Completed
9199,6500,2500,AC Repair,Completed
9200,6502,2502,AC Installation,Completed
9201,6503,2503,AC Repair,Completed
9202,6504,2504,AC Repair,Completed
9203,6505,2505,AC Repair,Completed
9204,6507,2507,AC Repair,Completed
9205,6509,2509,AC Installation,Completed
9206,6510,2510,AC Installation,Completed
9207,6511,2511,AC Repair,Completed
9208,6512,2512,Maintenance/Tune-up,Completed
9209,6513,2513,Maintenance/Tune-up,Completed
9210,6514,2514,AC Repair,Completed
9211,6515,2515,Maintenance/Tune-up,Completed
9212,6516,2516,AC Repair,Completed
9213,6517,2517,Maintenance/Tune-up,Completed
9214,6519,2519,AC Repair,Completed
9215,6520,2520,Maintenance/Tune-up,Completed
9216,6521,2521,AC Repair,Completed
9217,6523,2523,Maintenance/Tune-up,Completed
9218,6524,2524,Maintenance/Tune-up,Completed
9219,6525,2525,AC Repair,Completed
9220,6526,2526,AC Repair,Completed
9221,6528,2528,AC Repair,Completed
9222,6529,2529,AC Repair,Completed
9223,6530,2530,Maintenance/Tune-up,Completed
9224,6531,2531,AC Repair,Completed
9225,6532,2532,Maintenance/Tune-up,Completed
9226,6533,2533,AC Repair,Completed
9227,6534,2534,AC Repair,Completed
9228,6535,2535,AC Repair,Completed
9229,6536,2536,AC Repair,Completed
9230,6537,2537,AC Installation,Completed
9231,6538,2538,AC Installation,Completed
9232,6541,2541,AC Repair,Completed
9233,6542,2542,AC Repair,Completed
9234,6543,2543,Maintenance/Tune-up,Completed
9235,6544,2544,AC Repair,Completed
9236,6545,2545,AC Repair,Completed
9237,6546,2546,Maintenance/Tune-up,Completed
9238,6547,2547,AC Repair,Completed
9239,6548,2548,AC Repair,Completed
9240,6549,2549,AC Repair,Completed
9241,6550,2550,Maintenance/Tune-up,Completed
9242,6551,2551,AC Repair,Completed
9243,6553,2553,AC Installation,Completed
9244,6554,2554,Maintenance/Tune-up,Completed
9245,6555,2555,Maintenance/Tune-up,Completed
9246,6556,2556,Maintenance/Tune-up,Completed
9247,6557,2557,Maintenance/Tune-up,Completed
9248,6558,2558,Maintenance/Tune-up,Completed
9249,6559,2559,AC Repair,Completed
9250,6561,2561,AC Repair,Completed
9251,6562,2562,AC Repair,Completed
9252,6563,2563,Maintenance/Tune-up,Completed
9253,6564,2564,AC Repair,Completed
9254,6566,2566,AC Installation,Completed
9255,6567,2567,AC Repair,Completed
9256,6568,2568,Maintenance/Tune-up,Completed
9257,6569,2569,AC Repair,Completed
9258,6571,2571,Maintenance/Tune-up,Completed
9259,6572,2572,Maintenance/Tune-up,Completed
9260,6573,2573,AC Repair,Completed
9261,6574,2574,AC Repair,Completed
9262,6575,2575,AC Repair,Completed
9263,6579,2579,Maintenance/Tune-up,Completed
9264,6581,2581,AC Repair,Completed
9265,6582,2582,Maintenance/Tune-up,Completed
9266,6583,2583,Maintenance/Tune-up,Completed
9267,6584,2584,AC Repair,Completed
9268,6585,2585,AC Repair,Completed
9269,6586,2586,AC Installation,Completed
9270,6587,2587,Maintenance/Tune-up,Completed
9271,6589,2589,AC Repair,Completed
9272,6590,2590,AC Repair,Completed
9273,6591,2591,AC Repair,Completed
9274,6593,2593,AC Repair,Completed
9275,6594,2594,Maintenance/Tune-up,Completed
9276,6595,2595,Maintenance/Tune-up,Completed
9277,6597,2597,AC Repair,Completed
9278,6598,2598,AC Repair,Completed
9279,6600,2600,AC Repair,Completed
9280,6601,2601,Maintenance/Tune-up,Completed
9281,6602,2602,AC Repair,Completed
9282,6604,2604,AC Repair,Completed
9283,6607,2607,AC Repair,Completed
9284,6608,2608,Maintenance/Tune-up,Completed
9285,6609,2609,AC Repair,Completed
9286,6611,2611,AC Repair,Completed
9287,6612,2612,AC Repair,Completed
9288,6613,2613,Maintenance/Tune-up,Completed
9289,6614,2614,AC Repair,Completed
9290,6615,2615,AC Repair,Completed
9291,6616,2616,AC Repair,Completed
9292,6618,2618,AC Repair,Completed
9293,6619,2619,AC Repair,Completed
9294,6621,2621,AC Repair,Completed
9295,6622,2622,AC Repair,Completed
9296,6623,2623,AC Repair,Completed
9297,6624,2624,AC Repair,Completed
9298,6625,2625,Maintenance/Tune-up,Completed
9299,6626,2626,AC Repair,Completed
9300,6627,2627,AC Repair,Completed
9301,6628,2628,AC Installation,Completed
9302,6629,2629,AC Repair,Completed
9303,6630,2630,AC Repair,Completed
9304,6631,2631,Maintenance/Tune-up,Completed
9305,6632,2632,AC Repair,Completed
9306,6633,2633,AC Repair,Completed
9307,6634,2634,AC Repair,Completed
9308,6636,2636,AC Repair,Completed
9309,6637,2637,AC Repair,Completed
9310,6638,2638,Maintenance/Tune-up,Completed
9311,6639,2639,AC Repair,Completed
9312,6640,2640,Maintenance/Tune-up,Completed
9313,6641,2641,AC Repair,Completed
9314,6642,2642,Maintenance/Tune-up,Completed
9315,6643,2643,AC Repair,Completed
9316,6644,2644,AC Repair,Completed
9317,6645,2645,AC Repair,Completed
9318,6646,2646,Maintenance/Tune-up,Completed
9319,6647,2647,AC Repair,Completed
9320,6648,2648,Maintenance/Tune-up,Completed
9321,6649,2649,AC Repair,Completed
9322,6650,2650,Maintenance/Tune-up,Completed
9323,6651,2651,AC Repair,Completed
9324,6652,2652,Maintenance/Tune-up,Completed
9325,6653,2653,AC Repair,Completed
9326,6654,2654,AC Repair,Completed
9327,6655,2655,AC Repair,Completed
9328,6656,2656,Maintenance/Tune-up,Completed
9329,6657,2657,Maintenance/Tune-up,Completed
9330,6658,2658,AC Repair,Completed
9331,6659,2659,AC Repair,Completed
9332,6660,2660,AC Repair,Completed
9333,6662,2662,Maintenance/Tune-up,Completed
9334,6663,2663,Maintenance/Tune-up,Completed
9335,6664,2664,AC Installation,Completed
9336,6665,2665,AC Repair,Completed
9337,6666,2666,Maintenance/Tune-up,Completed
9338,6667,2667,AC Repair,Completed
9339,6668,2668,AC Installation,Completed
9340,6670,2670,AC Repair,Completed
9341,6671,2671,Maintenance/Tune-up,Completed
9342,6674,2674,AC Repair,Completed
9343,6675,2675,AC Repair,Completed
9344,6676,2676,AC Repair,Completed
9345,6677,2677,AC Repair,Completed
9346,6678,2678,AC Repair,Completed
9347,6679,2679,AC Repair,Completed
9348,6680,2680,Maintenance/Tune-up,Completed
9349,6681,2681,AC Repair,Completed
9350,6682,2682,AC Repair,Completed
9351,6683,2683,AC Repair,Completed
9352,6684,2684,AC Repair,Completed
9353,6685,2685,Maintenance/Tune-up,Completed
9354,6686,2686,Maintenance/Tune-up,Completed
9355,6687,2687,AC Repair,Completed
9356,6688,2688,AC Repair,Completed
9357,6689,2689,AC Installation,Completed
9358,6691,2691,AC Installation,Completed
9359,6693,2693,AC Installation,Completed
9360,6694,2694,AC Repair,Completed
9361,6695,2695,AC Repair,Completed
9362,6696,2696,AC Installation,Completed
9363,6697,2697,Maintenance/Tune-up,Completed
9364,6699,2699,AC Repair,Completed
9365,6700,2700,Maintenance/Tune-up,Completed
9366,6701,2701,AC Repair,Completed
9367,6702,2702,AC Repair,Completed
9368,6703,2703,AC Repair,Completed
9369,6704,2704,AC Repair,Completed
9370,6705,2705,Maintenance/Tune-up,Completed
9371,6706,2706,Maintenance/Tune-up,Completed
9372,6707,2707,AC Repair,Completed
9373,6708,2708,AC Repair,Completed
9374,6709,2709,Maintenance/Tune-up,Completed
9375,6710,2710,AC Installation,Completed
9376,6711,2711,AC Repair,Completed
9377,6713,2713,AC Repair,Completed
9378,6714,2714,AC Repair,Completed
9379,6715,2715,Maintenance/Tune-up,Completed
9380,6716,2716,AC Repair,Completed
9381,6717,2717,AC Repair,Completed
9382,6718,2718,AC Repair,Completed
9383,6719,2719,AC Installation,Completed
9384,6721,2721,AC Repair,Completed
9385,6722,2722,AC Repair,Completed
9386,6723,2723,AC Repair,Completed
9387,6724,2724,Maintenance/Tune-up,Completed
9388,6725,2725,AC Repair,Completed
9389,6726,2726,AC Repair,Completed
9390,6727,2727,Maintenance/Tune-up,Completed
9391,6728,2728,AC Repair,Completed
9392,6729,2729,AC Repair,Completed
9393,6730,2730,AC Repair,Completed
9394,6731,2731,AC Repair,Completed
9395,6732,2732,Maintenance/Tune-up,Completed
9396,6733,2733,AC Repair,Completed
9397,6734,2734,Maintenance/Tune-up,Completed
9398,6735,2735,AC Repair,Completed
9399,6736,2736,AC Repair,Completed
9400,6737,2737,AC Repair,Completed
9401,6738,2738,Maintenance/Tune-up,Completed
9402,6739,2739,AC Repair,Completed
9403,6740,2740,AC Repair,Completed
9404,6741,2741,Maintenance/Tune-up,Completed
9405,6742,2742,Maintenance/Tune-up,Completed
9406,6743,2743,Maintenance/Tune-up,Completed
9407,6744,2744,AC Installation,Completed
9408,6745,2745,AC Repair,Completed
9409,6746,2746,AC Repair,Completed
9410,6747,2747,AC Repair,Completed
9411,6748,2748,AC Repair,Completed
9412,6749,2749,Maintenance/Tune-up,Completed
9413,6751,2751,Maintenance/Tune-up,Completed
9414,6752,2752,AC Repair,Completed
9415,6753,2753,AC Repair,Completed
9416,6754,2754,AC Repair,Completed
9417,6755,2755,Maintenance/Tune-up,Completed
9418,6759,2759,AC Repair,Completed
9419,6760,2760,Maintenance/Tune-up,Completed
9420,6761,2761,AC Repair,Completed
9421,6762,2762,Maintenance/Tune-up,Completed
9422,6763,2763,AC Repair,Completed
9423,6764,2764,AC Repair,Completed
9424,6767,2767,AC Repair,Completed
9425,6768,2768,AC Repair,Completed
9426,6769,2769,AC Repair,Completed
9427,6770,2770,AC Repair,Completed
9428,6771,2771,Maintenance/Tune-up,Completed
9429,6772,2772,AC Installation,Completed
9430,6773,2773,AC Repair,Completed
9431,6774,2774,AC Repair,Completed
9432,6776,2776,AC Installation,Completed
9433,6778,2778,Maintenance/Tune-up,Completed
9434,6779,2779,Maintenance/Tune-up,Completed
9435,6780,2780,AC Repair,Completed
9436,6781,2781,AC Repair,Completed
9437,6782,2782,Maintenance/Tune-up,Completed
9438,6783,2783,AC Repair,Completed
9439,6784,2784,AC Repair,Completed
9440,6785,2785,AC Repair,Completed
9441,6790,2790,AC Repair,Completed
9442,6791,2791,AC Repair,Completed
9443,6792,2792,AC Repair,Completed
9444,6793,2793,AC Repair,Completed
9445,6794,2794,Maintenance/Tune-up,Completed
9446,6795,2795,Maintenance/Tune-up,Completed
9447,6796,2796,AC Repair,Completed
9448,6797,2797,AC Installation,Completed
9449,6798,2798,AC Repair,Completed
9450,6799,2799,AC Repair,Completed
9451,6801,2801,AC Repair,Completed
9452,6802,2802,Maintenance/Tune-up,Completed
9453,6803,2803,AC Installation,Completed
9454,6804,2804,AC Repair,Completed
9455,6805,2805,Maintenance/Tune-up,Completed
9456,6806,2806,AC Repair,Completed
9457,6807,2807,Maintenance/Tune-up,Completed
9458,6808,2808,Maintenance/Tune-up,Completed
9459,6810,2810,Maintenance/Tune-up,Completed
9460,6811,2811,AC Repair,Completed
9461,6812,2812,AC Repair,Completed
9462,6814,2814,AC Repair,Completed
9463,6815,2815,AC Repair,Completed
9464,6816,2816,AC Repair,Completed
9465,6817,2817,Maintenance/Tune-up,Completed
9466,6818,2818,AC Repair,Completed
9467,6819,2819,AC Repair,Completed
9468,6821,2821,AC Repair,Completed
9469,6822,2822,AC Repair,Completed
9470,6824,2824,AC Repair,Completed
9471,6825,2825,AC Repair,Completed
9472,6827,2827,Maintenance/Tune-up,Completed
9473,6829,2829,AC Repair,Completed
9474,6830,2830,AC Repair,Completed
9475,6831,2831,AC Repair,Completed
9476,6832,2832,AC Repair,Completed
9477,6834,2834,Maintenance/Tune-up,Completed
9478,6836,2836,AC Repair,Completed
9479,6837,2837,Maintenance/Tune-up,Completed
9480,6838,2838,AC Installation,Completed
9481,6839,2839,Maintenance/Tune-up,Completed
9482,6840,2840,AC Repair,Completed
9483,6841,2841,Maintenance/Tune-up,Completed
9484,6842,2842,AC Repair,Completed
9485,6843,2843,AC Installation,Completed
9486,6844,2844,AC Repair,Completed
9487,6845,2845,AC Installation,Completed
9488,6846,2846,AC Repair,Completed
9489,6847,2847,Maintenance/Tune-up,Completed
9490,6848,2848,AC Repair,Completed
9491,6850,2850,Maintenance/Tune-up,Completed
9492,6851,2851,Maintenance/Tune-up,Completed
9493,6852,2852,AC Repair,Completed
9494,6853,2853,AC Repair,Completed
9495,6854,2854,AC Repair,Completed
9496,6856,2856,Maintenance/Tune-up,Completed
9497,6858,2858,AC Repair,Completed
9498,6859,2859,Maintenance/Tune-up,Completed
9499,6860,2860,AC Repair,Completed
9500,6861,2861,AC Repair,Completed
9501,6862,2862,AC Repair,Completed
9502,6863,2863,AC Repair,Completed
9503,6865,2865,AC Repair,Completed
9504,6867,2867,AC Repair,Completed
9505,6868,2868,AC Installation,Completed
9506,6869,2869,AC Repair,Completed
9507,6870,2870,AC Repair,Completed
9508,6871,2871,AC Installation,Completed
9509,6872,2872,AC Repair,Completed
9510,6873,2873,AC Repair,Completed
9511,6874,2874,Maintenance/Tune-up,Completed
9512,6875,2875,AC Repair,Completed
9513,6876,2876,AC Repair,Completed
9514,6877,2877,Maintenance/Tune-up,Completed
9515,6878,2878,Maintenance/Tune-up,Completed
9516,6879,2879,AC Repair,Completed
9517,6880,2880,AC Repair,Completed
9518,6881,2881,AC Repair,Completed
9519,6882,2882,Maintenance/Tune-up,Completed
9520,6883,2883,AC Repair,Completed
9521,6884,2884,AC Repair,Completed
9522,6885,2885,AC Repair,Completed
9523,6887,2887,AC Repair,Completed
9524,6888,2888,AC Repair,Completed
9525,6890,2890,Maintenance/Tune-up,Completed
9526,6891,2891,AC Installation,Completed
9527,6892,2892,Maintenance/Tune-up,Completed
9528,6893,2893,Maintenance/Tune-up,Completed
9529,6894,2894,AC Repair,Completed
9530,6896,2896,AC Repair,Completed
9531,6897,2897,AC Repair,Completed
9532,6898,2898,Maintenance/Tune-up,Completed
9533,6900,2900,AC Repair,Completed
9534,6901,2901,AC Repair,Completed
9535,6902,2902,AC Installation,Completed
9536,6903,2903,AC Repair,Completed
9537,6904,2904,AC Repair,Completed
9538,6905,2905,Maintenance/Tune-up,Completed
9539,6906,2906,AC Repair,Completed
9540,6907,2907,Maintenance/Tune-up,Completed
9541,6910,2910,Maintenance/Tune-up,Completed
9542,6911,2911,AC Repair,Completed
9543,6912,2912,Maintenance/Tune-up,Completed
9544,6913,2913,AC Repair,Completed
9545,6914,2914,Maintenance/Tune-up,Completed
9546,6915,2915,Maintenance/Tune-up,Completed
9547,6916,2916,AC Installation,Completed
9548,6917,2917,AC Repair,Completed
9549,6919,2919,AC Repair,Completed
9550,6920,2920,AC Repair,Completed
9551,6921,2921,AC Repair,Completed
9552,6922,2922,AC Repair,Completed
9553,6923,2923,AC Repair,Completed
9554,6924,2924,AC Repair,Completed
9555,6925,2925,AC Repair,Completed
9556,6926,2926,Maintenance/Tune-up,Completed
9557,6927,2927,AC Repair,Completed
9558,6929,2929,AC Installation,Completed
9559,6930,2930,AC Repair,Completed
9560,6934,2934,AC Installation,Completed
9561,6935,2935,AC Repair,Completed
9562,6936,2936,Maintenance/Tune-up,Completed
9563,6937,2937,AC Repair,Completed
9564,6938,2938,AC Repair,Completed
9565,6939,2939,Maintenance/Tune-up,Completed
9566,6940,2940,AC Repair,Completed
9567,6941,2941,Maintenance/Tune-up,Completed
9568,6942,2942,AC Repair,Completed
9569,6943,2943,Maintenance/Tune-up,Completed
9570,6944,2944,AC Repair,Completed
9571,6945,2945,AC Repair,Completed
9572,6946,2946,AC Repair,Completed
9573,6947,2947,AC Repair,Completed
9574,6948,2948,AC Repair,Completed
9575,6949,2949,Maintenance/Tune-up,Completed
9576,6950,2950,AC Repair,Completed
9577,6951,2951,AC Repair,Completed
9578,6952,2952,AC Repair,Completed
9579,6953,2953,AC Repair,Completed
9580,6954,2954,AC Repair,Completed
9581,6955,2955,AC Repair,Completed
9582,6958,2958,AC Installation,Completed
9583,6959,2959,AC Repair,Completed
9584,6960,2960,Maintenance/Tune-up,Completed
9585,6961,2961,AC Repair,Completed
9586,6962,2962,AC Repair,Completed
9587,6964,2964,AC Repair,Completed
9588,6965,2965,Maintenance/Tune-up,Completed
9589,6966,2966,AC Repair,Completed
9590,6969,2969,AC Repair,Completed
9591,6970,2970,AC Repair,Completed
9592,6971,2971,AC Installation,Completed
9593,6972,2972,AC Repair,Completed
9594,6973,2973,AC Repair,Completed
9595,6974,2974,AC Repair,Completed
9596,6975,2975,Maintenance/Tune-up,Completed
9597,6976,2976,Maintenance/Tune-up,Completed
9598,6978,2978,Maintenance/Tune-up,Completed
9599,6979,2979,Maintenance/Tune-up,Completed
9600,6981,2981,Maintenance/Tune-up,Completed
9601,6982,2982,Maintenance/Tune-up,Completed
9602,6984,2984,AC Repair,Completed
9603,6985,2985,AC Repair,Completed
9604,6986,2986,Maintenance/Tune-up,Completed
9605,6987,2987,AC Repair,Completed
9606,6988,2988,AC Repair,Completed
9607,6990,2990,AC Repair,Completed
9608,6991,2991,Maintenance/Tune-up,Completed
9609,6993,2993,AC Repair,Completed
9610,6994,2994,AC Repair,Completed
9611,6995,2995,AC Repair,Completed
9612,6996,2996,AC Repair,Completed
9613,6997,2997,AC Repair,Completed
9614,6998,2998,Maintenance/Tune-up,Completed
9615,6999,2999,Maintenance/Tune-up,Completed
9616,7001,3001,AC Installation,Completed
9617,7002,3002,AC Repair,Completed
9618,7003,3003,Maintenance/Tune-up,Completed
9619,7005,3005,AC Repair,Completed
9620,7006,3006,AC Repair,Completed
9621,7007,3007,AC Repair,Completed
9622,7008,3008,Maintenance/Tune-up,Completed
9623,7011,3011,AC Repair,Completed
9624,7012,3012,AC Repair,Completed
9625,7013,3013,AC Repair,Completed
9626,7014,3014,AC Repair,Completed
9627,7016,3016,Maintenance/Tune-up,Completed
9628,7017,3017,AC Repair,Completed
9629,7018,3018,AC Repair,Completed
9630,7019,3019,AC Repair,Completed
9631,7021,3021,AC Installation,Completed
9632,7022,3022,Maintenance/Tune-up,Completed
9633,7023,3023,AC Repair,Completed
9634,7024,3024,AC Installation,Completed
9635,7026,3026,Maintenance/Tune-up,Completed
9636,7028,3028,Maintenance/Tune-up,Completed
9637,7030,3030,Maintenance/Tune-up,Completed
9638,7034,3034,Maintenance/Tune-up,Completed
9639,7035,3035,Maintenance/Tune-up,Completed
9640,7036,3036,AC Repair,Completed
9641,7037,3037,AC Installation,Completed
9642,7038,3038,AC Repair,Completed
9643,7039,3039,AC Repair,Completed
9644,7041,3041,AC Installation,Completed
9645,7042,3042,AC Repair,Completed
9646,7043,3043,AC Repair,Completed
9647,7044,3044,AC Repair,Completed
9648,7045,3045,AC Repair,Completed
9649,7046,3046,AC Repair,Completed
9650,7047,3047,Maintenance/Tune-up,Completed
9651,7048,3048,Maintenance/Tune-up,Completed
9652,7050,3050,AC Installation,Completed
9653,7051,3051,AC Repair,Completed
9654,7052,3052,AC Repair,Completed
9655,7053,3053,AC Repair,Completed
9656,7055,3055,AC Repair,Completed
9657,7056,3056,Maintenance/Tune-up,Completed
9658,7057,3057,AC Repair,Completed
9659,7058,3058,Maintenance/Tune-up,Completed
9660,7059,3059,Maintenance/Tune-up,Completed
9661,7060,3060,Maintenance/Tune-up,Completed
9662,7061,3061,Maintenance/Tune-up,Completed
9663,7062,3062,AC Installation,Completed
9664,7063,3063,Maintenance/Tune-up,Completed
9665,7064,3064,Maintenance/Tune-up,Completed
9666,7065,3065,AC Repair,Completed
9667,7066,3066,Maintenance/Tune-up,Completed
9668,7067,3067,Maintenance/Tune-up,Completed
9669,7069,3069,AC Repair,Completed
9670,7071,3071,AC Installation,Completed
9671,7073,3073,AC Repair,Completed
9672,7074,3074,AC Installation,Completed
9673,7075,3075,Maintenance/Tune-up,Completed
9674,7076,3076,AC Repair,Completed
9675,7079,3079,Maintenance/Tune-up,Completed
9676,7080,3080,AC Repair,Completed
9677,7082,3082,AC Repair,Completed
9678,7083,3083,Maintenance/Tune-up,Completed
9679,7085,3085,AC Repair,Completed
9680,7086,3086,Maintenance/Tune-up,Completed
9681,7087,3087,AC Repair,Completed
9682,7088,3088,Maintenance/Tune-up,Completed
9683,7089,3089,AC Repair,Completed
9684,7090,3090,Maintenance/Tune-up,Completed
9685,7091,3091,AC Repair,Completed
9686,7092,3092,AC Repair,Completed
9687,7093,3093,Maintenance/Tune-up,Completed
9688,7094,3094,Maintenance/Tune-up,Completed
9689,7096,3096,AC Repair,Completed
9690,7098,3098,AC Installation,Completed
9691,7099,3099,AC Repair,Completed
9692,7100,3100,Maintenance/Tune-up,Completed
9693,7101,3101,AC Repair,Completed
9694,7102,3102,AC Repair,Completed
9695,7103,3103,AC Repair,Completed
9696,7104,3104,AC Repair,Completed
9697,7105,3105,AC Repair,Completed
9698,7106,3106,AC Installation,Completed
9699,7107,3107,AC Repair,Completed
9700,7109,3109,AC Repair,Completed
9701,7111,3111,Maintenance/Tune-up,Completed
9702,7112,3112,AC Repair,Completed
9703,7114,3114,AC Repair,Completed
9704,7116,3116,AC Repair,Completed
9705,7118,3118,Maintenance/Tune-up,Completed
9706,7119,3119,AC Repair,Completed
9707,7120,3120,AC Installation,Completed
9708,7121,3121,AC Repair,Completed
9709,7122,3122,AC Repair,Completed
9710,7123,3123,AC Installation,Completed
9711,7126,3126,AC Repair,Completed
9712,7132,3132,AC Repair,Completed
9713,7133,3133,AC Repair,Completed
9714,7134,3134,AC Repair,Completed
9715,7135,3135,Maintenance/Tune-up,Completed
9716,7138,3138,AC Repair,Completed
9717,7139,3139,AC Repair,Completed
9718,7140,3140,AC Repair,Completed
9719,7142,3142,AC Repair,Completed
9720,7143,3143,AC Installation,Completed
9721,7144,3144,AC Repair,Completed
9722,7145,3145,AC Repair,Completed
9723,7146,3146,AC Repair,Completed
9724,7148,3148,AC Repair,Completed
9725,7149,3149,AC Repair,Completed
9726,7150,3150,Maintenance/Tune-up,Completed
9727,7151,3151,AC Repair,Completed
9728,7153,3153,Maintenance/Tune-up,Completed
9729,7154,3154,Air Quality Install,Completed
9730,7155,3155,AC Installation,Completed
9731,7156,3156,AC Installation,Completed
9732,7157,3157,Air Quality Install,Completed
9733,7159,3159,AC Installation,Completed
9734,7161,3161,Maintenance/Tune-up,Completed
9735,7162,3162,Maintenance/Tune-up,Completed
9736,7163,3163,Maintenance/Tune-up,Completed
9737,7164,3164,Air Quality Install,Completed
9738,7165,3165,Maintenance/Tune-up,Completed
9739,7166,3166,AC Installation,Completed
9740,7168,3168,Maintenance/Tune-up,Completed
9741,7169,3169,AC Installation,Completed
9742,7170,3170,AC Installation,Completed
9743,7171,3171,AC Installation,Completed
9744,7172,3172,AC Installation,Completed
9745,7173,3173,AC Installation,Completed
9746,7174,3174,Maintenance/Tune-up,Completed
9747,7175,3175,AC Installation,Completed
9748,7176,3176,Maintenance/Tune-up,Completed
9749,7177,3177,AC Installation,Completed
9750,7178,3178,Maintenance/Tune-up,Completed
9751,7179,3179,AC Installation,Completed
9752,7180,3180,Air Quality Install,Completed
9753,7182,3182,Maintenance/Tune-up,Completed
9754,7183,3183,Air Quality Install,Completed
9755,7184,3184,Maintenance/Tune-up,Completed
9756,7185,3185,Maintenance/Tune-up,Completed
9757,7186,3186,AC Installation,Completed
9758,7188,3188,Maintenance/Tune-up,Completed
9759,7189,3189,Maintenance/Tune-up,Completed
9760,7190,3190,AC Installation,Completed
9761,7191,3191,Maintenance/Tune-up,Completed
9762,7192,3192,AC Installation,Completed
9763,7193,3193,Maintenance/Tune-up,Completed
9764,7194,3194,Maintenance/Tune-up,Completed
9765,7195,3195,Maintenance/Tune-up,Completed
9766,7196,3196,Maintenance/Tune-up,Completed
9767,7198,3198,AC Installation,Completed
9768,7199,3199,AC Installation,Completed
9769,7200,3200,Air Quality Install,Completed
9770,7201,3201,Air Quality Install,Completed
9771,7202,3202,AC Installation,Completed
9772,7204,3204,Air Quality Install,Completed
9773,7205,3205,Maintenance/Tune-up,Completed
9774,7206,3206,Maintenance/Tune-up,Completed
9775,7207,3207,Maintenance/Tune-up,Completed
9776,7208,3208,Air Quality Install,Completed
9777,7209,3209,Maintenance/Tune-up,Completed
9778,7210,3210,Maintenance/Tune-up,Completed
9779,7211,3211,Maintenance/Tune-up,Completed
9780,7213,3213,AC Installation,Completed
9781,7214,3214,Maintenance/Tune-up,Completed
9782,7215,3215,Maintenance/Tune-up,Completed
9783,7216,3216,Maintenance/Tune-up,Completed
9784,7217,3217,Maintenance/Tune-up,Completed
9785,7218,3218,Maintenance/Tune-up,Completed
9786,7219,3219,AC Installation,Completed
9787,7220,3220,AC Installation,Completed
9788,7221,3221,AC Installation,Completed
9789,7222,3222,AC Installation,Completed
9790,7225,3225,AC Installation,Completed
9791,7226,3226,Maintenance/Tune-up,Completed
9792,7227,3227,AC Installation,Completed
9793,7228,3228,AC Installation,Completed
9794,7229,3229,Maintenance/Tune-up,Completed
9795,7230,3230,Air Quality Install,Completed
9796,7231,3231,Maintenance/Tune-up,Completed
9797,7232,3232,AC Installation,Completed
9798,7233,3233,Maintenance/Tune-up,Completed
9799,7234,3234,Air Quality Install,Completed
9800,7235,3235,AC Installation,Completed
9801,7236,3236,Maintenance/Tune-up,Completed
9802,7237,3237,AC Installation,Completed
9803,7238,3238,AC Installation,Completed
9804,7240,3240,Maintenance/Tune-up,Completed
9805,7242,3242,Maintenance/Tune-up,Completed
9806,7243,3243,AC Installation,Completed
9807,7244,3244,Air Quality Install,Completed
9808,7246,3246,Maintenance/Tune-up,Completed
9809,7247,3247,Maintenance/Tune-up,Completed
9810,7248,3248,Maintenance/Tune-up,Completed
9811,7249,3249,AC Installation,Completed
9812,7250,3250,AC Installation,Completed
9813,7251,3251,AC Installation,Completed
9814,7252,3252,AC Installation,Completed
9815,7253,3253,Maintenance/Tune-up,Completed
9816,7254,3254,Maintenance/Tune-up,Completed
9817,7255,3255,Maintenance/Tune-up,Completed
9818,7256,3256,Maintenance/Tune-up,Completed
9819,7257,3257,Maintenance/Tune-up,Completed
9820,7258,3258,Air Quality Install,Completed
9821,7259,3259,Maintenance/Tune-up,Completed
9822,7260,3260,Maintenance/Tune-up,Completed
9823,7261,3261,AC Installation,Completed
9824,7264,3264,Air Quality Install,Completed
9825,7265,3265,Maintenance/Tune-up,Completed
9826,7266,3266,Maintenance/Tune-up,Completed
9827,7267,3267,Maintenance/Tune-up,Completed
9828,7268,3268,Maintenance/Tune-up,Completed
9829,7269,3269,Maintenance/Tune-up,Completed
9830,7270,3270,Maintenance/Tune-up,Completed
9831,7271,3271,Heat Pump Install,Completed
9832,7275,3275,Heating Repair,Completed
9833,7276,3276,Heating Repair,Completed
9834,7277,3277,Heat Pump Install,Completed
9835,7278,3278,Maintenance/Tune-up,Completed
9836,7279,3279,Heating Repair,Completed
9837,7283,3283,Heating Repair,Completed
9838,7285,3285,Heating Repair,Completed
9839,7287,3287,Heating Repair,Completed
9840,7288,3288,Maintenance/Tune-up,Completed
9841,7289,3289,Heating Repair,Completed
9842,7291,3291,Heating Repair,Completed
9843,7292,3292,Heating Repair,Completed
9844,7293,3293,Maintenance/Tune-up,Completed
9845,7294,3294,Heating Repair,Completed
9846,7296,3296,Maintenance/Tune-up,Completed
9847,7297,3297,Heating Repair,Completed
9848,7299,3299,Heating Repair,Completed
9849,7301,3301,Maintenance/Tune-up,Completed
9850,7303,3303,Heating Repair,Completed
9851,7304,3304,Heat Pump Install,Completed
9852,7307,3307,Maintenance/Tune-up,Completed
9853,7308,3308,Maintenance/Tune-up,Completed
9854,7309,3309,Maintenance/Tune-up,Completed
9855,7310,3310,Maintenance/Tune-up,Completed
9856,7311,3311,Maintenance/Tune-up,Completed
9857,7313,3313,Maintenance/Tune-up,Completed
9858,7314,3314,Heating Repair,Completed
9859,7315,3315,Heating Repair,Completed
9860,7317,3317,Heating Repair,Completed
9861,7318,3318,Heat Pump Install,Completed
9862,7319,3319,Heating Repair,Completed
9863,7320,3320,Maintenance/Tune-up,Completed
9864,7321,3321,Heating Repair,Completed
9865,7322,3322,Heat Pump Install,Completed
9866,7323,3323,Heat Pump Install,Completed
9867,7324,3324,Heating Repair,Completed
9868,7325,3325,Maintenance/Tune-up,Completed
9869,7326,3326,Heating Repair,Completed
9870,7327,3327,Maintenance/Tune-up,Completed
9871,7328,3328,Heating Repair,Completed
9872,7330,3330,Heat Pump Install,Completed
9873,7331,3331,Heat Pump Install,Completed
9874,7332,3332,Heating Repair,Completed
9875,7333,3333,Heating Repair,Completed
9876,7334,3334,Maintenance/Tune-up,Completed
9877,7336,3336,Heating Repair,Completed
9878,7337,3337,Heating Repair,Completed
9879,7338,3338,Heating Repair,Completed
9880,7339,3339,Heating Repair,Completed
9881,7340,3340,Heating Repair,Completed
9882,7341,3341,Heating Repair,Completed
9883,7342,3342,Heat Pump Install,Completed
9884,7344,3344,Heating Repair,Completed
9885,7347,3347,Maintenance/Tune-up,Completed
9886,7348,3348,Heating Repair,Completed
9887,7350,3350,Heating Repair,Completed
9888,7351,3351,Maintenance/Tune-up,Completed
9889,7352,3352,Maintenance/Tune-up,Completed
9890,7353,3353,Maintenance/Tune-up,Completed
9891,7355,3355,Heat Pump Install,Completed
9892,7356,3356,Maintenance/Tune-up,Completed
9893,7357,3357,Maintenance/Tune-up,Completed
9894,7359,3359,Heating Repair,Completed
9895,7361,3361,Heating Repair,Completed
9896,7363,3363,Maintenance/Tune-up,Completed
9897,7364,3364,Maintenance/Tune-up,Completed
9898,7365,3365,Heating Repair,Completed
9899,7366,3366,Maintenance/Tune-up,Completed
9900,7367,3367,Maintenance/Tune-up,Completed
9901,7368,3368,Heat Pump Install,Completed
9902,7369,3369,Heating Repair,Completed
9903,7370,3370,Maintenance/Tune-up,Completed
9904,7371,3371,Heat Pump Install,Completed
9905,7372,3372,Maintenance/Tune-up,Completed
9906,7373,3373,Heating Repair,Completed
9907,7374,3374,Heating Repair,Completed
9908,7375,3375,Heating Repair,Completed
9909,7379,3379,Heating Repair,Completed
9910,7380,3380,Heating Repair,Completed
9911,7381,3381,Maintenance/Tune-up,Completed
9912,7382,3382,Maintenance/Tune-up,Completed
9913,7383,3383,Maintenance/Tune-up,Completed
9914,7384,3384,Heat Pump Install,Completed
9915,7385,3385,Maintenance/Tune-up,Completed
9916,7387,3387,Heating Repair,Completed
9917,7388,3388,Heat Pump Install,Completed
9918,7389,3389,Heating Repair,Completed
9919,7390,3390,Heating Repair,Completed
9920,7391,3391,Heat Pump Install,Completed
9921,7393,3393,Maintenance/Tune-up,Completed
9922,7394,3394,Heating Repair,Completed
9923,7395,3395,Heating Repair,Completed
9924,7396,3396,Heating Repair,Completed
9925,7398,3398,Maintenance/Tune-up,Completed
9926,7400,3400,Heating Repair,Completed
9927,7401,3401,Heating Repair,Completed
9928,7402,3402,Maintenance/Tune-up,Completed
9929,7403,3403,Maintenance/Tune-up,Completed
9930,7405,3405,Heating Repair,Completed
