customer_id,customer_name,customer_type,email,phone,city
MESC1000,Parker Martinez,residential,parker.martinez@example.com,(480) 782-7895,Gilbert
MESC1001,Riley Thompson,commercial,riley.thompson@example.com,(480) 988-2195,Apache Junction
MESC1002,Taylor Garcia,residential,taylor.garcia@example.com,(480) 240-1990,Tempe
MESC1003,Blake Anderson,residential,blake.anderson@example.com,(480) 713-7806,Tempe
MESC1004,Reese Johnson,residential,reese.johnson@example.com,(480) 750-3501,Gilbert
MESC1005,Taylor Anderson,residential,taylor.anderson@example.com,(480) 408-3545,Scottsdale
MESC1006,Parker Moore,residential,parker.moore@example.com,(480) 981-2083,Gilbert
MESC1007,Rowan Davis,residential,rowan.davis@example.com,(480) 288-8118,Apache Junction
MESC1008,Sam Smith,residential,sam.smith@example.com,(480) 959-3877,Apache Junction
MESC1009,Alex Martinez,residential,alex.martinez@example.com,(480) 367-9133,Gilbert
MESC1010,Blake Wilson,residential,blake.wilson@example.com,(480) 329-5403,Apache Junction
MESC1011,Alex Thomas,commercial,alex.thomas@example.com,(480) 478-9582,Apache Junction
MESC1012,Cameron Johnson,residential,cameron.johnson@example.com,(480) 723-6900,Apache Junction
MESC1013,Skyler Nguyen,residential,skyler.nguyen@example.com,(480) 461-2685,Scottsdale
MESC1014,Casey Davis,residential,casey.davis@example.com,(480) 202-1721,Apache Junction
MESC1015,Avery Smith,residential,avery.smith@example.com,(480) 592-3458,Mesa
MESC1016,Jordan Martin,residential,jordan.martin@example.com,(480) 454-7819,Gilbert
MESC1017,Cameron Johnson,residential,cameron.johnson@example.com,(480) 322-9225,Apache Junction
MESC1018,Riley Davis,commercial,riley.davis@example.com,(480) 247-7568,Apache Junction
MESC1019,Sam Anderson,commercial,sam.anderson@example.com,(480) 518-6362,Apache Junction
MESC1020,Sam Garcia,residential,sam.garcia@example.com,(480) 498-5979,Scottsdale
MESC1021,Avery Jackson,residential,avery.jackson@example.com,(480) 705-4201,Scottsdale
MESC1022,Avery Martinez,residential,avery.martinez@example.com,(480) 619-1391,Mesa
MESC1023,Quinn Garcia,commercial,quinn.garcia@example.com,(480) 201-7164,Gilbert
MESC1024,Casey Brown,residential,casey.brown@example.com,(480) 443-7878,Tempe
MESC1025,Jordan Martinez,residential,jordan.martinez@example.com,(480) 295-1719,Mesa
MESC1026,Blake Martin,residential,blake.martin@example.com,(480) 581-8511,Apache Junction
MESC1027,Casey Martinez,residential,casey.martinez@example.com,(480) 603-2226,Scottsdale
MESC1028,Jordan Martin,residential,jordan.martin@example.com,(480) 333-4879,Gilbert
MESC1029,Cameron Thomas,commercial,cameron.thomas@example.com,(480) 602-6345,Gilbert
MESC1030,Sam Wilson,residential,sam.wilson@example.com,(480) 407-3230,Scottsdale
MESC1031,Casey Martinez,residential,casey.martinez@example.com,(480) 660-8635,Gilbert
MESC1032,Rowan Lee,residential,rowan.lee@example.com,(480) 988-4401,Tempe
MESC1033,Drew Jackson,residential,drew.jackson@example.com,(480) 322-2481,Mesa
MESC1034,Drew Smith,residential,drew.smith@example.com,(480) 535-3430,Apache Junction
MESC1035,Avery Hernandez,residential,avery.hernandez@example.com,(480) 250-5896,Gilbert
MESC1036,Riley Garcia,commercial,riley.garcia@example.com,(480) 663-5093,Apache Junction
MESC1037,Sam Lee,commercial,sam.lee@example.com,(480) 343-2989,Apache Junction
MESC1038,Jordan Davis,residential,jordan.davis@example.com,(480) 610-7098,Apache Junction
MESC1039,Cameron Johnson,residential,cameron.johnson@example.com,(480) 266-4239,Tempe
