company,invoice_id,line_index,item_name,category,qty,unit,unit_price,unit_cost_actual,ext_price,ext_cost
Mesa Propane Service,I_401e109794,1,Regulator / Hose,parts,1,each,167.5,103.85,167.5,103.85
Mesa Propane Service,I_401e109794,2,Service Call,service,3,each,55.84,34.62,167.52,103.86
Mesa Propane Service,I_e35ec800d3,1,Labor,labor,2,hr,41.48,25.72,82.96,51.44
Mesa Propane Service,I_e35ec800d3,2,Propane Delivery,fuel,1,gal,82.97,51.44,82.97,51.44
Mesa Propane Service,I_e35ec800d3,3,Tank Rental,rental,2,month,41.48,25.72,82.96,51.44
Mesa Propane Service,I_e35ec800d3,4,Service Call,service,2,each,41.48,25.72,82.96,51.44
Mesa Propane Service,I_e35ec800d3,5,Service Call,service,3,each,27.66,17.15,82.98,51.45
Mesa Propane Service,I_3764e12d6f,1,Labor,labor,1,hr,56.22,34.86,56.22,34.86
Mesa Propane Service,I_3764e12d6f,2,Labor,labor,1,hr,56.21,34.85,56.21,34.85
Mesa Propane Service,I_3764e12d6f,3,Service Call,service,1,each,56.22,34.86,56.22,34.86
Mesa Propane Service,I_3764e12d6f,4,Service Call,service,1,each,56.21,34.85,56.21,34.85
Mesa Propane Service,I_3764e12d6f,5,Tank Rental,rental,3,month,18.74,11.62,56.22,34.86
Mesa Propane Service,I_c66eec8fa7,1,Labor,labor,1,hr,47.03,29.16,47.03,29.16
Mesa Propane Service,I_c66eec8fa7,2,Tank Rental,rental,3,month,15.68,9.72,47.04,29.16
Mesa Propane Service,I_c66eec8fa7,3,Propane Delivery,fuel,1,gal,47.01,29.15,47.01,29.15
Mesa Propane Service,I_cbca676087,1,Labor,labor,1,hr,141.88,87.97,141.88,87.97
Mesa Propane Service,I_cbca676087,2,Tank Rental,rental,1,month,141.88,87.97,141.88,87.97
Mesa Propane Service,I_cbca676087,3,Tank Rental,rental,1,month,141.87,87.96,141.87,87.96
Mesa Propane Service,I_cbca676087,4,Service Call,service,2,each,70.94,43.98,141.88,87.96
Mesa Propane Service,I_cbca676087,5,Regulator / Hose,parts,1,each,141.87,87.96,141.87,87.96
Mesa Propane Service,I_323e496b01,1,Propane Delivery,fuel,1,gal,78.52,48.68,78.52,48.68
Mesa Propane Service,I_323e496b01,2,Tank Rental,rental,1,month,78.51,48.68,78.51,48.68
Mesa Propane Service,I_323e496b01,3,Service Call,service,1,each,78.52,48.68,78.52,48.68
Mesa Propane Service,I_323e496b01,4,Tank Rental,rental,2,month,39.26,24.34,78.52,48.68
Mesa Propane Service,I_4b26d7b0b2,1,Propane Delivery,fuel,2,gal,30.16,18.7,60.32,37.4
Mesa Propane Service,I_4b26d7b0b2,2,Labor,labor,1,hr,60.32,37.4,60.32,37.4
Mesa Propane Service,I_4b26d7b0b2,3,Service Call,service,2,each,30.16,18.7,60.32,37.4
Mesa Propane Service,I_4b26d7b0b2,4,Propane Delivery,fuel,1,gal,60.33,37.4,60.33,37.4
Mesa Propane Service,I_4b26d7b0b2,5,Tank Rental,rental,1,month,60.32,37.4,60.32,37.4
Mesa Propane Service,I_526faeb072,1,Labor,labor,2,hr,60.21,37.33,120.42,74.66
Mesa Propane Service,I_526faeb072,2,Service Call,service,1,each,120.42,74.66,120.42,74.66
Mesa Propane Service,I_526faeb072,3,Propane Delivery,fuel,1,gal,120.42,74.66,120.42,74.66
Mesa Propane Service,I_e190de8ab5,1,Regulator / Hose,parts,1,each,74.88,46.43,74.88,46.43
Mesa Propane Service,I_e190de8ab5,2,Propane Delivery,fuel,3,gal,24.96,15.48,74.88,46.44
Mesa Propane Service,I_e190de8ab5,3,Regulator / Hose,parts,1,each,74.89,46.43,74.89,46.43
Mesa Propane Service,I_e190de8ab5,4,Tank Rental,rental,2,month,37.44,23.21,74.88,46.42
Mesa Propane Service,I_e190de8ab5,5,Tank Rental,rental,1,month,74.89,46.43,74.89,46.43
Mesa Propane Service,I_5c6881ffb8,1,Propane Delivery,fuel,2,gal,124.16,76.98,248.32,153.96
Mesa Propane Service,I_5c6881ffb8,2,Labor,labor,2,hr,124.16,76.98,248.32,153.96
Mesa Propane Service,I_336e9e4dff,1,Service Call,service,1,each,45.84,28.42,45.84,28.42
Mesa Propane Service,I_336e9e4dff,2,Labor,labor,3,hr,15.28,9.47,45.84,28.41
Mesa Propane Service,I_336e9e4dff,3,Labor,labor,1,hr,45.84,28.42,45.84,28.42
Mesa Propane Service,I_336e9e4dff,4,Propane Delivery,fuel,3,gal,15.28,9.47,45.84,28.41
Mesa Propane Service,I_336e9e4dff,5,Propane Delivery,fuel,1,gal,45.83,28.41,45.83,28.41
Mesa Propane Service,I_3097be4252,1,Tank Rental,rental,2,month,79.14,49.07,158.28,98.14
Mesa Propane Service,I_3097be4252,2,Service Call,service,3,each,52.76,32.71,158.28,98.13
Mesa Propane Service,I_3097be4252,3,Labor,labor,2,hr,79.14,49.07,158.28,98.14
Mesa Propane Service,I_61d99ba33c,1,Labor,labor,1,hr,115.59,71.67,115.59,71.67
Mesa Propane Service,I_61d99ba33c,2,Service Call,service,2,each,57.8,35.84,115.6,71.68
Mesa Propane Service,I_61d99ba33c,3,Service Call,service,2,each,57.79,35.83,115.58,71.66
Mesa Propane Service,I_61d99ba33c,4,Regulator / Hose,parts,3,each,38.53,23.89,115.59,71.67
Mesa Propane Service,I_61d99ba33c,5,Tank Rental,rental,1,month,115.6,71.67,115.6,71.67
Mesa Propane Service,I_1a4fbd452a,1,Service Call,service,1,each,129.76,80.45,129.76,80.45
Mesa Propane Service,I_1a4fbd452a,2,Service Call,service,1,each,129.75,80.44,129.75,80.44
Mesa Propane Service,I_1a4fbd452a,3,Regulator / Hose,parts,3,each,43.25,26.82,129.75,80.46
Mesa Propane Service,I_3daa82e2c0,1,Labor,labor,1,hr,46.5,30.56,46.5,30.56
Mesa Propane Service,I_3daa82e2c0,2,Tank Rental,rental,2,month,23.25,15.27,46.5,30.54
Mesa Propane Service,I_3daa82e2c0,3,Regulator / Hose,parts,1,each,46.5,30.56,46.5,30.56
Mesa Propane Service,I_3daa82e2c0,4,Regulator / Hose,parts,1,each,46.5,30.56,46.5,30.56
Mesa Propane Service,I_79ac9ef7ec,1,Service Call,service,1,each,51.06,33.56,51.06,33.56
Mesa Propane Service,I_79ac9ef7ec,2,Labor,labor,1,hr,51.07,33.56,51.07,33.56
Mesa Propane Service,I_79ac9ef7ec,3,Propane Delivery,fuel,3,gal,17.02,11.18,51.06,33.54
Mesa Propane Service,I_79ac9ef7ec,4,Regulator / Hose,parts,1,each,51.07,33.56,51.07,33.56
Mesa Propane Service,I_2af923619e,1,Regulator / Hose,parts,2,each,38.66,25.41,77.32,50.82
Mesa Propane Service,I_2af923619e,2,Propane Delivery,fuel,3,gal,25.77,16.94,77.31,50.82
Mesa Propane Service,I_2af923619e,3,Labor,labor,1,hr,77.31,50.81,77.31,50.81
Mesa Propane Service,I_2af923619e,4,Tank Rental,rental,1,month,77.31,50.81,77.31,50.81
Mesa Propane Service,I_2af923619e,5,Labor,labor,2,hr,38.66,25.41,77.32,50.82
Mesa Propane Service,I_3f1c745f6d,1,Tank Rental,rental,3,month,32.57,21.4,97.71,64.2
Mesa Propane Service,I_3f1c745f6d,2,Tank Rental,rental,2,month,48.85,32.11,97.7,64.22
Mesa Propane Service,I_3f1c745f6d,3,Propane Delivery,fuel,2,gal,48.85,32.11,97.7,64.22
Mesa Propane Service,I_3f1c745f6d,4,Propane Delivery,fuel,3,gal,32.56,21.4,97.68,64.2
Mesa Propane Service,I_c04d4f627f,1,Regulator / Hose,parts,1,each,170.41,111.99,170.41,111.99
Mesa Propane Service,I_c04d4f627f,2,Service Call,service,1,each,170.41,111.99,170.41,111.99
Mesa Propane Service,I_c04d4f627f,3,Service Call,service,1,each,170.42,112.0,170.42,112.0
Mesa Propane Service,I_c04d4f627f,4,Regulator / Hose,parts,3,each,56.8,37.33,170.4,111.99
Mesa Propane Service,I_88ec6388b5,1,Service Call,service,1,each,112.17,73.72,112.17,73.72
Mesa Propane Service,I_88ec6388b5,2,Propane Delivery,fuel,1,gal,112.17,73.72,112.17,73.72
Mesa Propane Service,I_88ec6388b5,3,Regulator / Hose,parts,1,each,112.17,73.72,112.17,73.72
Mesa Propane Service,I_88ec6388b5,4,Service Call,service,1,each,112.17,73.72,112.17,73.72
Mesa Propane Service,I_d68d49d44f,1,Tank Rental,rental,1,month,125.52,82.49,125.52,82.49
Mesa Propane Service,I_d68d49d44f,2,Regulator / Hose,parts,3,each,41.84,27.5,125.52,82.5
Mesa Propane Service,I_2b104aca47,1,Regulator / Hose,parts,1,each,128.32,84.33,128.32,84.33
Mesa Propane Service,I_2b104aca47,2,Labor,labor,3,hr,42.77,28.11,128.31,84.33
Mesa Propane Service,I_609c3fc215,1,Tank Rental,rental,3,month,43.61,28.66,130.83,85.98
Mesa Propane Service,I_609c3fc215,2,Service Call,service,1,each,130.82,85.98,130.82,85.98
Mesa Propane Service,I_609c3fc215,3,Regulator / Hose,parts,1,each,130.83,85.98,130.83,85.98
Mesa Propane Service,I_1da7b73921,1,Propane Delivery,fuel,1,gal,238.22,156.56,238.22,156.56
Mesa Propane Service,I_1da7b73921,2,Propane Delivery,fuel,3,gal,79.4,52.18,238.2,156.54
Mesa Propane Service,I_7886c4979a,1,Regulator / Hose,parts,1,each,52.52,34.51,52.52,34.51
Mesa Propane Service,I_7886c4979a,2,Propane Delivery,fuel,1,gal,52.51,34.51,52.51,34.51
Mesa Propane Service,I_7886c4979a,3,Propane Delivery,fuel,1,gal,52.52,34.51,52.52,34.51
Mesa Propane Service,I_7886c4979a,4,Service Call,service,1,each,52.51,34.51,52.51,34.51
Mesa Propane Service,I_e69d52e727,1,Propane Delivery,fuel,2,gal,87.7,57.63,175.4,115.26
Mesa Propane Service,I_e69d52e727,2,Regulator / Hose,parts,2,each,87.69,57.63,175.38,115.26
Mesa Propane Service,I_e69d52e727,3,Tank Rental,rental,2,month,87.7,57.63,175.4,115.26
Mesa Propane Service,I_909e040ea8,1,Tank Rental,rental,3,month,16.1,10.58,48.3,31.74
Mesa Propane Service,I_909e040ea8,2,Propane Delivery,fuel,1,gal,48.31,31.75,48.31,31.75
Mesa Propane Service,I_909e040ea8,3,Regulator / Hose,parts,2,each,24.15,15.87,48.3,31.74
Mesa Propane Service,I_909e040ea8,4,Propane Delivery,fuel,2,gal,24.15,15.87,48.3,31.74
Mesa Propane Service,I_909e040ea8,5,Regulator / Hose,parts,1,each,48.31,31.75,48.31,31.75
Mesa Propane Service,I_d7512ce460,1,Service Call,service,1,each,185.27,121.76,185.27,121.76
Mesa Propane Service,I_d7512ce460,2,Tank Rental,rental,1,month,185.27,121.76,185.27,121.76
Mesa Propane Service,I_d7512ce460,3,Labor,labor,1,hr,185.28,121.76,185.28,121.76
Mesa Propane Service,I_d7512ce460,4,Labor,labor,2,hr,92.64,60.89,185.28,121.78
Mesa Propane Service,I_6018c56e34,1,Tank Rental,rental,1,month,79.04,51.94,79.04,51.94
Mesa Propane Service,I_6018c56e34,2,Propane Delivery,fuel,1,gal,79.04,51.94,79.04,51.94
Mesa Propane Service,I_6018c56e34,3,Regulator / Hose,parts,1,each,79.04,51.94,79.04,51.94
Mesa Propane Service,I_6018c56e34,4,Labor,labor,3,hr,26.35,17.32,79.05,51.96
Mesa Propane Service,I_6018c56e34,5,Labor,labor,2,hr,39.51,25.97,79.02,51.94
Mesa Propane Service,I_6788df912a,1,Tank Rental,rental,1,month,126.11,82.88,126.11,82.88
Mesa Propane Service,I_6788df912a,2,Labor,labor,3,hr,42.04,27.62,126.12,82.86
Mesa Propane Service,I_6788df912a,3,Tank Rental,rental,1,month,126.1,82.87,126.1,82.87
Mesa Propane Service,I_6788df912a,4,Propane Delivery,fuel,1,gal,126.1,82.87,126.1,82.87
Mesa Propane Service,I_438742c1e7,1,Labor,labor,2,hr,20.08,13.2,40.16,26.4
Mesa Propane Service,I_438742c1e7,2,Labor,labor,1,hr,40.15,26.38,40.15,26.38
Mesa Propane Service,I_438742c1e7,3,Labor,labor,1,hr,40.15,26.38,40.15,26.38
Mesa Propane Service,I_438742c1e7,4,Service Call,service,1,each,40.15,26.38,40.15,26.38
Mesa Propane Service,I_438742c1e7,5,Regulator / Hose,parts,3,each,13.38,8.8,40.14,26.4
Mesa Propane Service,I_9d30641121,1,Tank Rental,rental,1,month,92.46,60.77,92.46,60.77
Mesa Propane Service,I_9d30641121,2,Regulator / Hose,parts,1,each,92.46,60.77,92.46,60.77
Mesa Propane Service,I_9d30641121,3,Service Call,service,2,each,46.23,30.38,92.46,60.76
Mesa Propane Service,I_9d30641121,4,Labor,labor,3,hr,30.82,20.26,92.46,60.78
Mesa Propane Service,I_9d30641121,5,Tank Rental,rental,3,month,30.82,20.26,92.46,60.78
Mesa Propane Service,I_7cb0b23866,1,Tank Rental,rental,1,month,236.09,155.16,236.09,155.16
Mesa Propane Service,I_7cb0b23866,2,Propane Delivery,fuel,1,gal,236.08,155.15,236.08,155.15
Mesa Propane Service,I_7cb0b23866,3,Service Call,service,3,each,78.69,51.72,236.07,155.16
Mesa Propane Service,I_7cb0b23866,4,Propane Delivery,fuel,1,gal,236.1,155.16,236.1,155.16
Mesa Propane Service,I_3f37791b0c,1,Propane Delivery,fuel,2,gal,97.24,63.91,194.48,127.82
Mesa Propane Service,I_3f37791b0c,2,Regulator / Hose,parts,2,each,97.24,63.91,194.48,127.82
Mesa Propane Service,I_3f37791b0c,3,Tank Rental,rental,3,month,64.83,42.6,194.49,127.8
Mesa Propane Service,I_3f37791b0c,4,Propane Delivery,fuel,1,gal,194.47,127.8,194.47,127.8
Mesa Propane Service,I_dd1995d39e,1,Service Call,service,1,each,105.62,74.83,105.62,74.83
Mesa Propane Service,I_dd1995d39e,2,Regulator / Hose,parts,1,each,105.62,74.83,105.62,74.83
Mesa Propane Service,I_dd1995d39e,3,Propane Delivery,fuel,1,gal,105.62,74.83,105.62,74.83
Mesa Propane Service,I_c7ea779ffb,1,Service Call,service,1,each,72.62,51.45,72.62,51.45
Mesa Propane Service,I_c7ea779ffb,2,Labor,labor,1,hr,72.63,51.46,72.63,51.46
Mesa Propane Service,I_c7ea779ffb,3,Propane Delivery,fuel,1,gal,72.62,51.45,72.62,51.45
Mesa Propane Service,I_c7ea779ffb,4,Regulator / Hose,parts,1,each,72.63,51.46,72.63,51.46
Mesa Propane Service,I_07caca667e,1,Propane Delivery,fuel,1,gal,199.18,141.12,199.18,141.12
Mesa Propane Service,I_07caca667e,2,Labor,labor,1,hr,199.18,141.12,199.18,141.12
Mesa Propane Service,I_07caca667e,3,Service Call,service,3,each,66.39,47.03,199.17,141.09
Mesa Propane Service,I_07caca667e,4,Propane Delivery,fuel,3,gal,66.39,47.03,199.17,141.09
Mesa Propane Service,I_5346f914be,1,Regulator / Hose,parts,1,each,111.82,79.22,111.82,79.22
Mesa Propane Service,I_5346f914be,2,Labor,labor,3,hr,37.27,26.41,111.81,79.23
Mesa Propane Service,I_5346f914be,3,Service Call,service,1,each,111.82,79.22,111.82,79.22
Mesa Propane Service,I_5346f914be,4,Tank Rental,rental,2,month,55.91,39.61,111.82,79.22
Mesa Propane Service,I_90d3ce82fd,1,Propane Delivery,fuel,1,gal,325.06,230.31,325.06,230.31
Mesa Propane Service,I_90d3ce82fd,2,Service Call,service,2,each,162.53,115.15,325.06,230.3
Mesa Propane Service,I_781663ae4c,1,Propane Delivery,fuel,2,gal,146.6,103.87,293.2,207.74
Mesa Propane Service,I_781663ae4c,2,Tank Rental,rental,1,month,293.2,207.73,293.2,207.73
Mesa Propane Service,I_781663ae4c,3,Propane Delivery,fuel,1,gal,293.19,207.72,293.19,207.72
Mesa Propane Service,I_9bb632ecf3,1,Regulator / Hose,parts,2,each,37.89,26.85,75.78,53.7
Mesa Propane Service,I_9bb632ecf3,2,Regulator / Hose,parts,1,each,75.79,53.69,75.79,53.69
Mesa Propane Service,I_9bb632ecf3,3,Propane Delivery,fuel,2,gal,37.89,26.85,75.78,53.7
Mesa Propane Service,I_9bb632ecf3,4,Propane Delivery,fuel,3,gal,25.26,17.9,75.78,53.7
Mesa Propane Service,I_9bb632ecf3,5,Propane Delivery,fuel,3,gal,25.27,17.91,75.81,53.73
Mesa Propane Service,I_95ae1ed71d,1,Labor,labor,1,hr,103.05,73.01,103.05,73.01
Mesa Propane Service,I_95ae1ed71d,2,Tank Rental,rental,2,month,51.52,36.5,103.04,73.0
Mesa Propane Service,I_95ae1ed71d,3,Regulator / Hose,parts,2,each,51.53,36.5,103.06,73.0
Mesa Propane Service,I_95ae1ed71d,4,Propane Delivery,fuel,2,gal,51.52,36.5,103.04,73.0
Mesa Propane Service,I_5d1780d223,1,Tank Rental,rental,1,month,80.16,56.79,80.16,56.79
Mesa Propane Service,I_5d1780d223,2,Propane Delivery,fuel,3,gal,26.72,18.93,80.16,56.79
Mesa Propane Service,I_5d1780d223,3,Labor,labor,1,hr,80.16,56.79,80.16,56.79
Mesa Propane Service,I_30ef012147,1,Tank Rental,rental,1,month,189.86,134.52,189.86,134.52
Mesa Propane Service,I_30ef012147,2,Regulator / Hose,parts,3,each,63.29,44.84,189.87,134.52
Mesa Propane Service,I_30ef012147,3,Service Call,service,1,each,189.84,134.51,189.84,134.51
Mesa Propane Service,I_83cbc6f68e,1,Labor,labor,2,hr,59.55,42.19,119.1,84.38
Mesa Propane Service,I_83cbc6f68e,2,Labor,labor,1,hr,119.12,84.4,119.12,84.4
Mesa Propane Service,I_6e39dcd4b7,1,Service Call,service,1,each,118.55,84.0,118.55,84.0
Mesa Propane Service,I_6e39dcd4b7,2,Tank Rental,rental,3,month,39.52,28.0,118.56,84.0
Mesa Propane Service,I_6e39dcd4b7,3,Propane Delivery,fuel,1,gal,118.54,83.98,118.54,83.98
Mesa Propane Service,I_c4c64212c1,1,Tank Rental,rental,2,month,45.46,32.21,90.92,64.42
Mesa Propane Service,I_c4c64212c1,2,Service Call,service,1,each,90.93,64.42,90.93,64.42
Mesa Propane Service,I_c4c64212c1,3,Tank Rental,rental,1,month,90.92,64.42,90.92,64.42
Mesa Propane Service,I_c4c64212c1,4,Service Call,service,2,each,45.46,32.21,90.92,64.42
Mesa Propane Service,I_fbfc714091,1,Tank Rental,rental,1,month,109.28,77.42,109.28,77.42
Mesa Propane Service,I_fbfc714091,2,Regulator / Hose,parts,3,each,36.43,25.81,109.29,77.43
Mesa Propane Service,I_fbfc714091,3,Propane Delivery,fuel,1,gal,109.27,77.42,109.27,77.42
Mesa Propane Service,I_fbfc714091,4,Labor,labor,1,hr,109.27,77.42,109.27,77.42
Mesa Propane Service,I_fbfc714091,5,Tank Rental,rental,1,month,109.27,77.42,109.27,77.42
Mesa Propane Service,I_84c926e766,1,Labor,labor,3,hr,36.88,26.13,110.64,78.39
Mesa Propane Service,I_84c926e766,2,Regulator / Hose,parts,3,each,36.88,26.13,110.64,78.39
Mesa Propane Service,I_ec14139b81,1,Service Call,service,3,each,32.51,23.03,97.53,69.09
Mesa Propane Service,I_ec14139b81,2,Tank Rental,rental,1,month,97.53,69.1,97.53,69.1
Mesa Propane Service,I_ec14139b81,3,Regulator / Hose,parts,3,each,32.51,23.03,97.53,69.09
Mesa Propane Service,I_ec14139b81,4,Labor,labor,1,hr,97.53,69.1,97.53,69.1
Mesa Propane Service,I_ec14139b81,5,Regulator / Hose,parts,1,each,97.52,69.1,97.52,69.1
Mesa Propane Service,I_d8cecb24a6,1,Service Call,service,3,each,105.11,74.47,315.33,223.41
Mesa Propane Service,I_d8cecb24a6,2,Labor,labor,1,hr,315.32,223.41,315.32,223.41
Mesa Propane Service,I_d8cecb24a6,3,Regulator / Hose,parts,1,each,315.32,223.41,315.32,223.41
Mesa Propane Service,I_6d4d0393da,1,Service Call,service,3,each,141.39,100.17,424.17,300.51
Mesa Propane Service,I_6d4d0393da,2,Tank Rental,rental,2,month,212.08,150.26,424.16,300.52
Mesa Propane Service,I_2e033c5d89,1,Tank Rental,rental,3,month,28.33,20.07,84.99,60.21
Mesa Propane Service,I_2e033c5d89,2,Labor,labor,3,hr,28.33,20.07,84.99,60.21
Mesa Propane Service,I_2e033c5d89,3,Service Call,service,2,each,42.49,30.11,84.98,60.22
Mesa Propane Service,I_2e033c5d89,4,Regulator / Hose,parts,1,each,84.97,60.2,84.97,60.2
Mesa Propane Service,I_8091f837e2,1,Labor,labor,1,hr,182.39,129.22,182.39,129.22
Mesa Propane Service,I_8091f837e2,2,Regulator / Hose,parts,1,each,182.38,129.22,182.38,129.22
Mesa Propane Service,I_8091f837e2,3,Service Call,service,1,each,182.39,129.22,182.39,129.22
Mesa Propane Service,I_398d96c1b2,1,Tank Rental,rental,1,month,70.0,49.6,70.0,49.6
Mesa Propane Service,I_398d96c1b2,2,Labor,labor,2,hr,35.0,24.8,70.0,49.6
Mesa Propane Service,I_398d96c1b2,3,Labor,labor,3,hr,23.34,16.54,70.02,49.62
Mesa Propane Service,I_e0043d3a45,1,Labor,labor,2,hr,63.59,45.05,127.18,90.1
Mesa Propane Service,I_e0043d3a45,2,Regulator / Hose,parts,1,each,127.17,90.1,127.17,90.1
Mesa Propane Service,I_e0043d3a45,3,Service Call,service,2,each,63.59,45.05,127.18,90.1
Mesa Propane Service,I_e0043d3a45,4,Labor,labor,1,hr,127.17,90.1,127.17,90.1
Mesa Propane Service,I_e0043d3a45,5,Labor,labor,1,hr,127.17,90.1,127.17,90.1
Mesa Propane Service,I_e0284235df,1,Service Call,service,2,each,127.8,90.55,255.6,181.1
Mesa Propane Service,I_e0284235df,2,Regulator / Hose,parts,1,each,255.61,181.1,255.61,181.1
Mesa Propane Service,I_53417ac26c,1,Service Call,service,2,each,168.61,119.46,337.22,238.92
Mesa Propane Service,I_53417ac26c,2,Labor,labor,3,hr,112.41,79.65,337.23,238.95
Mesa Propane Service,I_cf613f3def,1,Labor,labor,3,hr,27.83,19.72,83.49,59.16
Mesa Propane Service,I_cf613f3def,2,Propane Delivery,fuel,2,gal,41.74,29.57,83.48,59.14
Mesa Propane Service,I_cf613f3def,3,Labor,labor,2,hr,41.75,29.58,83.5,59.16
Mesa Propane Service,I_754e05910f,1,Propane Delivery,fuel,3,gal,93.8,66.46,281.4,199.38
Mesa Propane Service,I_754e05910f,2,Labor,labor,1,hr,281.42,199.38,281.42,199.38
Mesa Propane Service,I_149f90332b,1,Service Call,service,2,each,170.86,121.06,341.72,242.12
Mesa Propane Service,I_149f90332b,2,Labor,labor,1,hr,341.71,242.1,341.71,242.1
Mesa Propane Service,I_39e6da844e,1,Labor,labor,3,hr,21.21,15.03,63.63,45.09
Mesa Propane Service,I_39e6da844e,2,Regulator / Hose,parts,1,each,63.63,45.08,63.63,45.08
Mesa Propane Service,I_39e6da844e,3,Tank Rental,rental,3,month,21.21,15.03,63.63,45.09
Mesa Propane Service,I_39e6da844e,4,Labor,labor,2,hr,31.81,22.54,63.62,45.08
Mesa Propane Service,I_39e6da844e,5,Tank Rental,rental,1,month,63.63,45.08,63.63,45.08
Mesa Propane Service,I_ca258697dd,1,Regulator / Hose,parts,1,each,136.25,96.53,136.25,96.53
Mesa Propane Service,I_ca258697dd,2,Propane Delivery,fuel,1,gal,136.25,96.53,136.25,96.53
Mesa Propane Service,I_ca258697dd,3,Labor,labor,2,hr,68.13,48.27,136.26,96.54
Mesa Propane Service,I_4c7ec32bb6,1,Labor,labor,1,hr,157.47,111.57,157.47,111.57
Mesa Propane Service,I_4c7ec32bb6,2,Propane Delivery,fuel,1,gal,157.46,111.56,157.46,111.56
Mesa Propane Service,I_4c7ec32bb6,3,Service Call,service,1,each,157.47,111.57,157.47,111.57
Mesa Propane Service,I_c0fb1e0027,1,Labor,labor,1,hr,242.17,171.58,242.17,171.58
Mesa Propane Service,I_c0fb1e0027,2,Propane Delivery,fuel,1,gal,242.17,171.58,242.17,171.58
Mesa Propane Service,I_c0fb1e0027,3,Labor,labor,1,hr,242.16,171.57,242.16,171.57
Mesa Propane Service,I_7da669eca6,1,Labor,labor,3,hr,19.27,13.66,57.81,40.98
Mesa Propane Service,I_7da669eca6,2,Tank Rental,rental,2,month,28.91,20.48,57.82,40.96
Mesa Propane Service,I_7da669eca6,3,Regulator / Hose,parts,3,each,19.27,13.66,57.81,40.98
Mesa Propane Service,I_7da669eca6,4,Regulator / Hose,parts,1,each,57.82,40.96,57.82,40.96
Mesa Propane Service,I_2dea81b6fb,1,Propane Delivery,fuel,2,gal,36.16,25.62,72.32,51.24
Mesa Propane Service,I_2dea81b6fb,2,Tank Rental,rental,1,month,72.32,51.24,72.32,51.24
Mesa Propane Service,I_2dea81b6fb,3,Labor,labor,1,hr,72.33,51.24,72.33,51.24
Mesa Propane Service,I_2dea81b6fb,4,Regulator / Hose,parts,1,each,72.32,51.24,72.32,51.24
Mesa Propane Service,I_615ecc725e,1,Service Call,service,1,each,151.59,107.4,151.59,107.4
Mesa Propane Service,I_615ecc725e,2,Tank Rental,rental,1,month,151.59,107.4,151.59,107.4
Mesa Propane Service,I_615ecc725e,3,Service Call,service,1,each,151.6,107.41,151.6,107.41
Mesa Propane Service,I_10b636fa52,1,Labor,labor,1,hr,50.69,35.92,50.69,35.92
Mesa Propane Service,I_10b636fa52,2,Labor,labor,1,hr,50.69,35.92,50.69,35.92
Mesa Propane Service,I_10b636fa52,3,Regulator / Hose,parts,1,each,50.69,35.92,50.69,35.92
Mesa Propane Service,I_10b636fa52,4,Labor,labor,1,hr,50.69,35.92,50.69,35.92
Mesa Propane Service,I_10b636fa52,5,Regulator / Hose,parts,3,each,16.89,11.97,50.67,35.91
Mesa Propane Service,I_8d257cc87b,1,Propane Delivery,fuel,3,gal,64.66,45.81,193.98,137.43
Mesa Propane Service,I_8d257cc87b,2,Regulator / Hose,parts,2,each,96.99,68.71,193.98,137.42
Mesa Propane Service,I_8d257cc87b,3,Labor,labor,1,hr,193.99,137.44,193.99,137.44
Mesa Propane Service,I_f7ddc28bcb,1,Tank Rental,rental,1,month,83.11,58.88,83.11,58.88
Mesa Propane Service,I_f7ddc28bcb,2,Propane Delivery,fuel,1,gal,83.11,58.88,83.11,58.88
Mesa Propane Service,I_f7ddc28bcb,3,Regulator / Hose,parts,3,each,27.71,19.63,83.13,58.89
Mesa Propane Service,I_f7ddc28bcb,4,Propane Delivery,fuel,1,gal,83.11,58.88,83.11,58.88
Mesa Propane Service,I_f7ddc28bcb,5,Tank Rental,rental,3,month,27.7,19.62,83.1,58.86
Mesa Propane Service,I_b12d989ea5,1,Labor,labor,1,hr,180.77,128.08,180.77,128.08
Mesa Propane Service,I_b12d989ea5,2,Propane Delivery,fuel,1,gal,180.76,128.06,180.76,128.06
Mesa Propane Service,I_b12d989ea5,3,Service Call,service,3,each,60.26,42.7,180.78,128.1
Mesa Propane Service,I_86b34d78a4,1,Tank Rental,rental,3,month,16.16,11.45,48.48,34.35
Mesa Propane Service,I_86b34d78a4,2,Regulator / Hose,parts,2,each,24.23,17.17,48.46,34.34
Mesa Propane Service,I_86b34d78a4,3,Propane Delivery,fuel,2,gal,24.23,17.17,48.46,34.34
Mesa Propane Service,I_86b34d78a4,4,Labor,labor,1,hr,48.48,34.35,48.48,34.35
Mesa Propane Service,I_a7f0747cd8,1,Service Call,service,1,each,286.84,203.23,286.84,203.23
Mesa Propane Service,I_a7f0747cd8,2,Service Call,service,1,each,286.84,203.23,286.84,203.23
Mesa Propane Service,I_465d7199ac,1,Regulator / Hose,parts,1,each,123.48,87.48,123.48,87.48
Mesa Propane Service,I_465d7199ac,2,Propane Delivery,fuel,1,gal,123.48,87.48,123.48,87.48
Mesa Propane Service,I_465d7199ac,3,Regulator / Hose,parts,3,each,41.16,29.16,123.48,87.48
Mesa Propane Service,I_0213cacbb7,1,Propane Delivery,fuel,2,gal,81.2,57.53,162.4,115.06
Mesa Propane Service,I_0213cacbb7,2,Tank Rental,rental,1,month,162.42,115.07,162.42,115.07
Mesa Propane Service,I_0213cacbb7,3,Service Call,service,1,each,162.41,115.07,162.41,115.07
