company,industry,invoice_id,invoice_number,quote_id,issued_at,paid_at,status,customer_id,customer_name,customer_type,job_title,subtotal,tax,total
Mesa Propane Service,propane_delivery,I_401e109794,PROP-I00001,Q_b9aae0f2e6,2025-11-02T19:00:00,2025-11-07T01:00:00,paid,MESC1017,Cameron Johnson,residential,Leak Check / Service Call,331.47,27.18,358.65
Mesa Propane Service,propane_delivery,I_e35ec800d3,PROP-I00002,Q_787ee8f7b5,2025-11-12T23:15:00,2025-11-16T07:15:00,paid,MESC1033,Drew Jackson,residential,Tank Refill - Residential,418.72,34.33,453.05
Mesa Propane Service,propane_delivery,I_3764e12d6f,PROP-I00003,Q_0451bfac4d,2025-11-09T21:00:00,2025-11-21T21:00:00,paid,MESC1023,Quinn Garcia,commercial,Tank Refill - Commercial,278.12,22.81,300.93
Mesa Propane Service,propane_delivery,I_c66eec8fa7,PROP-I00004,Q_fac76f8351,2025-11-11T21:30:00,2025-11-22T23:30:00,paid,MESC1011,Alex Thomas,commercial,RV Propane Fill,142.53,11.69,154.22
Mesa Propane Service,propane_delivery,I_cbca676087,PROP-I00005,Q_f1e6f61aad,2025-11-15T12:30:00,2025-11-18T20:30:00,paid,MESC1006,Parker Moore,residential,Forklift Cylinder Exchange,697.63,57.21,754.84
Mesa Propane Service,propane_delivery,I_323e496b01,PROP-I00006,Q_b31301fa8f,2025-11-16T02:00:00,2025-11-18T06:00:00,paid,MESC1006,Parker Moore,residential,Tank Refill - Commercial,324.26,26.59,350.85
Mesa Propane Service,propane_delivery,I_4b26d7b0b2,PROP-I00007,Q_c01e0ce305,2025-11-19T23:45:00,2025-11-23T03:45:00,paid,MESC1006,Parker Moore,residential,Tank Refill - Residential,290.56,23.83,314.39
Mesa Propane Service,propane_delivery,I_526faeb072,PROP-I00008,Q_29d68f7b05,2025-11-19T23:00:00,2025-11-21T02:00:00,paid,MESC1022,Avery Martinez,residential,Leak Check / Service Call,364.32,29.87,394.19
Mesa Propane Service,propane_delivery,I_e190de8ab5,PROP-I00009,Q_5b51c4498e,2025-11-26T23:00:00,2025-11-30T23:00:00,paid,MESC1003,Blake Anderson,residential,New Tank Install,368.39,30.21,398.6
Mesa Propane Service,propane_delivery,I_5c6881ffb8,PROP-I00010,Q_f0e16988b3,2025-11-27T03:15:00,2025-12-18T08:15:00,paid,MESC1037,Sam Lee,commercial,New Tank Install,501.84,41.15,542.99
Mesa Propane Service,propane_delivery,I_336e9e4dff,PROP-I00011,Q_375dc8f80f,2025-11-26T02:00:00,2025-11-29T07:00:00,paid,MESC1022,Avery Martinez,residential,Leak Check / Service Call,231.54,18.99,250.53
Mesa Propane Service,propane_delivery,I_3097be4252,PROP-I00012,Q_0a4f5e2be9,2025-11-28T22:45:00,2025-12-04T04:45:00,paid,MESC1006,Parker Moore,residential,New Tank Install,453.22,37.16,490.38
Mesa Propane Service,propane_delivery,I_61d99ba33c,PROP-I00013,Q_22fc7b053f,2025-11-28T22:45:00,2025-12-04T00:45:00,paid,MESC1005,Taylor Anderson,residential,Tank Refill - Residential,585.07,47.98,633.05
Mesa Propane Service,propane_delivery,I_1a4fbd452a,PROP-I00014,Q_d263839527,2025-12-04T17:00:00,2025-12-18T17:00:00,paid,MESC1029,Cameron Thomas,commercial,Leak Check / Service Call,382.05,31.33,413.38
Mesa Propane Service,propane_delivery,I_3daa82e2c0,PROP-I00015,Q_91dddb2fc5,2025-12-04T12:15:00,2026-01-06T19:15:00,paid,MESC1001,Riley Thompson,commercial,New Tank Install,186.86,15.32,202.18
Mesa Propane Service,propane_delivery,I_79ac9ef7ec,PROP-I00016,Q_9ee5f75ebc,2025-12-04T22:30:00,2025-12-16T00:30:00,paid,MESC1036,Riley Garcia,commercial,Forklift Cylinder Exchange,211.18,17.32,228.5
Mesa Propane Service,propane_delivery,I_2af923619e,PROP-I00017,Q_8410ce2f3f,2025-12-04T04:45:00,2025-12-05T09:45:00,paid,MESC1010,Blake Wilson,residential,RV Propane Fill,379.65,31.13,410.78
Mesa Propane Service,propane_delivery,I_3f1c745f6d,PROP-I00018,Q_3d207a8333,2025-12-06T22:30:00,2025-12-08T23:30:00,paid,MESC1006,Parker Moore,residential,Leak Check / Service Call,384.57,31.54,416.11
Mesa Propane Service,propane_delivery,I_c04d4f627f,PROP-I00019,Q_c92fa6891d,2025-12-05T21:00:00,2025-12-13T23:00:00,paid,MESC1029,Cameron Thomas,commercial,New Tank Install,702.52,57.61,760.13
Mesa Propane Service,propane_delivery,I_88ec6388b5,PROP-I00020,Q_e191a61b5f,2025-12-06T01:15:00,2025-12-09T03:15:00,paid,MESC1010,Blake Wilson,residential,Leak Check / Service Call,447.5,36.7,484.2
Mesa Propane Service,propane_delivery,I_d68d49d44f,PROP-I00021,Q_ca417fda5e,2025-12-12T00:30:00,2025-12-13T08:30:00,paid,MESC1023,Quinn Garcia,commercial,New Tank Install,241.58,19.81,261.39
Mesa Propane Service,propane_delivery,I_2b104aca47,PROP-I00022,Q_30db8c8234,2025-12-13T10:15:00,2025-12-14T10:15:00,paid,MESC1014,Casey Davis,residential,Forklift Cylinder Exchange,247.3,20.28,267.58
Mesa Propane Service,propane_delivery,I_609c3fc215,PROP-I00023,Q_a8730f3271,2025-12-14T14:45:00,2025-12-16T14:45:00,paid,MESC1013,Skyler Nguyen,residential,RV Propane Fill,402.47,33.0,435.47
Mesa Propane Service,propane_delivery,I_1da7b73921,PROP-I00024,Q_c0023e292c,2025-12-15T22:45:00,2025-12-27T05:45:00,paid,MESC1001,Riley Thompson,commercial,Tank Refill - Commercial,472.27,38.73,511.0
Mesa Propane Service,propane_delivery,I_7886c4979a,PROP-I00025,Q_a528356596,2025-12-18T16:30:00,2025-12-22T23:30:00,paid,MESC1035,Avery Hernandez,residential,RV Propane Fill,205.1,16.82,221.92
Mesa Propane Service,propane_delivery,I_e69d52e727,PROP-I00026,Q_67b9713eec,2025-12-22T06:00:00,2025-12-26T13:00:00,paid,MESC1002,Taylor Garcia,residential,Leak Check / Service Call,505.35,41.44,546.79
Mesa Propane Service,propane_delivery,I_909e040ea8,PROP-I00027,Q_bb4a744c8b,2025-12-28T20:45:00,2026-01-01T00:45:00,paid,MESC1035,Avery Hernandez,residential,Forklift Cylinder Exchange,234.26,19.21,253.47
Mesa Propane Service,propane_delivery,I_d7512ce460,PROP-I00028,Q_15d9ccd00b,2025-12-28T20:15:00,2025-12-31T23:15:00,paid,MESC1012,Cameron Johnson,residential,Tank Refill - Residential,756.75,62.05,818.8
Mesa Propane Service,propane_delivery,I_6018c56e34,PROP-I00029,Q_2e5c639c88,2026-01-02T18:30:00,2026-01-03T23:30:00,paid,MESC1020,Sam Garcia,residential,Forklift Cylinder Exchange,393.29,32.25,425.54
Mesa Propane Service,propane_delivery,I_6788df912a,PROP-I00030,Q_beec314c3c,2025-12-29T16:00:00,2026-01-02T18:00:00,paid,MESC1000,Parker Martinez,residential,Forklift Cylinder Exchange,514.05,42.15,556.2
Mesa Propane Service,propane_delivery,I_438742c1e7,PROP-I00031,Q_5697d2c008,2025-12-30T20:00:00,2026-01-02T01:00:00,paid,MESC1037,Sam Lee,commercial,RV Propane Fill,200.22,16.42,216.64
Mesa Propane Service,propane_delivery,I_9d30641121,PROP-I00032,Q_fa8e6cd735,2025-12-30T20:45:00,2026-01-02T04:45:00,paid,MESC1014,Casey Davis,residential,Forklift Cylinder Exchange,469.98,38.54,508.52
Mesa Propane Service,propane_delivery,I_7cb0b23866,PROP-I00033,Q_f2ce3c609a,2026-01-05T16:15:00,2026-01-08T17:15:00,paid,MESC1031,Casey Martinez,residential,RV Propane Fill,925.95,75.93,1001.88
Mesa Propane Service,propane_delivery,I_3f37791b0c,PROP-I00034,Q_6b4ae84f48,2026-01-04T06:15:00,2026-01-05T10:15:00,paid,MESC1034,Drew Smith,residential,Tank Refill - Commercial,783.13,64.22,847.35
Mesa Propane Service,propane_delivery,I_dd1995d39e,PROP-I00035,Q_09d3feac6a,2026-01-03T22:15:00,2026-01-05T06:15:00,paid,MESC1020,Sam Garcia,residential,Tank Refill - Residential,323.99,26.57,350.56
Mesa Propane Service,propane_delivery,I_c7ea779ffb,PROP-I00036,Q_d794441238,2026-01-04T13:45:00,2026-01-06T15:45:00,paid,MESC1028,Jordan Martin,residential,New Tank Install,292.77,24.01,316.78
Mesa Propane Service,propane_delivery,I_07caca667e,PROP-I00037,Q_e79de2f1ff,2026-01-07T17:30:00,2026-01-08T23:30:00,paid,MESC1028,Jordan Martin,residential,RV Propane Fill,816.4,66.95,883.35
Mesa Propane Service,propane_delivery,I_5346f914be,PROP-I00038,Q_5bdb542752,2026-01-04T20:00:00,2026-01-11T02:00:00,paid,MESC1013,Skyler Nguyen,residential,New Tank Install,443.22,36.34,479.56
Mesa Propane Service,propane_delivery,I_90d3ce82fd,PROP-I00039,Q_ca3e115200,2026-01-11T12:00:00,2026-01-12T15:00:00,paid,MESC1025,Jordan Martinez,residential,RV Propane Fill,660.67,54.17,714.84
Mesa Propane Service,propane_delivery,I_781663ae4c,PROP-I00040,Q_6bbacfc2b0,2026-01-06T21:45:00,2026-01-07T23:45:00,paid,MESC1024,Casey Brown,residential,New Tank Install,852.75,69.93,922.68
Mesa Propane Service,propane_delivery,I_9bb632ecf3,PROP-I00041,Q_e2074e8299,2026-01-10T14:15:00,2026-01-27T14:15:00,paid,MESC1001,Riley Thompson,commercial,Forklift Cylinder Exchange,384.89,31.56,416.45
Mesa Propane Service,propane_delivery,I_95ae1ed71d,PROP-I00042,Q_3f90915b88,2026-01-08T12:30:00,2026-01-09T20:30:00,paid,MESC1020,Sam Garcia,residential,Tank Refill - Commercial,420.29,34.46,454.75
Mesa Propane Service,propane_delivery,I_5d1780d223,PROP-I00043,Q_146b137f33,2026-01-08T00:45:00,2026-01-27T00:45:00,paid,MESC1011,Alex Thomas,commercial,Tank Refill - Residential,240.72,19.74,260.46
Mesa Propane Service,propane_delivery,I_30ef012147,PROP-I00044,Q_717a33320f,2026-01-08T20:45:00,2026-01-19T23:45:00,paid,MESC1023,Quinn Garcia,commercial,RV Propane Fill,588.61,48.27,636.88
Mesa Propane Service,propane_delivery,I_83cbc6f68e,PROP-I00045,Q_f63364aed4,2026-01-11T16:15:00,2026-01-14T17:15:00,paid,MESC1016,Jordan Martin,residential,New Tank Install,240.88,19.75,260.63
Mesa Propane Service,propane_delivery,I_6e39dcd4b7,PROP-I00046,Q_d7772e8dee,2026-01-11T19:45:00,2026-01-12T02:45:00,paid,MESC1010,Blake Wilson,residential,Leak Check / Service Call,353.78,29.01,382.79
Mesa Propane Service,propane_delivery,I_c4c64212c1,PROP-I00047,Q_6490231d43,2026-01-10T22:30:00,2026-01-14T03:30:00,paid,MESC1025,Jordan Martinez,residential,Tank Refill - Commercial,378.9,31.07,409.97
Mesa Propane Service,propane_delivery,I_fbfc714091,PROP-I00048,Q_26e119393d,2026-01-11T07:30:00,2026-01-11T10:30:00,paid,MESC1002,Taylor Garcia,residential,New Tank Install,570.29,46.76,617.05
Mesa Propane Service,propane_delivery,I_84c926e766,PROP-I00049,Q_e118290614,2026-01-10T21:00:00,2026-01-13T21:00:00,paid,MESC1027,Casey Martinez,residential,RV Propane Fill,223.89,18.36,242.25
Mesa Propane Service,propane_delivery,I_ec14139b81,PROP-I00050,Q_5178a57614,2026-01-10T23:45:00,2026-01-12T23:45:00,paid,MESC1013,Skyler Nguyen,residential,Forklift Cylinder Exchange,492.99,40.43,533.42
Mesa Propane Service,propane_delivery,I_d8cecb24a6,PROP-I00051,Q_f976bc1e87,2026-01-10T20:15:00,2026-01-12T23:15:00,paid,MESC1039,Cameron Johnson,residential,Leak Check / Service Call,954.91,78.3,1033.21
Mesa Propane Service,propane_delivery,I_6d4d0393da,PROP-I00052,Q_bd24aa5d6b,2026-01-13T18:30:00,2026-01-15T01:30:00,paid,MESC1013,Skyler Nguyen,residential,Tank Refill - Residential,836.52,68.6,905.12
Mesa Propane Service,propane_delivery,I_2e033c5d89,PROP-I00053,Q_585cead6dd,2026-01-15T00:30:00,2026-01-21T01:30:00,paid,MESC1019,Sam Anderson,commercial,RV Propane Fill,338.25,27.74,365.99
Mesa Propane Service,propane_delivery,I_8091f837e2,PROP-I00054,Q_4cd2e8e646,2026-01-14T18:45:00,2026-01-17T20:45:00,paid,MESC1028,Jordan Martin,residential,Tank Refill - Commercial,530.46,43.5,573.96
Mesa Propane Service,propane_delivery,I_398d96c1b2,PROP-I00055,Q_111c55f01e,2026-01-19T00:00:00,2026-01-21T00:00:00,paid,MESC1015,Avery Smith,residential,Forklift Cylinder Exchange,214.03,17.55,231.58
Mesa Propane Service,propane_delivery,I_e0043d3a45,PROP-I00056,Q_472d6a449c,2026-01-15T00:30:00,2026-01-19T08:30:00,paid,MESC1026,Blake Martin,residential,New Tank Install,636.01,52.15,688.16
Mesa Propane Service,propane_delivery,I_e0284235df,PROP-I00057,Q_248c701943,2026-01-17T03:30:00,2026-01-30T03:30:00,paid,MESC1023,Quinn Garcia,commercial,Tank Refill - Commercial,523.4,42.92,566.32
Mesa Propane Service,propane_delivery,I_53417ac26c,PROP-I00058,Q_b5937e7d43,2026-01-17T19:45:00,2026-01-22T03:45:00,paid,MESC1003,Blake Anderson,residential,RV Propane Fill,660.65,54.17,714.82
Mesa Propane Service,propane_delivery,I_cf613f3def,PROP-I00059,Q_bad79cc4c3,2026-01-19T19:00:00,2026-01-19T19:00:00,paid,MESC1025,Jordan Martinez,residential,Forklift Cylinder Exchange,257.77,21.14,278.91
Mesa Propane Service,propane_delivery,I_754e05910f,PROP-I00060,Q_34712fdff7,2026-01-18T02:45:00,2026-01-21T02:45:00,paid,MESC1027,Casey Martinez,residential,Leak Check / Service Call,565.64,46.38,612.02
Mesa Propane Service,propane_delivery,I_149f90332b,PROP-I00061,Q_40172ea52d,2026-01-21T20:30:00,2026-01-27T04:30:00,paid,MESC1039,Cameron Johnson,residential,Leak Check / Service Call,696.06,57.08,753.14
Mesa Propane Service,propane_delivery,I_39e6da844e,PROP-I00062,Q_c67e75a1c6,2026-01-20T00:30:00,2026-01-24T05:30:00,paid,MESC1005,Taylor Anderson,residential,Forklift Cylinder Exchange,318.11,26.08,344.19
Mesa Propane Service,propane_delivery,I_ca258697dd,PROP-I00063,Q_5f2bba945a,2026-01-21T23:15:00,2026-01-25T07:15:00,paid,MESC1000,Parker Martinez,residential,RV Propane Fill,419.55,34.4,453.95
Mesa Propane Service,propane_delivery,I_4c7ec32bb6,PROP-I00064,Q_b09b5ee9a7,2026-01-22T23:30:00,2026-01-24T00:30:00,paid,MESC1006,Parker Moore,residential,New Tank Install,462.67,37.94,500.61
Mesa Propane Service,propane_delivery,I_c0fb1e0027,PROP-I00065,Q_c6af647c7b,2026-01-22T02:30:00,2026-01-23T10:30:00,paid,MESC1008,Sam Smith,residential,RV Propane Fill,740.05,60.68,800.73
Mesa Propane Service,propane_delivery,I_7da669eca6,PROP-I00066,Q_1221c094a0,2026-01-22T16:30:00,2026-01-23T23:30:00,paid,MESC1010,Blake Wilson,residential,Forklift Cylinder Exchange,231.41,18.98,250.39
Mesa Propane Service,propane_delivery,I_2dea81b6fb,PROP-I00067,Q_8517d52fb0,2026-01-25T20:00:00,2026-01-26T23:00:00,paid,MESC1000,Parker Martinez,residential,RV Propane Fill,281.85,23.11,304.96
Mesa Propane Service,propane_delivery,I_615ecc725e,PROP-I00068,Q_33471d09bf,2026-01-29T19:15:00,2026-02-04T00:15:00,paid,MESC1014,Casey Davis,residential,Tank Refill - Commercial,465.6,38.18,503.78
Mesa Propane Service,propane_delivery,I_10b636fa52,PROP-I00069,Q_f17fb33228,2026-01-25T13:00:00,2026-02-28T20:00:00,paid,MESC1036,Riley Garcia,commercial,Tank Refill - Commercial,255.17,20.92,276.09
Mesa Propane Service,propane_delivery,I_8d257cc87b,PROP-I00070,Q_0936158951,2026-01-26T03:30:00,2026-01-29T08:30:00,paid,MESC1022,Avery Martinez,residential,Leak Check / Service Call,577.47,47.35,624.82
Mesa Propane Service,propane_delivery,I_f7ddc28bcb,PROP-I00071,Q_91633b8f2b,2026-01-28T04:15:00,2026-02-04T06:15:00,paid,MESC1022,Avery Martinez,residential,RV Propane Fill,422.44,34.64,457.08
Mesa Propane Service,propane_delivery,I_b12d989ea5,PROP-I00072,Q_76e4c74b41,2026-01-28T01:30:00,2026-01-30T07:30:00,paid,MESC1015,Avery Smith,residential,Tank Refill - Commercial,560.79,45.99,606.78
Mesa Propane Service,propane_delivery,I_86b34d78a4,PROP-I00073,Q_034140501b,2026-01-31T19:15:00,2026-02-01T21:15:00,paid,MESC1002,Taylor Garcia,residential,Tank Refill - Commercial,196.37,16.1,212.47
Mesa Propane Service,propane_delivery,I_a7f0747cd8,PROP-I00074,Q_41b48d26f7,2026-02-02T22:45:00,2026-02-24T02:45:00,paid,MESC1036,Riley Garcia,commercial,Forklift Cylinder Exchange,567.38,46.52,613.9
Mesa Propane Service,propane_delivery,I_465d7199ac,PROP-I00075,Q_86ab02e20e,2026-02-01T13:30:00,2026-02-07T13:30:00,paid,MESC1037,Sam Lee,commercial,Leak Check / Service Call,372.97,30.58,403.55
Mesa Propane Service,propane_delivery,I_0213cacbb7,PROP-I00076,Q_44a0db618d,2026-02-01T17:00:00,2026-02-03T19:00:00,paid,MESC1030,Sam Wilson,residential,Tank Refill - Commercial,497.45,40.79,538.24
