company,industry,purchase_id,date,vendor,category,item,qty,unit,unit_cost,total_cost
Mesa Propane Service,propane_delivery,P_c2441456e4,2025-11-04,Southwest Propane Wholesale,fuel,Truck Diesel,101.05,gal,3.67,370.85
Mesa Propane Service,propane_delivery,P_2cc7834d53,2025-11-04,Fleet Fuel Depot,fuel,Truck Diesel,115.41,gal,3.58,413.17
Mesa Propane Service,propane_delivery,P_b13cda7937,2025-11-04,Fleet Fuel Depot,parts,Hoses & Fittings,22.18,kit,19.01,421.64
Mesa Propane Service,propane_delivery,P_89ef6fd208,2025-11-07,AZ Tank Parts,fuel,Truck Diesel,70.85,gal,3.7,262.14
Mesa Propane Service,propane_delivery,P_619b2fd15e,2025-11-07,Fleet Fuel Depot,parts,Regulators,9.48,each,24.69,234.06
Mesa Propane Service,propane_delivery,P_9ff7499385,2025-11-07,Southwest Propane Wholesale,fuel,Truck Diesel,79.85,gal,3.56,284.27
Mesa Propane Service,propane_delivery,P_5cd6c9027e,2025-11-18,AZ Tank Parts,parts,Hoses & Fittings,6.67,kit,18.15,121.06
Mesa Propane Service,propane_delivery,P_1457041042,2025-11-18,AZ Tank Parts,parts,Hoses & Fittings,8.31,kit,19.28,160.22
Mesa Propane Service,propane_delivery,P_cc6764f1e4,2025-11-18,Southwest Propane Wholesale,parts,Hoses & Fittings,9.83,kit,18.59,182.74
Mesa Propane Service,propane_delivery,P_6ca2daa8d3,2025-11-28,Southwest Propane Wholesale,fuel,Bulk Propane,480.83,gal,2.17,1043.4
Mesa Propane Service,propane_delivery,P_f33a511c75,2025-11-28,Fleet Fuel Depot,parts,Regulators,10.86,each,23.89,259.45
Mesa Propane Service,propane_delivery,P_665478ea63,2025-12-02,AZ Tank Parts,parts,Hoses & Fittings,13.58,kit,19.77,268.48
Mesa Propane Service,propane_delivery,P_b693715359,2025-12-02,AZ Tank Parts,fuel,Bulk Propane,1375.0,gal,2.32,3190.0
Mesa Propane Service,propane_delivery,P_64adb3165e,2025-12-02,Fleet Fuel Depot,fuel,Truck Diesel,72.32,gal,3.84,277.71
Mesa Propane Service,propane_delivery,P_8fcef99a8f,2025-12-05,AZ Tank Parts,parts,Hoses & Fittings,7.31,kit,19.86,145.18
Mesa Propane Service,propane_delivery,P_9e8c7ec1cb,2025-12-05,Southwest Propane Wholesale,fuel,Truck Diesel,65.24,gal,3.79,247.26
Mesa Propane Service,propane_delivery,P_8b52ee90c7,2025-12-05,AZ Tank Parts,parts,Regulators,8.57,each,25.92,222.13
Mesa Propane Service,propane_delivery,P_e541cd24d9,2025-12-09,Southwest Propane Wholesale,parts,Hoses & Fittings,22.91,kit,19.31,442.39
Mesa Propane Service,propane_delivery,P_af67481d66,2025-12-12,Southwest Propane Wholesale,fuel,Truck Diesel,153.06,gal,3.72,569.38
Mesa Propane Service,propane_delivery,P_d5bb52cf7c,2025-12-12,Fleet Fuel Depot,fuel,Truck Diesel,111.65,gal,3.85,429.85
Mesa Propane Service,propane_delivery,P_d38d71fa67,2025-12-16,AZ Tank Parts,parts,Regulators,5.25,each,25.97,136.34
Mesa Propane Service,propane_delivery,P_9933c3e2a7,2025-12-16,Southwest Propane Wholesale,fuel,Truck Diesel,119.64,gal,3.93,470.19
Mesa Propane Service,propane_delivery,P_4f6427e8e5,2025-12-19,AZ Tank Parts,parts,Regulators,24.79,each,25.49,631.9
Mesa Propane Service,propane_delivery,P_4ad5a1ac99,2025-12-19,AZ Tank Parts,fuel,Bulk Propane,656.82,gal,2.35,1543.53
Mesa Propane Service,propane_delivery,P_19ea1e2a65,2025-12-19,AZ Tank Parts,parts,Regulators,27.06,each,25.52,690.57
Mesa Propane Service,propane_delivery,P_5aded031ca,2025-12-26,Fleet Fuel Depot,parts,Hoses & Fittings,6.34,kit,20.23,128.26
Mesa Propane Service,propane_delivery,P_a118a054ae,2025-12-26,AZ Tank Parts,parts,Hoses & Fittings,12.79,kit,19.77,252.86
Mesa Propane Service,propane_delivery,P_36f0bbb5c2,2025-12-26,AZ Tank Parts,parts,Regulators,29.2,each,24.81,724.45
Mesa Propane Service,propane_delivery,P_31e34173ac,2025-12-30,Southwest Propane Wholesale,parts,Regulators,14.39,each,26.11,375.72
Mesa Propane Service,propane_delivery,P_2bf610e66f,2026-01-02,Southwest Propane Wholesale,parts,Hoses & Fittings,9.4,kit,20.44,192.14
Mesa Propane Service,propane_delivery,P_296739f2fd,2026-01-02,Southwest Propane Wholesale,fuel,Truck Diesel,98.43,gal,3.9,383.88
Mesa Propane Service,propane_delivery,P_e690522cb8,2026-01-02,Fleet Fuel Depot,fuel,Truck Diesel,98.04,gal,4.01,393.14
Mesa Propane Service,propane_delivery,P_f1d16b1529,2026-01-06,AZ Tank Parts,fuel,Truck Diesel,78.3,gal,4.06,317.9
Mesa Propane Service,propane_delivery,P_a4712984fd,2026-01-06,Southwest Propane Wholesale,parts,Hoses & Fittings,14.68,kit,19.95,292.87
Mesa Propane Service,propane_delivery,P_da5fa83381,2026-01-06,Southwest Propane Wholesale,parts,Regulators,25.11,each,27.3,685.5
Mesa Propane Service,propane_delivery,P_e3e8eabca0,2026-01-09,Southwest Propane Wholesale,fuel,Bulk Propane,1473.12,gal,2.41,3550.22
Mesa Propane Service,propane_delivery,P_48fef27365,2026-01-13,Southwest Propane Wholesale,fuel,Bulk Propane,1339.62,gal,2.42,3241.88
Mesa Propane Service,propane_delivery,P_44db86ca28,2026-01-13,AZ Tank Parts,parts,Hoses & Fittings,19.85,kit,20.18,400.57
Mesa Propane Service,propane_delivery,P_fa688aeb3b,2026-01-13,Southwest Propane Wholesale,fuel,Truck Diesel,75.35,gal,4.13,311.2
Mesa Propane Service,propane_delivery,P_6d0d227b06,2026-01-16,Fleet Fuel Depot,fuel,Bulk Propane,1285.35,gal,2.34,3007.72
Mesa Propane Service,propane_delivery,P_54f7a3ad6a,2026-01-16,Southwest Propane Wholesale,fuel,Bulk Propane,1063.49,gal,2.44,2594.92
Mesa Propane Service,propane_delivery,P_f29b40cb44,2026-01-16,Southwest Propane Wholesale,fuel,Bulk Propane,779.32,gal,2.35,1831.4
Mesa Propane Service,propane_delivery,P_8e1fda230f,2026-01-20,AZ Tank Parts,parts,Regulators,10.37,each,26.66,276.46
Mesa Propane Service,propane_delivery,P_33596c7415,2026-01-23,AZ Tank Parts,fuel,Truck Diesel,60.01,gal,4.07,244.24
Mesa Propane Service,propane_delivery,P_93fc8c5d15,2026-01-23,AZ Tank Parts,fuel,Truck Diesel,99.76,gal,4.11,410.01
Mesa Propane Service,propane_delivery,P_0f5cc853f2,2026-01-27,AZ Tank Parts,fuel,Truck Diesel,84.33,gal,4.14,349.13
Mesa Propane Service,propane_delivery,P_821fec6e17,2026-01-27,Fleet Fuel Depot,fuel,Bulk Propane,1290.92,gal,2.37,3059.48
Mesa Propane Service,propane_delivery,P_a292b831b1,2026-01-27,AZ Tank Parts,fuel,Bulk Propane,777.32,gal,2.35,1826.7
Mesa Propane Service,propane_delivery,P_c2a1f952e4,2026-01-30,Southwest Propane Wholesale,fuel,Bulk Propane,770.49,gal,2.43,1872.29
Mesa Propane Service,propane_delivery,P_b9628444e6,2026-01-30,AZ Tank Parts,fuel,Truck Diesel,155.94,gal,4.1,639.35
