company,industry,quote_id,quote_number,created_at,approved_at,status,customer_id,customer_name,customer_type,job_title,subtotal,tax,total,size_band
Mesa Propane Service,propane_delivery,Q_b9aae0f2e6,PROP-Q00001,2025-11-01T09:00:00,2025-11-02T15:00:00,approved,MESC1017,Cameron Johnson,residential,Tank Refill - Residential,335.01,27.47,362.48,medium
Mesa Propane Service,propane_delivery,Q_2cf4077e37,PROP-Q00002,2025-11-03T13:45:00,,declined,MESC1011,Alex Thomas,commercial,Tank Refill - Commercial,668.53,54.82,723.35,medium
Mesa Propane Service,propane_delivery,Q_787ee8f7b5,PROP-Q00003,2025-11-04T16:15:00,2025-11-11T21:15:00,approved,MESC1033,Drew Jackson,residential,Leak Check / Service Call,414.83,34.02,448.85,medium
Mesa Propane Service,propane_delivery,Q_d15e79a647,PROP-Q00004,2025-11-04T18:30:00,,no_response,MESC1032,Rowan Lee,residential,Leak Check / Service Call,324.47,26.61,351.08,medium
Mesa Propane Service,propane_delivery,Q_0451bfac4d,PROP-Q00005,2025-11-05T10:00:00,2025-11-07T15:00:00,approved,MESC1023,Quinn Garcia,commercial,Tank Refill - Residential,281.08,23.05,304.13,medium
Mesa Propane Service,propane_delivery,Q_fac76f8351,PROP-Q00006,2025-11-06T13:30:00,2025-11-10T16:30:00,approved,MESC1011,Alex Thomas,commercial,Tank Refill - Commercial,141.08,11.57,152.65,small
Mesa Propane Service,propane_delivery,Q_d6a6820eae,PROP-Q00007,2025-11-07T10:45:00,,no_response,MESC1029,Cameron Thomas,commercial,Tank Refill - Commercial,320.04,26.24,346.28,medium
Mesa Propane Service,propane_delivery,Q_f01aecc5e3,PROP-Q00008,2025-11-07T16:15:00,,sent,MESC1026,Blake Martin,residential,New Tank Install,228.1,18.7,246.8,medium
Mesa Propane Service,propane_delivery,Q_f1e6f61aad,PROP-Q00009,2025-11-11T08:30:00,2025-11-14T10:30:00,approved,MESC1006,Parker Moore,residential,New Tank Install,709.38,58.17,767.55,large
Mesa Propane Service,propane_delivery,Q_b3ed1ee4ea,PROP-Q00010,2025-11-11T16:30:00,,declined,MESC1015,Avery Smith,residential,RV Propane Fill,237.56,19.48,257.04,medium
Mesa Propane Service,propane_delivery,Q_f6743da69b,PROP-Q00011,2025-11-12T18:45:00,,sent,MESC1032,Rowan Lee,residential,RV Propane Fill,931.4,76.37,1007.77,large
Mesa Propane Service,propane_delivery,Q_b31301fa8f,PROP-Q00012,2025-11-13T17:00:00,2025-11-15T01:00:00,approved,MESC1006,Parker Moore,residential,Tank Refill - Commercial,314.06,25.75,339.81,medium
Mesa Propane Service,propane_delivery,Q_9469854777,PROP-Q00013,2025-11-13T18:00:00,,no_response,MESC1013,Skyler Nguyen,residential,Tank Refill - Residential,528.68,43.35,572.03,medium
Mesa Propane Service,propane_delivery,Q_c01e0ce305,PROP-Q00014,2025-11-14T13:45:00,2025-11-18T20:45:00,approved,MESC1006,Parker Moore,residential,New Tank Install,301.61,24.73,326.34,medium
Mesa Propane Service,propane_delivery,Q_0a41ca1fab,PROP-Q00015,2025-11-15T12:15:00,,sent,MESC1002,Taylor Garcia,residential,Tank Refill - Commercial,343.42,28.16,371.58,medium
Mesa Propane Service,propane_delivery,Q_29d68f7b05,PROP-Q00016,2025-11-17T14:00:00,2025-11-19T21:00:00,approved,MESC1022,Avery Martinez,residential,Forklift Cylinder Exchange,361.26,29.62,390.88,medium
Mesa Propane Service,propane_delivery,Q_a01d818843,PROP-Q00017,2025-11-17T15:30:00,,no_response,MESC1022,Avery Martinez,residential,New Tank Install,460.31,37.75,498.06,medium
Mesa Propane Service,propane_delivery,Q_dbec3f5fe7,PROP-Q00018,2025-11-18T07:30:00,,declined,MESC1039,Cameron Johnson,residential,Tank Refill - Residential,421.1,34.53,455.63,medium
Mesa Propane Service,propane_delivery,Q_5b51c4498e,PROP-Q00019,2025-11-18T14:00:00,2025-11-25T19:00:00,approved,MESC1003,Blake Anderson,residential,Leak Check / Service Call,374.42,30.7,405.12,medium
Mesa Propane Service,propane_delivery,Q_ab3b9c3c0b,PROP-Q00020,2025-11-18T14:30:00,,declined,MESC1002,Taylor Garcia,residential,New Tank Install,453.08,37.15,490.23,medium
Mesa Propane Service,propane_delivery,Q_3bf08a8474,PROP-Q00021,2025-11-19T15:45:00,,sent,MESC1023,Quinn Garcia,commercial,RV Propane Fill,403.12,33.06,436.18,medium
Mesa Propane Service,propane_delivery,Q_70ca9e57c8,PROP-Q00022,2025-11-19T14:15:00,,no_response,MESC1017,Cameron Johnson,residential,Tank Refill - Residential,536.93,44.03,580.96,medium
Mesa Propane Service,propane_delivery,Q_e9944f88b3,PROP-Q00023,2025-11-24T09:15:00,,sent,MESC1032,Rowan Lee,residential,Tank Refill - Commercial,400.97,32.88,433.85,medium
Mesa Propane Service,propane_delivery,Q_f0e16988b3,PROP-Q00024,2025-11-24T17:15:00,2025-11-25T22:15:00,approved,MESC1037,Sam Lee,commercial,New Tank Install,496.63,40.72,537.35,medium
Mesa Propane Service,propane_delivery,Q_375dc8f80f,PROP-Q00025,2025-11-24T14:00:00,2025-11-25T21:00:00,approved,MESC1022,Avery Martinez,residential,Tank Refill - Residential,229.19,18.79,247.98,medium
Mesa Propane Service,propane_delivery,Q_0a4f5e2be9,PROP-Q00026,2025-11-25T13:45:00,2025-11-28T21:45:00,approved,MESC1006,Parker Moore,residential,Tank Refill - Residential,474.84,38.94,513.78,medium
Mesa Propane Service,propane_delivery,Q_3f88966a98,PROP-Q00027,2025-11-25T10:00:00,,sent,MESC1006,Parker Moore,residential,New Tank Install,330.09,27.07,357.16,medium
Mesa Propane Service,propane_delivery,Q_22fc7b053f,PROP-Q00028,2025-11-25T11:45:00,2025-11-27T17:45:00,approved,MESC1005,Taylor Anderson,residential,New Tank Install,577.96,47.39,625.35,medium
Mesa Propane Service,propane_delivery,Q_b31bd08208,PROP-Q00029,2025-11-26T18:45:00,,declined,MESC1017,Cameron Johnson,residential,RV Propane Fill,331.36,27.17,358.53,medium
Mesa Propane Service,propane_delivery,Q_e08df5fd04,PROP-Q00030,2025-11-28T07:45:00,,declined,MESC1039,Cameron Johnson,residential,New Tank Install,437.73,35.89,473.62,medium
Mesa Propane Service,propane_delivery,Q_74f8f5c6bf,PROP-Q00031,2025-11-30T07:15:00,,no_response,MESC1020,Sam Garcia,residential,RV Propane Fill,259.76,21.3,281.06,medium
Mesa Propane Service,propane_delivery,Q_d263839527,PROP-Q00032,2025-11-30T13:00:00,2025-12-02T16:00:00,approved,MESC1029,Cameron Thomas,commercial,RV Propane Fill,389.27,31.92,421.19,medium
Mesa Propane Service,propane_delivery,Q_91dddb2fc5,PROP-Q00033,2025-12-01T09:15:00,2025-12-02T10:15:00,approved,MESC1001,Riley Thompson,commercial,Tank Refill - Commercial,186.0,15.25,201.25,small
Mesa Propane Service,propane_delivery,Q_cb01c86672,PROP-Q00034,2025-12-01T15:45:00,,no_response,MESC1000,Parker Martinez,residential,Tank Refill - Residential,758.97,62.24,821.21,large
Mesa Propane Service,propane_delivery,Q_9ee5f75ebc,PROP-Q00035,2025-12-01T11:30:00,2025-12-03T16:30:00,approved,MESC1036,Riley Garcia,commercial,New Tank Install,204.26,16.75,221.01,small
Mesa Propane Service,propane_delivery,Q_8410ce2f3f,PROP-Q00036,2025-12-01T17:45:00,2025-12-03T22:45:00,approved,MESC1010,Blake Wilson,residential,New Tank Install,386.56,31.7,418.26,medium
Mesa Propane Service,propane_delivery,Q_b625848772,PROP-Q00037,2025-12-01T09:15:00,,declined,MESC1025,Jordan Martinez,residential,Leak Check / Service Call,365.44,29.97,395.41,medium
Mesa Propane Service,propane_delivery,Q_3d207a8333,PROP-Q00038,2025-12-02T10:30:00,2025-12-05T17:30:00,approved,MESC1006,Parker Moore,residential,New Tank Install,390.8,32.05,422.85,medium
Mesa Propane Service,propane_delivery,Q_c92fa6891d,PROP-Q00039,2025-12-03T10:00:00,2025-12-04T17:00:00,approved,MESC1029,Cameron Thomas,commercial,RV Propane Fill,681.65,55.9,737.55,medium
Mesa Propane Service,propane_delivery,Q_e191a61b5f,PROP-Q00040,2025-12-05T18:15:00,2025-12-05T20:15:00,approved,MESC1010,Blake Wilson,residential,Leak Check / Service Call,448.68,36.79,485.47,medium
Mesa Propane Service,propane_delivery,Q_acd0eb9aaf,PROP-Q00041,2025-12-05T08:15:00,,no_response,MESC1031,Casey Martinez,residential,Forklift Cylinder Exchange,528.81,43.36,572.17,medium
Mesa Propane Service,propane_delivery,Q_f7de1b8ab3,PROP-Q00042,2025-12-07T12:15:00,,declined,MESC1028,Jordan Martin,residential,Tank Refill - Residential,577.64,47.37,625.01,medium
Mesa Propane Service,propane_delivery,Q_ca417fda5e,PROP-Q00043,2025-12-08T16:30:00,2025-12-10T19:30:00,approved,MESC1023,Quinn Garcia,commercial,Tank Refill - Residential,251.03,20.58,271.61,medium
Mesa Propane Service,propane_delivery,Q_0f417b1b5a,PROP-Q00044,2025-12-09T17:15:00,,declined,MESC1012,Cameron Johnson,residential,Leak Check / Service Call,584.03,47.89,631.92,medium
Mesa Propane Service,propane_delivery,Q_30db8c8234,PROP-Q00045,2025-12-09T07:15:00,2025-12-12T09:15:00,approved,MESC1014,Casey Davis,residential,New Tank Install,256.64,21.04,277.68,medium
Mesa Propane Service,propane_delivery,Q_443fee0a1b,PROP-Q00046,2025-12-09T17:00:00,,declined,MESC1012,Cameron Johnson,residential,Tank Refill - Residential,755.37,61.94,817.31,large
Mesa Propane Service,propane_delivery,Q_1f3f5c438f,PROP-Q00047,2025-12-10T17:00:00,,no_response,MESC1020,Sam Garcia,residential,New Tank Install,255.36,20.94,276.3,medium
Mesa Propane Service,propane_delivery,Q_a8730f3271,PROP-Q00048,2025-12-13T08:45:00,2025-12-14T12:45:00,approved,MESC1013,Skyler Nguyen,residential,RV Propane Fill,392.48,32.18,424.66,medium
Mesa Propane Service,propane_delivery,Q_c0023e292c,PROP-Q00049,2025-12-13T10:45:00,2025-12-14T16:45:00,approved,MESC1001,Riley Thompson,commercial,Tank Refill - Commercial,476.43,39.07,515.5,medium
Mesa Propane Service,propane_delivery,Q_704fa93cb7,PROP-Q00050,2025-12-17T08:00:00,,sent,MESC1006,Parker Moore,residential,Tank Refill - Residential,402.71,33.02,435.73,medium
Mesa Propane Service,propane_delivery,Q_a528356596,PROP-Q00051,2025-12-17T07:30:00,2025-12-17T13:30:00,approved,MESC1035,Avery Hernandez,residential,Forklift Cylinder Exchange,210.06,17.22,227.28,small
Mesa Propane Service,propane_delivery,Q_67b9713eec,PROP-Q00052,2025-12-18T18:00:00,2025-12-21T00:00:00,approved,MESC1002,Taylor Garcia,residential,New Tank Install,526.18,43.15,569.33,medium
Mesa Propane Service,propane_delivery,Q_dc77ceb0c7,PROP-Q00053,2025-12-20T09:00:00,,declined,MESC1006,Parker Moore,residential,Forklift Cylinder Exchange,134.51,11.03,145.54,small
Mesa Propane Service,propane_delivery,Q_bb4a744c8b,PROP-Q00054,2025-12-21T16:45:00,2025-12-24T19:45:00,approved,MESC1035,Avery Hernandez,residential,RV Propane Fill,241.52,19.8,261.32,medium
Mesa Propane Service,propane_delivery,Q_12ac1848e3,PROP-Q00055,2025-12-23T07:15:00,,sent,MESC1012,Cameron Johnson,residential,Forklift Cylinder Exchange,931.09,76.35,1007.44,large
Mesa Propane Service,propane_delivery,Q_5ed5fd689b,PROP-Q00056,2025-12-25T17:45:00,,declined,MESC1025,Jordan Martinez,residential,RV Propane Fill,355.64,29.16,384.8,medium
Mesa Propane Service,propane_delivery,Q_15d9ccd00b,PROP-Q00057,2025-12-25T14:15:00,2025-12-26T16:15:00,approved,MESC1012,Cameron Johnson,residential,Leak Check / Service Call,741.09,60.77,801.86,large
Mesa Propane Service,propane_delivery,Q_d2747c3c28,PROP-Q00058,2025-12-26T14:45:00,,declined,MESC1029,Cameron Thomas,commercial,Leak Check / Service Call,709.72,58.2,767.92,large
Mesa Propane Service,propane_delivery,Q_2e5c639c88,PROP-Q00059,2025-12-26T08:30:00,2025-12-30T12:30:00,approved,MESC1020,Sam Garcia,residential,Forklift Cylinder Exchange,395.2,32.41,427.61,medium
Mesa Propane Service,propane_delivery,Q_beec314c3c,PROP-Q00060,2025-12-26T08:00:00,2025-12-27T12:00:00,approved,MESC1000,Parker Martinez,residential,Tank Refill - Residential,504.43,41.36,545.79,medium
Mesa Propane Service,propane_delivery,Q_c2fe299c00,PROP-Q00061,2025-12-28T18:45:00,,declined,MESC1006,Parker Moore,residential,RV Propane Fill,507.69,41.63,549.32,medium
Mesa Propane Service,propane_delivery,Q_40dae811cb,PROP-Q00062,2025-12-28T12:00:00,,sent,MESC1035,Avery Hernandez,residential,Tank Refill - Residential,546.36,44.8,591.16,medium
Mesa Propane Service,propane_delivery,Q_5697d2c008,PROP-Q00063,2025-12-29T14:00:00,2025-12-29T15:00:00,approved,MESC1037,Sam Lee,commercial,RV Propane Fill,200.76,16.46,217.22,small
Mesa Propane Service,propane_delivery,Q_fa8e6cd735,PROP-Q00064,2025-12-30T13:45:00,2025-12-30T17:45:00,approved,MESC1014,Casey Davis,residential,New Tank Install,462.31,37.91,500.22,medium
Mesa Propane Service,propane_delivery,Q_35eafa304b,PROP-Q00065,2025-12-30T10:15:00,,no_response,MESC1009,Alex Martinez,residential,New Tank Install,209.96,17.22,227.18,small
Mesa Propane Service,propane_delivery,Q_49133204ea,PROP-Q00066,2025-12-30T16:45:00,,no_response,MESC1014,Casey Davis,residential,RV Propane Fill,199.63,16.37,216.0,small
Mesa Propane Service,propane_delivery,Q_f2ce3c609a,PROP-Q00067,2025-12-31T07:15:00,2026-01-04T12:15:00,approved,MESC1031,Casey Martinez,residential,Tank Refill - Commercial,944.34,77.44,1021.78,large
Mesa Propane Service,propane_delivery,Q_6b4ae84f48,PROP-Q00068,2025-12-31T17:15:00,2026-01-02T00:15:00,approved,MESC1034,Drew Smith,residential,Tank Refill - Commercial,777.92,63.79,841.71,large
Mesa Propane Service,propane_delivery,Q_09d3feac6a,PROP-Q00069,2026-01-01T14:15:00,2026-01-03T20:15:00,approved,MESC1020,Sam Garcia,residential,RV Propane Fill,316.86,25.98,342.84,medium
Mesa Propane Service,propane_delivery,Q_d794441238,PROP-Q00070,2026-01-01T07:45:00,2026-01-03T12:45:00,approved,MESC1028,Jordan Martin,residential,RV Propane Fill,290.5,23.82,314.32,medium
Mesa Propane Service,propane_delivery,Q_e79de2f1ff,PROP-Q00071,2026-01-02T07:30:00,2026-01-05T15:30:00,approved,MESC1028,Jordan Martin,residential,RV Propane Fill,796.71,65.33,862.04,large
Mesa Propane Service,propane_delivery,Q_4363fa9e93,PROP-Q00072,2026-01-02T13:00:00,,declined,MESC1035,Avery Hernandez,residential,Tank Refill - Commercial,676.26,55.45,731.71,medium
Mesa Propane Service,propane_delivery,Q_5bdb542752,PROP-Q00073,2026-01-03T17:00:00,2026-01-04T19:00:00,approved,MESC1013,Skyler Nguyen,residential,Forklift Cylinder Exchange,447.27,36.68,483.95,medium
Mesa Propane Service,propane_delivery,Q_889cc50620,PROP-Q00074,2026-01-03T18:30:00,,declined,MESC1017,Cameron Johnson,residential,RV Propane Fill,351.34,28.81,380.15,medium
Mesa Propane Service,propane_delivery,Q_ca3e115200,PROP-Q00075,2026-01-04T08:00:00,2026-01-09T11:00:00,approved,MESC1025,Jordan Martinez,residential,RV Propane Fill,650.13,53.31,703.44,medium
Mesa Propane Service,propane_delivery,Q_6bbacfc2b0,PROP-Q00076,2026-01-05T18:45:00,2026-01-05T20:45:00,approved,MESC1024,Casey Brown,residential,Forklift Cylinder Exchange,879.59,72.13,951.72,large
Mesa Propane Service,propane_delivery,Q_e2074e8299,PROP-Q00077,2026-01-05T08:15:00,2026-01-06T13:15:00,approved,MESC1001,Riley Thompson,commercial,Leak Check / Service Call,378.94,31.07,410.01,medium
Mesa Propane Service,propane_delivery,Q_3f90915b88,PROP-Q00078,2026-01-06T08:30:00,2026-01-07T10:30:00,approved,MESC1020,Sam Garcia,residential,New Tank Install,412.2,33.8,446.0,medium
Mesa Propane Service,propane_delivery,Q_146b137f33,PROP-Q00079,2026-01-06T18:45:00,2026-01-06T23:45:00,approved,MESC1011,Alex Thomas,commercial,Forklift Cylinder Exchange,240.48,19.72,260.2,medium
Mesa Propane Service,propane_delivery,Q_717a33320f,PROP-Q00080,2026-01-06T16:45:00,2026-01-07T18:45:00,approved,MESC1023,Quinn Garcia,commercial,New Tank Install,569.57,46.7,616.27,medium
Mesa Propane Service,propane_delivery,Q_f63364aed4,PROP-Q00081,2026-01-08T11:15:00,2026-01-09T13:15:00,approved,MESC1016,Jordan Martin,residential,Tank Refill - Commercial,238.22,19.53,257.75,medium
Mesa Propane Service,propane_delivery,Q_d7772e8dee,PROP-Q00082,2026-01-08T10:45:00,2026-01-09T16:45:00,approved,MESC1010,Blake Wilson,residential,New Tank Install,355.65,29.16,384.81,medium
Mesa Propane Service,propane_delivery,Q_6490231d43,PROP-Q00083,2026-01-08T16:30:00,2026-01-10T19:30:00,approved,MESC1025,Jordan Martinez,residential,RV Propane Fill,363.7,29.82,393.52,medium
Mesa Propane Service,propane_delivery,Q_26e119393d,PROP-Q00084,2026-01-08T18:30:00,2026-01-10T02:30:00,approved,MESC1002,Taylor Garcia,residential,Leak Check / Service Call,546.38,44.8,591.18,medium
Mesa Propane Service,propane_delivery,Q_e118290614,PROP-Q00085,2026-01-08T17:00:00,2026-01-09T19:00:00,approved,MESC1027,Casey Martinez,residential,Tank Refill - Residential,221.29,18.15,239.44,medium
Mesa Propane Service,propane_delivery,Q_5178a57614,PROP-Q00086,2026-01-08T15:45:00,2026-01-09T18:45:00,approved,MESC1013,Skyler Nguyen,residential,New Tank Install,487.64,39.99,527.63,medium
Mesa Propane Service,propane_delivery,Q_f976bc1e87,PROP-Q00087,2026-01-09T16:15:00,2026-01-10T19:15:00,approved,MESC1039,Cameron Johnson,residential,Leak Check / Service Call,945.97,77.57,1023.54,large
Mesa Propane Service,propane_delivery,Q_bd24aa5d6b,PROP-Q00088,2026-01-09T08:30:00,2026-01-12T14:30:00,approved,MESC1013,Skyler Nguyen,residential,Tank Refill - Commercial,848.33,69.56,917.89,large
Mesa Propane Service,propane_delivery,Q_585cead6dd,PROP-Q00089,2026-01-09T17:30:00,2026-01-11T19:30:00,approved,MESC1019,Sam Anderson,commercial,Forklift Cylinder Exchange,339.93,27.87,367.8,medium
Mesa Propane Service,propane_delivery,Q_cb21d13c67,PROP-Q00090,2026-01-09T13:15:00,,no_response,MESC1009,Alex Martinez,residential,New Tank Install,207.56,17.02,224.58,small
Mesa Propane Service,propane_delivery,Q_a06b11afe2,PROP-Q00091,2026-01-09T08:30:00,,declined,MESC1036,Riley Garcia,commercial,Tank Refill - Commercial,204.14,16.74,220.88,small
Mesa Propane Service,propane_delivery,Q_4cd2e8e646,PROP-Q00092,2026-01-10T08:45:00,2026-01-14T16:45:00,approved,MESC1028,Jordan Martin,residential,Leak Check / Service Call,547.16,44.87,592.03,medium
Mesa Propane Service,propane_delivery,Q_111c55f01e,PROP-Q00093,2026-01-12T15:00:00,2026-01-18T18:00:00,approved,MESC1015,Avery Smith,residential,Tank Refill - Residential,210.01,17.22,227.23,small
Mesa Propane Service,propane_delivery,Q_472d6a449c,PROP-Q00094,2026-01-13T17:30:00,2026-01-14T19:30:00,approved,MESC1026,Blake Martin,residential,Tank Refill - Commercial,635.87,52.14,688.01,medium
Mesa Propane Service,propane_delivery,Q_248c701943,PROP-Q00095,2026-01-13T18:30:00,2026-01-16T02:30:00,approved,MESC1023,Quinn Garcia,commercial,RV Propane Fill,511.21,41.92,553.13,medium
Mesa Propane Service,propane_delivery,Q_b5937e7d43,PROP-Q00096,2026-01-14T15:45:00,2026-01-17T18:45:00,approved,MESC1003,Blake Anderson,residential,RV Propane Fill,674.45,55.3,729.75,medium
Mesa Propane Service,propane_delivery,Q_bad79cc4c3,PROP-Q00097,2026-01-15T08:00:00,2026-01-18T16:00:00,approved,MESC1025,Jordan Martinez,residential,Forklift Cylinder Exchange,250.46,20.54,271.0,medium
Mesa Propane Service,propane_delivery,Q_8934b43a1a,PROP-Q00098,2026-01-15T13:15:00,,sent,MESC1029,Cameron Thomas,commercial,Leak Check / Service Call,436.44,35.79,472.23,medium
Mesa Propane Service,propane_delivery,Q_34712fdff7,PROP-Q00099,2026-01-16T16:45:00,2026-01-16T21:45:00,approved,MESC1027,Casey Martinez,residential,Tank Refill - Commercial,562.82,46.15,608.97,medium
Mesa Propane Service,propane_delivery,Q_40172ea52d,PROP-Q00100,2026-01-16T10:30:00,2026-01-19T17:30:00,approved,MESC1039,Cameron Johnson,residential,New Tank Install,683.43,56.04,739.47,medium
Mesa Propane Service,propane_delivery,Q_c67e75a1c6,PROP-Q00101,2026-01-16T12:30:00,2026-01-18T19:30:00,approved,MESC1005,Taylor Anderson,residential,Tank Refill - Commercial,318.14,26.09,344.23,medium
Mesa Propane Service,propane_delivery,Q_5f2bba945a,PROP-Q00102,2026-01-18T18:15:00,2026-01-20T20:15:00,approved,MESC1000,Parker Martinez,residential,Forklift Cylinder Exchange,408.76,33.52,442.28,medium
Mesa Propane Service,propane_delivery,Q_a322c2a77f,PROP-Q00103,2026-01-18T17:00:00,,declined,MESC1015,Avery Smith,residential,Forklift Cylinder Exchange,312.03,25.59,337.62,medium
Mesa Propane Service,propane_delivery,Q_31b437de6f,PROP-Q00104,2026-01-19T08:00:00,,declined,MESC1023,Quinn Garcia,commercial,New Tank Install,331.47,27.18,358.65,medium
Mesa Propane Service,propane_delivery,Q_49e34c3e92,PROP-Q00105,2026-01-20T17:30:00,,sent,MESC1001,Riley Thompson,commercial,RV Propane Fill,284.86,23.36,308.22,medium
Mesa Propane Service,propane_delivery,Q_b09b5ee9a7,PROP-Q00106,2026-01-20T17:30:00,2026-01-21T21:30:00,approved,MESC1006,Parker Moore,residential,Tank Refill - Residential,472.4,38.74,511.14,medium
Mesa Propane Service,propane_delivery,Q_c6af647c7b,PROP-Q00107,2026-01-20T13:30:00,2026-01-21T20:30:00,approved,MESC1008,Sam Smith,residential,Leak Check / Service Call,726.5,59.57,786.07,large
Mesa Propane Service,propane_delivery,Q_05ca0c2534,PROP-Q00108,2026-01-21T12:30:00,,declined,MESC1009,Alex Martinez,residential,Tank Refill - Commercial,732.43,60.06,792.49,large
Mesa Propane Service,propane_delivery,Q_1221c094a0,PROP-Q00109,2026-01-21T11:30:00,2026-01-22T13:30:00,approved,MESC1010,Blake Wilson,residential,RV Propane Fill,231.26,18.96,250.22,medium
Mesa Propane Service,propane_delivery,Q_1730cad6c8,PROP-Q00110,2026-01-21T16:00:00,,no_response,MESC1006,Parker Moore,residential,New Tank Install,829.96,68.06,898.02,large
Mesa Propane Service,propane_delivery,Q_8517d52fb0,PROP-Q00111,2026-01-22T12:00:00,2026-01-23T17:00:00,approved,MESC1000,Parker Martinez,residential,Tank Refill - Commercial,289.29,23.72,313.01,medium
Mesa Propane Service,propane_delivery,Q_33471d09bf,PROP-Q00112,2026-01-23T09:15:00,2026-01-27T17:15:00,approved,MESC1014,Casey Davis,residential,Forklift Cylinder Exchange,454.78,37.29,492.07,medium
Mesa Propane Service,propane_delivery,Q_f17fb33228,PROP-Q00113,2026-01-23T08:00:00,2026-01-24T10:00:00,approved,MESC1036,Riley Garcia,commercial,Forklift Cylinder Exchange,253.44,20.78,274.22,medium
Mesa Propane Service,propane_delivery,Q_0936158951,PROP-Q00114,2026-01-24T15:30:00,2026-01-25T22:30:00,approved,MESC1022,Avery Martinez,residential,Tank Refill - Commercial,581.95,47.72,629.67,medium
Mesa Propane Service,propane_delivery,Q_91633b8f2b,PROP-Q00115,2026-01-25T17:15:00,2026-01-27T01:15:00,approved,MESC1022,Avery Martinez,residential,Tank Refill - Residential,415.57,34.08,449.65,medium
Mesa Propane Service,propane_delivery,Q_9d7276c1d5,PROP-Q00116,2026-01-26T10:30:00,,no_response,MESC1036,Riley Garcia,commercial,RV Propane Fill,336.52,27.59,364.11,medium
Mesa Propane Service,propane_delivery,Q_76e4c74b41,PROP-Q00117,2026-01-26T13:30:00,2026-01-27T21:30:00,approved,MESC1015,Avery Smith,residential,Tank Refill - Commercial,542.3,44.47,586.77,medium
Mesa Propane Service,propane_delivery,Q_1d40ef7574,PROP-Q00118,2026-01-26T18:15:00,,no_response,MESC1008,Sam Smith,residential,Tank Refill - Residential,323.51,26.53,350.04,medium
Mesa Propane Service,propane_delivery,Q_f6e2c55da1,PROP-Q00119,2026-01-27T14:30:00,,declined,MESC1034,Drew Smith,residential,RV Propane Fill,794.66,65.16,859.82,large
Mesa Propane Service,propane_delivery,Q_df2ebe8705,PROP-Q00120,2026-01-27T11:45:00,,sent,MESC1037,Sam Lee,commercial,Tank Refill - Residential,386.44,31.69,418.13,medium
Mesa Propane Service,propane_delivery,Q_034140501b,PROP-Q00121,2026-01-27T12:15:00,2026-01-29T15:15:00,approved,MESC1002,Taylor Garcia,residential,New Tank Install,193.88,15.9,209.78,small
Mesa Propane Service,propane_delivery,Q_41b48d26f7,PROP-Q00122,2026-01-27T12:45:00,2026-02-02T19:45:00,approved,MESC1036,Riley Garcia,commercial,Tank Refill - Residential,573.68,47.04,620.72,medium
Mesa Propane Service,propane_delivery,Q_f79876e6e0,PROP-Q00123,2026-01-29T16:45:00,,declined,MESC1027,Casey Martinez,residential,Leak Check / Service Call,417.39,34.23,451.62,medium
Mesa Propane Service,propane_delivery,Q_86ab02e20e,PROP-Q00124,2026-01-30T10:30:00,2026-01-31T12:30:00,approved,MESC1037,Sam Lee,commercial,Tank Refill - Commercial,370.45,30.38,400.83,medium
Mesa Propane Service,propane_delivery,Q_44a0db618d,PROP-Q00125,2026-01-30T08:00:00,2026-02-01T13:00:00,approved,MESC1030,Sam Wilson,residential,RV Propane Fill,487.23,39.95,527.18,medium
Mesa Propane Service,propane_delivery,Q_2c31756eb7,PROP-Q00126,2026-01-30T09:00:00,,declined,MESC1010,Blake Wilson,residential,New Tank Install,537.67,44.09,581.76,medium
