company,quote_id,line_index,item_name,category,qty,unit,unit_price,unit_cost_est,ext_price
Mesa Propane Service,Q_b9aae0f2e6,1,Regulator / Hose,parts,1,each,167.5,103.85,167.5
Mesa Propane Service,Q_b9aae0f2e6,2,Service Call,service,3,each,55.84,34.62,167.52
Mesa Propane Service,Q_2cf4077e37,1,Tank Rental,rental,1,month,222.84,138.16,222.84
Mesa Propane Service,Q_2cf4077e37,2,Regulator / Hose,parts,1,each,222.84,138.16,222.84
Mesa Propane Service,Q_2cf4077e37,3,Propane Delivery,fuel,3,gal,74.28,46.05,222.84
Mesa Propane Service,Q_787ee8f7b5,1,Labor,labor,2,hr,41.48,25.72,82.96
Mesa Propane Service,Q_787ee8f7b5,2,Propane Delivery,fuel,1,gal,82.97,51.44,82.97
Mesa Propane Service,Q_787ee8f7b5,3,Tank Rental,rental,2,month,41.48,25.72,82.96
Mesa Propane Service,Q_787ee8f7b5,4,Service Call,service,2,each,41.48,25.72,82.96
Mesa Propane Service,Q_787ee8f7b5,5,Service Call,service,3,each,27.66,17.15,82.98
Mesa Propane Service,Q_d15e79a647,1,Labor,labor,3,hr,27.04,16.76,81.12
Mesa Propane Service,Q_d15e79a647,2,Tank Rental,rental,2,month,40.56,25.15,81.12
Mesa Propane Service,Q_d15e79a647,3,Tank Rental,rental,1,month,81.12,50.29,81.12
Mesa Propane Service,Q_d15e79a647,4,Propane Delivery,fuel,1,gal,81.11,50.29,81.11
Mesa Propane Service,Q_0451bfac4d,1,Labor,labor,1,hr,56.22,34.86,56.22
Mesa Propane Service,Q_0451bfac4d,2,Labor,labor,1,hr,56.21,34.85,56.21
Mesa Propane Service,Q_0451bfac4d,3,Service Call,service,1,each,56.22,34.86,56.22
Mesa Propane Service,Q_0451bfac4d,4,Service Call,service,1,each,56.21,34.85,56.21
Mesa Propane Service,Q_0451bfac4d,5,Tank Rental,rental,3,month,18.74,11.62,56.22
Mesa Propane Service,Q_fac76f8351,1,Labor,labor,1,hr,47.03,29.16,47.03
Mesa Propane Service,Q_fac76f8351,2,Tank Rental,rental,3,month,15.68,9.72,47.04
Mesa Propane Service,Q_fac76f8351,3,Propane Delivery,fuel,1,gal,47.01,29.15,47.01
Mesa Propane Service,Q_d6a6820eae,1,Propane Delivery,fuel,1,gal,64.01,39.69,64.01
Mesa Propane Service,Q_d6a6820eae,2,Propane Delivery,fuel,1,gal,64.01,39.69,64.01
Mesa Propane Service,Q_d6a6820eae,3,Labor,labor,1,hr,64.01,39.69,64.01
Mesa Propane Service,Q_d6a6820eae,4,Propane Delivery,fuel,3,gal,21.34,13.23,64.02
Mesa Propane Service,Q_d6a6820eae,5,Regulator / Hose,parts,1,each,63.99,39.67,63.99
Mesa Propane Service,Q_f01aecc5e3,1,Tank Rental,rental,1,month,76.03,47.14,76.03
Mesa Propane Service,Q_f01aecc5e3,2,Propane Delivery,fuel,1,gal,76.03,47.14,76.03
Mesa Propane Service,Q_f01aecc5e3,3,Labor,labor,1,hr,76.04,47.14,76.04
Mesa Propane Service,Q_f1e6f61aad,1,Labor,labor,1,hr,141.88,87.97,141.88
Mesa Propane Service,Q_f1e6f61aad,2,Tank Rental,rental,1,month,141.88,87.97,141.88
Mesa Propane Service,Q_f1e6f61aad,3,Tank Rental,rental,1,month,141.87,87.96,141.87
Mesa Propane Service,Q_f1e6f61aad,4,Service Call,service,2,each,70.94,43.98,141.88
Mesa Propane Service,Q_f1e6f61aad,5,Regulator / Hose,parts,1,each,141.87,87.96,141.87
Mesa Propane Service,Q_b3ed1ee4ea,1,Regulator / Hose,parts,1,each,79.19,49.1,79.19
Mesa Propane Service,Q_b3ed1ee4ea,2,Tank Rental,rental,1,month,79.19,49.1,79.19
Mesa Propane Service,Q_b3ed1ee4ea,3,Service Call,service,1,each,79.18,49.09,79.18
Mesa Propane Service,Q_f6743da69b,1,Service Call,service,3,each,155.23,96.24,465.69
Mesa Propane Service,Q_f6743da69b,2,Tank Rental,rental,3,month,155.24,96.25,465.72
Mesa Propane Service,Q_b31301fa8f,1,Propane Delivery,fuel,1,gal,78.52,48.68,78.52
Mesa Propane Service,Q_b31301fa8f,2,Tank Rental,rental,1,month,78.51,48.68,78.51
Mesa Propane Service,Q_b31301fa8f,3,Service Call,service,1,each,78.52,48.68,78.52
Mesa Propane Service,Q_b31301fa8f,4,Tank Rental,rental,2,month,39.26,24.34,78.52
Mesa Propane Service,Q_9469854777,1,Propane Delivery,fuel,2,gal,132.17,81.95,264.34
Mesa Propane Service,Q_9469854777,2,Regulator / Hose,parts,2,each,132.17,81.95,264.34
Mesa Propane Service,Q_c01e0ce305,1,Propane Delivery,fuel,2,gal,30.16,18.7,60.32
Mesa Propane Service,Q_c01e0ce305,2,Labor,labor,1,hr,60.32,37.4,60.32
Mesa Propane Service,Q_c01e0ce305,3,Service Call,service,2,each,30.16,18.7,60.32
Mesa Propane Service,Q_c01e0ce305,4,Propane Delivery,fuel,1,gal,60.33,37.4,60.33
Mesa Propane Service,Q_c01e0ce305,5,Tank Rental,rental,1,month,60.32,37.4,60.32
Mesa Propane Service,Q_0a41ca1fab,1,Labor,labor,1,hr,171.71,106.46,171.71
Mesa Propane Service,Q_0a41ca1fab,2,Tank Rental,rental,3,month,57.24,35.49,171.72
Mesa Propane Service,Q_29d68f7b05,1,Labor,labor,2,hr,60.21,37.33,120.42
Mesa Propane Service,Q_29d68f7b05,2,Service Call,service,1,each,120.42,74.66,120.42
Mesa Propane Service,Q_29d68f7b05,3,Propane Delivery,fuel,1,gal,120.42,74.66,120.42
Mesa Propane Service,Q_a01d818843,1,Propane Delivery,fuel,1,gal,153.44,95.13,153.44
Mesa Propane Service,Q_a01d818843,2,Regulator / Hose,parts,3,each,51.15,31.71,153.45
Mesa Propane Service,Q_a01d818843,3,Labor,labor,2,hr,76.71,47.56,153.42
Mesa Propane Service,Q_dbec3f5fe7,1,Labor,labor,2,hr,52.64,32.64,105.28
Mesa Propane Service,Q_dbec3f5fe7,2,Service Call,service,1,each,105.27,65.27,105.27
Mesa Propane Service,Q_dbec3f5fe7,3,Propane Delivery,fuel,1,gal,105.28,65.27,105.28
Mesa Propane Service,Q_dbec3f5fe7,4,Service Call,service,1,each,105.27,65.27,105.27
Mesa Propane Service,Q_5b51c4498e,1,Regulator / Hose,parts,1,each,74.88,46.43,74.88
Mesa Propane Service,Q_5b51c4498e,2,Propane Delivery,fuel,3,gal,24.96,15.48,74.88
Mesa Propane Service,Q_5b51c4498e,3,Regulator / Hose,parts,1,each,74.89,46.43,74.89
Mesa Propane Service,Q_5b51c4498e,4,Tank Rental,rental,2,month,37.44,23.21,74.88
Mesa Propane Service,Q_5b51c4498e,5,Tank Rental,rental,1,month,74.89,46.43,74.89
Mesa Propane Service,Q_ab3b9c3c0b,1,Service Call,service,1,each,226.54,140.45,226.54
Mesa Propane Service,Q_ab3b9c3c0b,2,Propane Delivery,fuel,1,gal,226.54,140.45,226.54
Mesa Propane Service,Q_3bf08a8474,1,Labor,labor,1,hr,134.37,83.31,134.37
Mesa Propane Service,Q_3bf08a8474,2,Regulator / Hose,parts,3,each,44.79,27.77,134.37
Mesa Propane Service,Q_3bf08a8474,3,Regulator / Hose,parts,3,each,44.79,27.77,134.37
Mesa Propane Service,Q_70ca9e57c8,1,Propane Delivery,fuel,3,gal,35.8,22.2,107.4
Mesa Propane Service,Q_70ca9e57c8,2,Labor,labor,3,hr,35.79,22.19,107.37
Mesa Propane Service,Q_70ca9e57c8,3,Labor,labor,3,hr,35.8,22.2,107.4
Mesa Propane Service,Q_70ca9e57c8,4,Service Call,service,1,each,107.38,66.58,107.38
Mesa Propane Service,Q_70ca9e57c8,5,Regulator / Hose,parts,1,each,107.38,66.58,107.38
Mesa Propane Service,Q_e9944f88b3,1,Regulator / Hose,parts,1,each,200.49,124.3,200.49
Mesa Propane Service,Q_e9944f88b3,2,Regulator / Hose,parts,1,each,200.48,124.3,200.48
Mesa Propane Service,Q_f0e16988b3,1,Propane Delivery,fuel,2,gal,124.16,76.98,248.32
Mesa Propane Service,Q_f0e16988b3,2,Labor,labor,2,hr,124.16,76.98,248.32
Mesa Propane Service,Q_375dc8f80f,1,Service Call,service,1,each,45.84,28.42,45.84
Mesa Propane Service,Q_375dc8f80f,2,Labor,labor,3,hr,15.28,9.47,45.84
Mesa Propane Service,Q_375dc8f80f,3,Labor,labor,1,hr,45.84,28.42,45.84
Mesa Propane Service,Q_375dc8f80f,4,Propane Delivery,fuel,3,gal,15.28,9.47,45.84
Mesa Propane Service,Q_375dc8f80f,5,Propane Delivery,fuel,1,gal,45.83,28.41,45.83
Mesa Propane Service,Q_0a4f5e2be9,1,Tank Rental,rental,2,month,79.14,49.07,158.28
Mesa Propane Service,Q_0a4f5e2be9,2,Service Call,service,3,each,52.76,32.71,158.28
Mesa Propane Service,Q_0a4f5e2be9,3,Labor,labor,2,hr,79.14,49.07,158.28
Mesa Propane Service,Q_3f88966a98,1,Propane Delivery,fuel,1,gal,82.52,51.16,82.52
Mesa Propane Service,Q_3f88966a98,2,Tank Rental,rental,1,month,82.52,51.16,82.52
Mesa Propane Service,Q_3f88966a98,3,Tank Rental,rental,2,month,41.26,25.58,82.52
Mesa Propane Service,Q_3f88966a98,4,Propane Delivery,fuel,1,gal,82.53,51.17,82.53
Mesa Propane Service,Q_22fc7b053f,1,Labor,labor,1,hr,115.59,71.67,115.59
Mesa Propane Service,Q_22fc7b053f,2,Service Call,service,2,each,57.8,35.84,115.6
Mesa Propane Service,Q_22fc7b053f,3,Service Call,service,2,each,57.79,35.83,115.58
Mesa Propane Service,Q_22fc7b053f,4,Regulator / Hose,parts,3,each,38.53,23.89,115.59
Mesa Propane Service,Q_22fc7b053f,5,Tank Rental,rental,1,month,115.6,71.67,115.6
Mesa Propane Service,Q_b31bd08208,1,Service Call,service,1,each,165.68,102.72,165.68
Mesa Propane Service,Q_b31bd08208,2,Service Call,service,1,each,165.68,102.72,165.68
Mesa Propane Service,Q_e08df5fd04,1,Tank Rental,rental,1,month,145.91,90.46,145.91
Mesa Propane Service,Q_e08df5fd04,2,Regulator / Hose,parts,3,each,48.64,30.16,145.92
Mesa Propane Service,Q_e08df5fd04,3,Regulator / Hose,parts,1,each,145.9,90.46,145.9
Mesa Propane Service,Q_74f8f5c6bf,1,Service Call,service,2,each,25.98,16.11,51.96
Mesa Propane Service,Q_74f8f5c6bf,2,Labor,labor,3,hr,17.32,10.74,51.96
Mesa Propane Service,Q_74f8f5c6bf,3,Tank Rental,rental,1,month,51.95,32.21,51.95
Mesa Propane Service,Q_74f8f5c6bf,4,Service Call,service,1,each,51.94,32.2,51.94
Mesa Propane Service,Q_74f8f5c6bf,5,Propane Delivery,fuel,1,gal,51.95,32.21,51.95
Mesa Propane Service,Q_d263839527,1,Service Call,service,1,each,129.76,80.45,129.76
Mesa Propane Service,Q_d263839527,2,Service Call,service,1,each,129.75,80.44,129.75
Mesa Propane Service,Q_d263839527,3,Regulator / Hose,parts,3,each,43.25,26.82,129.75
Mesa Propane Service,Q_91dddb2fc5,1,Labor,labor,1,hr,46.5,28.83,46.5
Mesa Propane Service,Q_91dddb2fc5,2,Tank Rental,rental,2,month,23.25,14.41,46.5
Mesa Propane Service,Q_91dddb2fc5,3,Regulator / Hose,parts,1,each,46.5,28.83,46.5
Mesa Propane Service,Q_91dddb2fc5,4,Regulator / Hose,parts,1,each,46.5,28.83,46.5
Mesa Propane Service,Q_cb01c86672,1,Labor,labor,3,hr,63.25,39.21,189.75
Mesa Propane Service,Q_cb01c86672,2,Labor,labor,1,hr,189.74,117.64,189.74
Mesa Propane Service,Q_cb01c86672,3,Tank Rental,rental,1,month,189.74,117.64,189.74
Mesa Propane Service,Q_cb01c86672,4,Regulator / Hose,parts,1,each,189.74,117.64,189.74
Mesa Propane Service,Q_9ee5f75ebc,1,Service Call,service,1,each,51.06,31.66,51.06
Mesa Propane Service,Q_9ee5f75ebc,2,Labor,labor,1,hr,51.07,31.66,51.07
Mesa Propane Service,Q_9ee5f75ebc,3,Propane Delivery,fuel,3,gal,17.02,10.55,51.06
Mesa Propane Service,Q_9ee5f75ebc,4,Regulator / Hose,parts,1,each,51.07,31.66,51.07
Mesa Propane Service,Q_8410ce2f3f,1,Regulator / Hose,parts,2,each,38.66,23.97,77.32
Mesa Propane Service,Q_8410ce2f3f,2,Propane Delivery,fuel,3,gal,25.77,15.98,77.31
Mesa Propane Service,Q_8410ce2f3f,3,Labor,labor,1,hr,77.31,47.93,77.31
Mesa Propane Service,Q_8410ce2f3f,4,Tank Rental,rental,1,month,77.31,47.93,77.31
Mesa Propane Service,Q_8410ce2f3f,5,Labor,labor,2,hr,38.66,23.97,77.32
Mesa Propane Service,Q_b625848772,1,Tank Rental,rental,3,month,40.6,25.17,121.8
Mesa Propane Service,Q_b625848772,2,Service Call,service,1,each,121.82,75.53,121.82
Mesa Propane Service,Q_b625848772,3,Propane Delivery,fuel,1,gal,121.82,75.53,121.82
Mesa Propane Service,Q_3d207a8333,1,Tank Rental,rental,3,month,32.57,20.19,97.71
Mesa Propane Service,Q_3d207a8333,2,Tank Rental,rental,2,month,48.85,30.29,97.7
Mesa Propane Service,Q_3d207a8333,3,Propane Delivery,fuel,2,gal,48.85,30.29,97.7
Mesa Propane Service,Q_3d207a8333,4,Propane Delivery,fuel,3,gal,32.56,20.19,97.68
Mesa Propane Service,Q_c92fa6891d,1,Regulator / Hose,parts,1,each,170.41,105.65,170.41
Mesa Propane Service,Q_c92fa6891d,2,Service Call,service,1,each,170.41,105.65,170.41
Mesa Propane Service,Q_c92fa6891d,3,Service Call,service,1,each,170.42,105.66,170.42
Mesa Propane Service,Q_c92fa6891d,4,Regulator / Hose,parts,3,each,56.8,35.22,170.4
Mesa Propane Service,Q_e191a61b5f,1,Service Call,service,1,each,112.17,69.55,112.17
Mesa Propane Service,Q_e191a61b5f,2,Propane Delivery,fuel,1,gal,112.17,69.55,112.17
Mesa Propane Service,Q_e191a61b5f,3,Regulator / Hose,parts,1,each,112.17,69.55,112.17
Mesa Propane Service,Q_e191a61b5f,4,Service Call,service,1,each,112.17,69.55,112.17
Mesa Propane Service,Q_acd0eb9aaf,1,Regulator / Hose,parts,2,each,52.88,32.79,105.76
Mesa Propane Service,Q_acd0eb9aaf,2,Regulator / Hose,parts,2,each,52.88,32.79,105.76
Mesa Propane Service,Q_acd0eb9aaf,3,Propane Delivery,fuel,1,gal,105.76,65.57,105.76
Mesa Propane Service,Q_acd0eb9aaf,4,Labor,labor,1,hr,105.76,65.57,105.76
Mesa Propane Service,Q_acd0eb9aaf,5,Tank Rental,rental,1,month,105.77,65.58,105.77
Mesa Propane Service,Q_f7de1b8ab3,1,Service Call,service,1,each,192.55,119.38,192.55
Mesa Propane Service,Q_f7de1b8ab3,2,Tank Rental,rental,1,month,192.54,119.37,192.54
Mesa Propane Service,Q_f7de1b8ab3,3,Propane Delivery,fuel,2,gal,96.27,59.69,192.54
Mesa Propane Service,Q_ca417fda5e,1,Tank Rental,rental,1,month,125.52,77.82,125.52
Mesa Propane Service,Q_ca417fda5e,2,Regulator / Hose,parts,3,each,41.84,25.94,125.52
Mesa Propane Service,Q_0f417b1b5a,1,Service Call,service,1,each,146.01,90.53,146.01
Mesa Propane Service,Q_0f417b1b5a,2,Regulator / Hose,parts,1,each,146.01,90.53,146.01
Mesa Propane Service,Q_0f417b1b5a,3,Service Call,service,1,each,146.0,90.52,146.0
Mesa Propane Service,Q_0f417b1b5a,4,Service Call,service,1,each,146.01,90.53,146.01
Mesa Propane Service,Q_30db8c8234,1,Regulator / Hose,parts,1,each,128.32,79.56,128.32
Mesa Propane Service,Q_30db8c8234,2,Labor,labor,3,hr,42.77,26.52,128.31
Mesa Propane Service,Q_443fee0a1b,1,Regulator / Hose,parts,2,each,75.54,46.83,151.08
Mesa Propane Service,Q_443fee0a1b,2,Propane Delivery,fuel,3,gal,50.36,31.22,151.08
Mesa Propane Service,Q_443fee0a1b,3,Tank Rental,rental,2,month,75.53,46.83,151.06
Mesa Propane Service,Q_443fee0a1b,4,Service Call,service,1,each,151.07,93.66,151.07
Mesa Propane Service,Q_443fee0a1b,5,Propane Delivery,fuel,1,gal,151.08,93.67,151.08
Mesa Propane Service,Q_1f3f5c438f,1,Regulator / Hose,parts,1,each,85.12,52.77,85.12
Mesa Propane Service,Q_1f3f5c438f,2,Labor,labor,3,hr,28.37,17.59,85.11
Mesa Propane Service,Q_1f3f5c438f,3,Propane Delivery,fuel,1,gal,85.13,52.78,85.13
Mesa Propane Service,Q_a8730f3271,1,Tank Rental,rental,3,month,43.61,27.04,130.83
Mesa Propane Service,Q_a8730f3271,2,Service Call,service,1,each,130.82,81.11,130.82
Mesa Propane Service,Q_a8730f3271,3,Regulator / Hose,parts,1,each,130.83,81.11,130.83
Mesa Propane Service,Q_c0023e292c,1,Propane Delivery,fuel,1,gal,238.22,147.7,238.22
Mesa Propane Service,Q_c0023e292c,2,Propane Delivery,fuel,3,gal,79.4,49.23,238.2
Mesa Propane Service,Q_704fa93cb7,1,Service Call,service,2,each,50.34,31.21,100.68
Mesa Propane Service,Q_704fa93cb7,2,Tank Rental,rental,1,month,100.68,62.42,100.68
Mesa Propane Service,Q_704fa93cb7,3,Regulator / Hose,parts,1,each,100.67,62.42,100.67
Mesa Propane Service,Q_704fa93cb7,4,Propane Delivery,fuel,1,gal,100.68,62.42,100.68
Mesa Propane Service,Q_a528356596,1,Regulator / Hose,parts,1,each,52.52,32.56,52.52
Mesa Propane Service,Q_a528356596,2,Propane Delivery,fuel,1,gal,52.51,32.56,52.51
Mesa Propane Service,Q_a528356596,3,Propane Delivery,fuel,1,gal,52.52,32.56,52.52
Mesa Propane Service,Q_a528356596,4,Service Call,service,1,each,52.51,32.56,52.51
Mesa Propane Service,Q_67b9713eec,1,Propane Delivery,fuel,2,gal,87.7,54.37,175.4
Mesa Propane Service,Q_67b9713eec,2,Regulator / Hose,parts,2,each,87.69,54.37,175.38
Mesa Propane Service,Q_67b9713eec,3,Tank Rental,rental,2,month,87.7,54.37,175.4
Mesa Propane Service,Q_dc77ceb0c7,1,Service Call,service,1,each,67.25,41.7,67.25
Mesa Propane Service,Q_dc77ceb0c7,2,Regulator / Hose,parts,3,each,22.42,13.9,67.26
Mesa Propane Service,Q_bb4a744c8b,1,Tank Rental,rental,3,month,16.1,9.98,48.3
Mesa Propane Service,Q_bb4a744c8b,2,Propane Delivery,fuel,1,gal,48.31,29.95,48.31
Mesa Propane Service,Q_bb4a744c8b,3,Regulator / Hose,parts,2,each,24.15,14.97,48.3
Mesa Propane Service,Q_bb4a744c8b,4,Propane Delivery,fuel,2,gal,24.15,14.97,48.3
Mesa Propane Service,Q_bb4a744c8b,5,Regulator / Hose,parts,1,each,48.31,29.95,48.31
Mesa Propane Service,Q_12ac1848e3,1,Labor,labor,3,hr,77.59,48.11,232.77
Mesa Propane Service,Q_12ac1848e3,2,Labor,labor,1,hr,232.77,144.32,232.77
Mesa Propane Service,Q_12ac1848e3,3,Regulator / Hose,parts,1,each,232.78,144.32,232.78
Mesa Propane Service,Q_12ac1848e3,4,Regulator / Hose,parts,1,each,232.77,144.32,232.77
Mesa Propane Service,Q_5ed5fd689b,1,Propane Delivery,fuel,1,gal,177.82,110.25,177.82
Mesa Propane Service,Q_5ed5fd689b,2,Labor,labor,2,hr,88.91,55.12,177.82
Mesa Propane Service,Q_15d9ccd00b,1,Service Call,service,1,each,185.27,114.87,185.27
Mesa Propane Service,Q_15d9ccd00b,2,Tank Rental,rental,1,month,185.27,114.87,185.27
Mesa Propane Service,Q_15d9ccd00b,3,Labor,labor,1,hr,185.28,114.87,185.28
Mesa Propane Service,Q_15d9ccd00b,4,Labor,labor,2,hr,92.64,57.44,185.28
Mesa Propane Service,Q_d2747c3c28,1,Tank Rental,rental,1,month,141.94,88.0,141.94
Mesa Propane Service,Q_d2747c3c28,2,Regulator / Hose,parts,1,each,141.94,88.0,141.94
Mesa Propane Service,Q_d2747c3c28,3,Propane Delivery,fuel,2,gal,70.97,44.0,141.94
Mesa Propane Service,Q_d2747c3c28,4,Regulator / Hose,parts,1,each,141.95,88.01,141.95
Mesa Propane Service,Q_d2747c3c28,5,Labor,labor,3,hr,47.32,29.34,141.96
Mesa Propane Service,Q_2e5c639c88,1,Tank Rental,rental,1,month,79.04,49.0,79.04
Mesa Propane Service,Q_2e5c639c88,2,Propane Delivery,fuel,1,gal,79.04,49.0,79.04
Mesa Propane Service,Q_2e5c639c88,3,Regulator / Hose,parts,1,each,79.04,49.0,79.04
Mesa Propane Service,Q_2e5c639c88,4,Labor,labor,3,hr,26.35,16.34,79.05
Mesa Propane Service,Q_2e5c639c88,5,Labor,labor,2,hr,39.51,24.5,79.02
Mesa Propane Service,Q_beec314c3c,1,Tank Rental,rental,1,month,126.11,78.19,126.11
Mesa Propane Service,Q_beec314c3c,2,Labor,labor,3,hr,42.04,26.06,126.12
Mesa Propane Service,Q_beec314c3c,3,Tank Rental,rental,1,month,126.1,78.18,126.1
Mesa Propane Service,Q_beec314c3c,4,Propane Delivery,fuel,1,gal,126.1,78.18,126.1
Mesa Propane Service,Q_c2fe299c00,1,Service Call,service,1,each,169.23,104.92,169.23
Mesa Propane Service,Q_c2fe299c00,2,Regulator / Hose,parts,1,each,169.23,104.92,169.23
Mesa Propane Service,Q_c2fe299c00,3,Regulator / Hose,parts,1,each,169.23,104.92,169.23
Mesa Propane Service,Q_40dae811cb,1,Regulator / Hose,parts,2,each,136.59,84.69,273.18
Mesa Propane Service,Q_40dae811cb,2,Labor,labor,3,hr,91.06,56.46,273.18
Mesa Propane Service,Q_5697d2c008,1,Labor,labor,2,hr,20.08,12.45,40.16
Mesa Propane Service,Q_5697d2c008,2,Labor,labor,1,hr,40.15,24.89,40.15
Mesa Propane Service,Q_5697d2c008,3,Labor,labor,1,hr,40.15,24.89,40.15
Mesa Propane Service,Q_5697d2c008,4,Service Call,service,1,each,40.15,24.89,40.15
Mesa Propane Service,Q_5697d2c008,5,Regulator / Hose,parts,3,each,13.38,8.3,40.14
Mesa Propane Service,Q_fa8e6cd735,1,Tank Rental,rental,1,month,92.46,57.33,92.46
Mesa Propane Service,Q_fa8e6cd735,2,Regulator / Hose,parts,1,each,92.46,57.33,92.46
Mesa Propane Service,Q_fa8e6cd735,3,Service Call,service,2,each,46.23,28.66,92.46
Mesa Propane Service,Q_fa8e6cd735,4,Labor,labor,3,hr,30.82,19.11,92.46
Mesa Propane Service,Q_fa8e6cd735,5,Tank Rental,rental,3,month,30.82,19.11,92.46
Mesa Propane Service,Q_35eafa304b,1,Service Call,service,1,each,52.49,32.54,52.49
Mesa Propane Service,Q_35eafa304b,2,Labor,labor,3,hr,17.5,10.85,52.5
Mesa Propane Service,Q_35eafa304b,3,Tank Rental,rental,1,month,52.48,32.54,52.48
Mesa Propane Service,Q_35eafa304b,4,Tank Rental,rental,3,month,17.5,10.85,52.5
Mesa Propane Service,Q_49133204ea,1,Regulator / Hose,parts,1,each,49.91,30.94,49.91
Mesa Propane Service,Q_49133204ea,2,Labor,labor,1,hr,49.91,30.94,49.91
Mesa Propane Service,Q_49133204ea,3,Propane Delivery,fuel,2,gal,24.95,15.47,49.9
Mesa Propane Service,Q_49133204ea,4,Service Call,service,1,each,49.91,30.94,49.91
Mesa Propane Service,Q_f2ce3c609a,1,Tank Rental,rental,1,month,236.09,146.38,236.09
Mesa Propane Service,Q_f2ce3c609a,2,Propane Delivery,fuel,1,gal,236.08,146.37,236.08
Mesa Propane Service,Q_f2ce3c609a,3,Service Call,service,3,each,78.69,48.79,236.07
Mesa Propane Service,Q_f2ce3c609a,4,Propane Delivery,fuel,1,gal,236.1,146.38,236.1
Mesa Propane Service,Q_6b4ae84f48,1,Propane Delivery,fuel,2,gal,97.24,60.29,194.48
Mesa Propane Service,Q_6b4ae84f48,2,Regulator / Hose,parts,2,each,97.24,60.29,194.48
Mesa Propane Service,Q_6b4ae84f48,3,Tank Rental,rental,3,month,64.83,40.19,194.49
Mesa Propane Service,Q_6b4ae84f48,4,Propane Delivery,fuel,1,gal,194.47,120.57,194.47
Mesa Propane Service,Q_09d3feac6a,1,Service Call,service,1,each,105.62,68.65,105.62
Mesa Propane Service,Q_09d3feac6a,2,Regulator / Hose,parts,1,each,105.62,68.65,105.62
Mesa Propane Service,Q_09d3feac6a,3,Propane Delivery,fuel,1,gal,105.62,68.65,105.62
Mesa Propane Service,Q_d794441238,1,Service Call,service,1,each,72.62,47.2,72.62
Mesa Propane Service,Q_d794441238,2,Labor,labor,1,hr,72.63,47.21,72.63
Mesa Propane Service,Q_d794441238,3,Propane Delivery,fuel,1,gal,72.62,47.2,72.62
Mesa Propane Service,Q_d794441238,4,Regulator / Hose,parts,1,each,72.63,47.21,72.63
Mesa Propane Service,Q_e79de2f1ff,1,Propane Delivery,fuel,1,gal,199.18,129.47,199.18
Mesa Propane Service,Q_e79de2f1ff,2,Labor,labor,1,hr,199.18,129.47,199.18
Mesa Propane Service,Q_e79de2f1ff,3,Service Call,service,3,each,66.39,43.15,199.17
Mesa Propane Service,Q_e79de2f1ff,4,Propane Delivery,fuel,3,gal,66.39,43.15,199.17
Mesa Propane Service,Q_4363fa9e93,1,Tank Rental,rental,1,month,169.06,109.89,169.06
Mesa Propane Service,Q_4363fa9e93,2,Tank Rental,rental,1,month,169.07,109.9,169.07
Mesa Propane Service,Q_4363fa9e93,3,Labor,labor,3,hr,56.35,36.63,169.05
Mesa Propane Service,Q_4363fa9e93,4,Regulator / Hose,parts,3,each,56.36,36.63,169.08
Mesa Propane Service,Q_5bdb542752,1,Regulator / Hose,parts,1,each,111.82,72.68,111.82
Mesa Propane Service,Q_5bdb542752,2,Labor,labor,3,hr,37.27,24.23,111.81
Mesa Propane Service,Q_5bdb542752,3,Service Call,service,1,each,111.82,72.68,111.82
Mesa Propane Service,Q_5bdb542752,4,Tank Rental,rental,2,month,55.91,36.34,111.82
Mesa Propane Service,Q_889cc50620,1,Labor,labor,3,hr,29.28,19.03,87.84
Mesa Propane Service,Q_889cc50620,2,Regulator / Hose,parts,2,each,43.92,28.55,87.84
Mesa Propane Service,Q_889cc50620,3,Propane Delivery,fuel,1,gal,87.83,57.09,87.83
Mesa Propane Service,Q_889cc50620,4,Service Call,service,1,each,87.83,57.09,87.83
Mesa Propane Service,Q_ca3e115200,1,Propane Delivery,fuel,1,gal,325.06,211.29,325.06
Mesa Propane Service,Q_ca3e115200,2,Service Call,service,2,each,162.53,105.64,325.06
Mesa Propane Service,Q_6bbacfc2b0,1,Propane Delivery,fuel,2,gal,146.6,95.29,293.2
Mesa Propane Service,Q_6bbacfc2b0,2,Tank Rental,rental,1,month,293.2,190.58,293.2
Mesa Propane Service,Q_6bbacfc2b0,3,Propane Delivery,fuel,1,gal,293.19,190.57,293.19
Mesa Propane Service,Q_e2074e8299,1,Regulator / Hose,parts,2,each,37.89,24.63,75.78
Mesa Propane Service,Q_e2074e8299,2,Regulator / Hose,parts,1,each,75.79,49.26,75.79
Mesa Propane Service,Q_e2074e8299,3,Propane Delivery,fuel,2,gal,37.89,24.63,75.78
Mesa Propane Service,Q_e2074e8299,4,Propane Delivery,fuel,3,gal,25.26,16.42,75.78
Mesa Propane Service,Q_e2074e8299,5,Propane Delivery,fuel,3,gal,25.27,16.43,75.81
Mesa Propane Service,Q_3f90915b88,1,Labor,labor,1,hr,103.05,66.98,103.05
Mesa Propane Service,Q_3f90915b88,2,Tank Rental,rental,2,month,51.52,33.49,103.04
Mesa Propane Service,Q_3f90915b88,3,Regulator / Hose,parts,2,each,51.53,33.49,103.06
Mesa Propane Service,Q_3f90915b88,4,Propane Delivery,fuel,2,gal,51.52,33.49,103.04
Mesa Propane Service,Q_146b137f33,1,Tank Rental,rental,1,month,80.16,52.1,80.16
Mesa Propane Service,Q_146b137f33,2,Propane Delivery,fuel,3,gal,26.72,17.37,80.16
Mesa Propane Service,Q_146b137f33,3,Labor,labor,1,hr,80.16,52.1,80.16
Mesa Propane Service,Q_717a33320f,1,Tank Rental,rental,1,month,189.86,123.41,189.86
Mesa Propane Service,Q_717a33320f,2,Regulator / Hose,parts,3,each,63.29,41.14,189.87
Mesa Propane Service,Q_717a33320f,3,Service Call,service,1,each,189.84,123.4,189.84
Mesa Propane Service,Q_f63364aed4,1,Labor,labor,2,hr,59.55,38.71,119.1
Mesa Propane Service,Q_f63364aed4,2,Labor,labor,1,hr,119.12,77.43,119.12
Mesa Propane Service,Q_d7772e8dee,1,Service Call,service,1,each,118.55,77.06,118.55
Mesa Propane Service,Q_d7772e8dee,2,Tank Rental,rental,3,month,39.52,25.69,118.56
Mesa Propane Service,Q_d7772e8dee,3,Propane Delivery,fuel,1,gal,118.54,77.05,118.54
Mesa Propane Service,Q_6490231d43,1,Tank Rental,rental,2,month,45.46,29.55,90.92
Mesa Propane Service,Q_6490231d43,2,Service Call,service,1,each,90.93,59.1,90.93
Mesa Propane Service,Q_6490231d43,3,Tank Rental,rental,1,month,90.92,59.1,90.92
Mesa Propane Service,Q_6490231d43,4,Service Call,service,2,each,45.46,29.55,90.92
Mesa Propane Service,Q_26e119393d,1,Tank Rental,rental,1,month,109.28,71.03,109.28
Mesa Propane Service,Q_26e119393d,2,Regulator / Hose,parts,3,each,36.43,23.68,109.29
Mesa Propane Service,Q_26e119393d,3,Propane Delivery,fuel,1,gal,109.27,71.03,109.27
Mesa Propane Service,Q_26e119393d,4,Labor,labor,1,hr,109.27,71.03,109.27
Mesa Propane Service,Q_26e119393d,5,Tank Rental,rental,1,month,109.27,71.03,109.27
Mesa Propane Service,Q_e118290614,1,Labor,labor,3,hr,36.88,23.97,110.64
Mesa Propane Service,Q_e118290614,2,Regulator / Hose,parts,3,each,36.88,23.97,110.64
Mesa Propane Service,Q_5178a57614,1,Service Call,service,3,each,32.51,21.13,97.53
Mesa Propane Service,Q_5178a57614,2,Tank Rental,rental,1,month,97.53,63.39,97.53
Mesa Propane Service,Q_5178a57614,3,Regulator / Hose,parts,3,each,32.51,21.13,97.53
Mesa Propane Service,Q_5178a57614,4,Labor,labor,1,hr,97.53,63.39,97.53
Mesa Propane Service,Q_5178a57614,5,Regulator / Hose,parts,1,each,97.52,63.39,97.52
Mesa Propane Service,Q_f976bc1e87,1,Service Call,service,3,each,105.11,68.32,315.33
Mesa Propane Service,Q_f976bc1e87,2,Labor,labor,1,hr,315.32,204.96,315.32
Mesa Propane Service,Q_f976bc1e87,3,Regulator / Hose,parts,1,each,315.32,204.96,315.32
Mesa Propane Service,Q_bd24aa5d6b,1,Service Call,service,3,each,141.39,91.9,424.17
Mesa Propane Service,Q_bd24aa5d6b,2,Tank Rental,rental,2,month,212.08,137.85,424.16
Mesa Propane Service,Q_585cead6dd,1,Tank Rental,rental,3,month,28.33,18.41,84.99
Mesa Propane Service,Q_585cead6dd,2,Labor,labor,3,hr,28.33,18.41,84.99
Mesa Propane Service,Q_585cead6dd,3,Service Call,service,2,each,42.49,27.62,84.98
Mesa Propane Service,Q_585cead6dd,4,Regulator / Hose,parts,1,each,84.97,55.23,84.97
Mesa Propane Service,Q_cb21d13c67,1,Regulator / Hose,parts,2,each,25.95,16.87,51.9
Mesa Propane Service,Q_cb21d13c67,2,Labor,labor,1,hr,51.89,33.73,51.89
Mesa Propane Service,Q_cb21d13c67,3,Labor,labor,1,hr,51.88,33.72,51.88
Mesa Propane Service,Q_cb21d13c67,4,Regulator / Hose,parts,1,each,51.89,33.73,51.89
Mesa Propane Service,Q_a06b11afe2,1,Tank Rental,rental,3,month,22.68,14.74,68.04
Mesa Propane Service,Q_a06b11afe2,2,Propane Delivery,fuel,1,gal,68.05,44.23,68.05
Mesa Propane Service,Q_a06b11afe2,3,Regulator / Hose,parts,1,each,68.05,44.23,68.05
Mesa Propane Service,Q_4cd2e8e646,1,Labor,labor,1,hr,182.39,118.55,182.39
Mesa Propane Service,Q_4cd2e8e646,2,Regulator / Hose,parts,1,each,182.38,118.55,182.38
Mesa Propane Service,Q_4cd2e8e646,3,Service Call,service,1,each,182.39,118.55,182.39
Mesa Propane Service,Q_111c55f01e,1,Tank Rental,rental,1,month,70.0,45.5,70.0
Mesa Propane Service,Q_111c55f01e,2,Labor,labor,2,hr,35.0,22.75,70.0
Mesa Propane Service,Q_111c55f01e,3,Labor,labor,3,hr,23.34,15.17,70.02
Mesa Propane Service,Q_472d6a449c,1,Labor,labor,2,hr,63.59,41.33,127.18
Mesa Propane Service,Q_472d6a449c,2,Regulator / Hose,parts,1,each,127.17,82.66,127.17
Mesa Propane Service,Q_472d6a449c,3,Service Call,service,2,each,63.59,41.33,127.18
Mesa Propane Service,Q_472d6a449c,4,Labor,labor,1,hr,127.17,82.66,127.17
Mesa Propane Service,Q_472d6a449c,5,Labor,labor,1,hr,127.17,82.66,127.17
Mesa Propane Service,Q_248c701943,1,Service Call,service,2,each,127.8,83.07,255.6
Mesa Propane Service,Q_248c701943,2,Regulator / Hose,parts,1,each,255.61,166.15,255.61
Mesa Propane Service,Q_b5937e7d43,1,Service Call,service,2,each,168.61,109.6,337.22
Mesa Propane Service,Q_b5937e7d43,2,Labor,labor,3,hr,112.41,73.07,337.23
Mesa Propane Service,Q_bad79cc4c3,1,Labor,labor,3,hr,27.83,18.09,83.49
Mesa Propane Service,Q_bad79cc4c3,2,Propane Delivery,fuel,2,gal,41.74,27.13,83.48
Mesa Propane Service,Q_bad79cc4c3,3,Labor,labor,2,hr,41.75,27.14,83.5
Mesa Propane Service,Q_8934b43a1a,1,Tank Rental,rental,3,month,29.1,18.92,87.3
Mesa Propane Service,Q_8934b43a1a,2,Labor,labor,1,hr,87.28,56.73,87.28
Mesa Propane Service,Q_8934b43a1a,3,Regulator / Hose,parts,1,each,87.29,56.74,87.29
Mesa Propane Service,Q_8934b43a1a,4,Tank Rental,rental,2,month,43.64,28.37,87.28
Mesa Propane Service,Q_8934b43a1a,5,Service Call,service,1,each,87.29,56.74,87.29
Mesa Propane Service,Q_34712fdff7,1,Propane Delivery,fuel,3,gal,93.8,60.97,281.4
Mesa Propane Service,Q_34712fdff7,2,Labor,labor,1,hr,281.42,182.92,281.42
Mesa Propane Service,Q_40172ea52d,1,Service Call,service,2,each,170.86,111.06,341.72
Mesa Propane Service,Q_40172ea52d,2,Labor,labor,1,hr,341.71,222.11,341.71
Mesa Propane Service,Q_c67e75a1c6,1,Labor,labor,3,hr,21.21,13.79,63.63
Mesa Propane Service,Q_c67e75a1c6,2,Regulator / Hose,parts,1,each,63.63,41.36,63.63
Mesa Propane Service,Q_c67e75a1c6,3,Tank Rental,rental,3,month,21.21,13.79,63.63
Mesa Propane Service,Q_c67e75a1c6,4,Labor,labor,2,hr,31.81,20.68,63.62
Mesa Propane Service,Q_c67e75a1c6,5,Tank Rental,rental,1,month,63.63,41.36,63.63
Mesa Propane Service,Q_5f2bba945a,1,Regulator / Hose,parts,1,each,136.25,88.56,136.25
Mesa Propane Service,Q_5f2bba945a,2,Propane Delivery,fuel,1,gal,136.25,88.56,136.25
Mesa Propane Service,Q_5f2bba945a,3,Labor,labor,2,hr,68.13,44.28,136.26
Mesa Propane Service,Q_a322c2a77f,1,Propane Delivery,fuel,1,gal,156.01,101.41,156.01
Mesa Propane Service,Q_a322c2a77f,2,Regulator / Hose,parts,3,each,52.01,33.81,156.03
Mesa Propane Service,Q_31b437de6f,1,Labor,labor,1,hr,165.74,107.73,165.74
Mesa Propane Service,Q_31b437de6f,2,Regulator / Hose,parts,2,each,82.87,53.87,165.74
Mesa Propane Service,Q_49e34c3e92,1,Service Call,service,2,each,71.22,46.29,142.44
Mesa Propane Service,Q_49e34c3e92,2,Regulator / Hose,parts,1,each,142.42,92.57,142.42
Mesa Propane Service,Q_b09b5ee9a7,1,Labor,labor,1,hr,157.47,102.36,157.47
Mesa Propane Service,Q_b09b5ee9a7,2,Propane Delivery,fuel,1,gal,157.46,102.35,157.46
Mesa Propane Service,Q_b09b5ee9a7,3,Service Call,service,1,each,157.47,102.36,157.47
Mesa Propane Service,Q_c6af647c7b,1,Labor,labor,1,hr,242.17,157.41,242.17
Mesa Propane Service,Q_c6af647c7b,2,Propane Delivery,fuel,1,gal,242.17,157.41,242.17
Mesa Propane Service,Q_c6af647c7b,3,Labor,labor,1,hr,242.16,157.4,242.16
Mesa Propane Service,Q_05ca0c2534,1,Regulator / Hose,parts,3,each,48.83,31.74,146.49
Mesa Propane Service,Q_05ca0c2534,2,Propane Delivery,fuel,1,gal,146.48,95.21,146.48
Mesa Propane Service,Q_05ca0c2534,3,Service Call,service,2,each,73.24,47.61,146.48
Mesa Propane Service,Q_05ca0c2534,4,Labor,labor,1,hr,146.49,95.22,146.49
Mesa Propane Service,Q_05ca0c2534,5,Labor,labor,1,hr,146.49,95.22,146.49
Mesa Propane Service,Q_1221c094a0,1,Labor,labor,3,hr,19.27,12.53,57.81
Mesa Propane Service,Q_1221c094a0,2,Tank Rental,rental,2,month,28.91,18.79,57.82
Mesa Propane Service,Q_1221c094a0,3,Regulator / Hose,parts,3,each,19.27,12.53,57.81
Mesa Propane Service,Q_1221c094a0,4,Regulator / Hose,parts,1,each,57.82,37.58,57.82
Mesa Propane Service,Q_1730cad6c8,1,Regulator / Hose,parts,1,each,414.98,269.74,414.98
Mesa Propane Service,Q_1730cad6c8,2,Service Call,service,1,each,414.98,269.74,414.98
Mesa Propane Service,Q_8517d52fb0,1,Propane Delivery,fuel,2,gal,36.16,23.5,72.32
Mesa Propane Service,Q_8517d52fb0,2,Tank Rental,rental,1,month,72.32,47.01,72.32
Mesa Propane Service,Q_8517d52fb0,3,Labor,labor,1,hr,72.33,47.01,72.33
Mesa Propane Service,Q_8517d52fb0,4,Regulator / Hose,parts,1,each,72.32,47.01,72.32
Mesa Propane Service,Q_33471d09bf,1,Service Call,service,1,each,151.59,98.53,151.59
Mesa Propane Service,Q_33471d09bf,2,Tank Rental,rental,1,month,151.59,98.53,151.59
Mesa Propane Service,Q_33471d09bf,3,Service Call,service,1,each,151.6,98.54,151.6
Mesa Propane Service,Q_f17fb33228,1,Labor,labor,1,hr,50.69,32.95,50.69
Mesa Propane Service,Q_f17fb33228,2,Labor,labor,1,hr,50.69,32.95,50.69
Mesa Propane Service,Q_f17fb33228,3,Regulator / Hose,parts,1,each,50.69,32.95,50.69
Mesa Propane Service,Q_f17fb33228,4,Labor,labor,1,hr,50.69,32.95,50.69
Mesa Propane Service,Q_f17fb33228,5,Regulator / Hose,parts,3,each,16.89,10.98,50.67
Mesa Propane Service,Q_0936158951,1,Propane Delivery,fuel,3,gal,64.66,42.03,193.98
Mesa Propane Service,Q_0936158951,2,Regulator / Hose,parts,2,each,96.99,63.04,193.98
Mesa Propane Service,Q_0936158951,3,Labor,labor,1,hr,193.99,126.09,193.99
Mesa Propane Service,Q_91633b8f2b,1,Tank Rental,rental,1,month,83.11,54.02,83.11
Mesa Propane Service,Q_91633b8f2b,2,Propane Delivery,fuel,1,gal,83.11,54.02,83.11
Mesa Propane Service,Q_91633b8f2b,3,Regulator / Hose,parts,3,each,27.71,18.01,83.13
Mesa Propane Service,Q_91633b8f2b,4,Propane Delivery,fuel,1,gal,83.11,54.02,83.11
Mesa Propane Service,Q_91633b8f2b,5,Tank Rental,rental,3,month,27.7,18.0,83.1
Mesa Propane Service,Q_9d7276c1d5,1,Tank Rental,rental,1,month,84.13,54.68,84.13
Mesa Propane Service,Q_9d7276c1d5,2,Regulator / Hose,parts,2,each,42.06,27.34,84.12
Mesa Propane Service,Q_9d7276c1d5,3,Service Call,service,2,each,42.07,27.35,84.14
Mesa Propane Service,Q_9d7276c1d5,4,Tank Rental,rental,1,month,84.13,54.68,84.13
Mesa Propane Service,Q_76e4c74b41,1,Labor,labor,1,hr,180.77,117.5,180.77
Mesa Propane Service,Q_76e4c74b41,2,Propane Delivery,fuel,1,gal,180.76,117.49,180.76
Mesa Propane Service,Q_76e4c74b41,3,Service Call,service,3,each,60.26,39.17,180.78
Mesa Propane Service,Q_1d40ef7574,1,Regulator / Hose,parts,2,each,53.92,35.05,107.84
Mesa Propane Service,Q_1d40ef7574,2,Service Call,service,3,each,35.95,23.37,107.85
Mesa Propane Service,Q_1d40ef7574,3,Labor,labor,1,hr,107.82,70.08,107.82
Mesa Propane Service,Q_f6e2c55da1,1,Regulator / Hose,parts,1,each,397.33,258.26,397.33
Mesa Propane Service,Q_f6e2c55da1,2,Service Call,service,1,each,397.33,258.26,397.33
Mesa Propane Service,Q_df2ebe8705,1,Tank Rental,rental,1,month,77.29,50.24,77.29
Mesa Propane Service,Q_df2ebe8705,2,Tank Rental,rental,1,month,77.29,50.24,77.29
Mesa Propane Service,Q_df2ebe8705,3,Labor,labor,3,hr,25.76,16.74,77.28
Mesa Propane Service,Q_df2ebe8705,4,Tank Rental,rental,1,month,77.29,50.24,77.29
Mesa Propane Service,Q_df2ebe8705,5,Propane Delivery,fuel,2,gal,38.64,25.12,77.28
Mesa Propane Service,Q_034140501b,1,Tank Rental,rental,3,month,16.16,10.5,48.48
Mesa Propane Service,Q_034140501b,2,Regulator / Hose,parts,2,each,24.23,15.75,48.46
Mesa Propane Service,Q_034140501b,3,Propane Delivery,fuel,2,gal,24.23,15.75,48.46
Mesa Propane Service,Q_034140501b,4,Labor,labor,1,hr,48.48,31.51,48.48
Mesa Propane Service,Q_41b48d26f7,1,Service Call,service,1,each,286.84,186.45,286.84
Mesa Propane Service,Q_41b48d26f7,2,Service Call,service,1,each,286.84,186.45,286.84
Mesa Propane Service,Q_f79876e6e0,1,Labor,labor,3,hr,34.78,22.61,104.34
Mesa Propane Service,Q_f79876e6e0,2,Regulator / Hose,parts,2,each,52.17,33.91,104.34
Mesa Propane Service,Q_f79876e6e0,3,Service Call,service,1,each,104.35,67.83,104.35
Mesa Propane Service,Q_f79876e6e0,4,Propane Delivery,fuel,1,gal,104.36,67.83,104.36
Mesa Propane Service,Q_86ab02e20e,1,Regulator / Hose,parts,1,each,123.48,80.26,123.48
Mesa Propane Service,Q_86ab02e20e,2,Propane Delivery,fuel,1,gal,123.48,80.26,123.48
Mesa Propane Service,Q_86ab02e20e,3,Regulator / Hose,parts,3,each,41.16,26.75,123.48
Mesa Propane Service,Q_44a0db618d,1,Propane Delivery,fuel,2,gal,81.2,52.78,162.4
Mesa Propane Service,Q_44a0db618d,2,Tank Rental,rental,1,month,162.42,105.57,162.42
Mesa Propane Service,Q_44a0db618d,3,Service Call,service,1,each,162.41,105.57,162.41
Mesa Propane Service,Q_2c31756eb7,1,Regulator / Hose,parts,2,each,67.21,43.69,134.42
Mesa Propane Service,Q_2c31756eb7,2,Labor,labor,1,hr,134.42,87.37,134.42
Mesa Propane Service,Q_2c31756eb7,3,Labor,labor,2,hr,67.21,43.69,134.42
Mesa Propane Service,Q_2c31756eb7,4,Service Call,service,3,each,44.8,29.12,134.4
