JobID,QuoteID,CustomerID,JobType,Status
8000,5001,1001,Maintenance/Tune-up,Completed
8001,5002,1002,Maintenance/Tune-up,Completed
8002,5003,1003,Maintenance/Tune-up,Completed
8003,5005,1005,Maintenance/Tune-up,Completed
8004,5006,1006,Heating Repair,Completed
8005,5007,1007,Maintenance/Tune-up,Completed
8006,5008,1008,Maintenance/Tune-up,Completed
8007,5009,1009,Heating Repair,Completed
8008,5011,1011,Maintenance/Tune-up,Completed
8009,5012,1012,Maintenance/Tune-up,Completed
8010,5013,1013,Heating Repair,Completed
8011,5014,1014,Heating Repair,Completed
8012,5016,1016,Maintenance/Tune-up,Completed
8013,5017,1017,Heating Repair,Completed
8014,5018,1018,Heating Repair,Completed
8015,5019,1019,Heating Repair,Completed
8016,5020,1020,Heating Repair,Completed
8017,5021,1021,Maintenance/Tune-up,Completed
8018,5022,1022,Heating Repair,Completed
8019,5023,1023,Maintenance/Tune-up,Completed
8020,5024,1024,Heating Repair,Completed
8021,5025,1025,Maintenance/Tune-up,Completed
8022,5026,1026,Heating Repair,Completed
8023,5027,1027,Heating Repair,Completed
8024,5029,1029,Heating Repair,Completed
8025,5030,1030,Maintenance/Tune-up,Completed
8026,5031,1031,Maintenance/Tune-up,Completed
8027,5033,1033,Heat Pump Install,Completed
8028,5034,1034,Maintenance/Tune-up,Completed
8029,5035,1035,Heating Repair,Completed
8030,5037,1037,Heat Pump Install,Completed
8031,5039,1039,Maintenance/Tune-up,Completed
8032,5040,1040,Maintenance/Tune-up,Completed
8033,5041,1041,Heating Repair,Completed
8034,5042,1042,Maintenance/Tune-up,Completed
8035,5043,1043,Heat Pump Install,Completed
8036,5044,1044,Heat Pump Install,Completed
8037,5045,1045,Heat Pump Install,Completed
8038,5047,1047,Heating Repair,Completed
8039,5048,1048,Heating Repair,Completed
8040,5049,1049,Maintenance/Tune-up,Completed
8041,5050,1050,Maintenance/Tune-up,Completed
8042,5052,1052,Maintenance/Tune-up,Completed
8043,5054,1054,Heating Repair,Completed
8044,5055,1055,Maintenance/Tune-up,Completed
8045,5056,1056,Maintenance/Tune-up,Completed
8046,5057,1057,Heating Repair,Completed
8047,5059,1059,Maintenance/Tune-up,Completed
8048,5060,1060,Heat Pump Install,Completed
8049,5061,1061,Heating Repair,Completed
8050,5062,1062,Maintenance/Tune-up,Completed
8051,5063,1063,Maintenance/Tune-up,Completed
8052,5064,1064,Maintenance/Tune-up,Completed
8053,5065,1065,Heating Repair,Completed
8054,5068,1068,Maintenance/Tune-up,Completed
8055,5069,1069,Maintenance/Tune-up,Completed
8056,5070,1070,Heating Repair,Completed
8057,5072,1072,Heating Repair,Completed
8058,5073,1073,Maintenance/Tune-up,Completed
8059,5074,1074,Heating Repair,Completed
8060,5077,1077,Maintenance/Tune-up,Completed
8061,5079,1079,Maintenance/Tune-up,Completed
8062,5081,1081,Heat Pump Install,Completed
8063,5082,1082,Heating Repair,Completed
8064,5084,1084,Heating Repair,Completed
8065,5085,1085,Heat Pump Install,Completed
8066,5086,1086,Heating Repair,Completed
8067,5088,1088,Maintenance/Tune-up,Completed
8068,5090,1090,Heating Repair,Completed
8069,5091,1091,Heating Repair,Completed
8070,5092,1092,Heating Repair,Completed
8071,5093,1093,Heat Pump Install,Completed
8072,5095,1095,Heat Pump Install,Completed
8073,5096,1096,Maintenance/Tune-up,Completed
8074,5100,1100,Maintenance/Tune-up,Completed
8075,5101,1101,Heat Pump Install,Completed
8076,5102,1102,Heating Repair,Completed
8077,5103,1103,Heating Repair,Completed
8078,5104,1104,Heat Pump Install,Completed
8079,5105,1105,Maintenance/Tune-up,Completed
8080,5108,1108,Maintenance/Tune-up,Completed
8081,5109,1109,Heating Repair,Completed
8082,5111,1111,Maintenance/Tune-up,Completed
8083,5112,1112,Maintenance/Tune-up,Completed
8084,5113,1113,Maintenance/Tune-up,Completed
8085,5115,1115,Maintenance/Tune-up,Completed
8086,5116,1116,Heating Repair,Completed
8087,5117,1117,Heating Repair,Completed
8088,5118,1118,Maintenance/Tune-up,Completed
8089,5119,1119,Maintenance/Tune-up,Completed
8090,5120,1120,Maintenance/Tune-up,Completed
8091,5121,1121,Maintenance/Tune-up,Completed
8092,5122,1122,Maintenance/Tune-up,Completed
8093,5123,1123,Maintenance/Tune-up,Completed
8094,5124,1124,AC Installation,Completed
8095,5125,1125,Maintenance/Tune-up,Completed
8096,5126,1126,Maintenance/Tune-up,Completed
8097,5127,1127,Air Quality Install,Completed
8098,5129,1129,Maintenance/Tune-up,Completed
8099,5131,1131,Maintenance/Tune-up,Completed
8100,5132,1132,Maintenance/Tune-up,Completed
8101,5133,1133,Maintenance/Tune-up,Completed
8102,5134,1134,Maintenance/Tune-up,Completed
8103,5135,1135,Maintenance/Tune-up,Completed
8104,5136,1136,AC Installation,Completed
8105,5138,1138,Maintenance/Tune-up,Completed
8106,5139,1139,AC Installation,Completed
8107,5141,1141,Air Quality Install,Completed
8108,5142,1142,Maintenance/Tune-up,Completed
8109,5143,1143,Maintenance/Tune-up,Completed
8110,5144,1144,AC Installation,Completed
8111,5146,1146,Maintenance/Tune-up,Completed
8112,5147,1147,Maintenance/Tune-up,Completed
8113,5148,1148,Maintenance/Tune-up,Completed
8114,5149,1149,Maintenance/Tune-up,Completed
8115,5151,1151,Maintenance/Tune-up,Completed
8116,5152,1152,Maintenance/Tune-up,Completed
8117,5153,1153,AC Installation,Completed
8118,5155,1155,Maintenance/Tune-up,Completed
8119,5156,1156,AC Installation,Completed
8120,5157,1157,Maintenance/Tune-up,Completed
8121,5158,1158,Air Quality Install,Completed
8122,5159,1159,Air Quality Install,Completed
8123,5160,1160,Maintenance/Tune-up,Completed
8124,5161,1161,AC Installation,Completed
8125,5162,1162,Air Quality Install,Completed
8126,5163,1163,AC Installation,Completed
8127,5164,1164,AC Installation,Completed
8128,5165,1165,AC Installation,Completed
8129,5167,1167,AC Installation,Completed
8130,5168,1168,AC Installation,Completed
8131,5169,1169,AC Installation,Completed
8132,5170,1170,AC Installation,Completed
8133,5171,1171,Maintenance/Tune-up,Completed
8134,5172,1172,Air Quality Install,Completed
8135,5173,1173,Maintenance/Tune-up,Completed
8136,5174,1174,Air Quality Install,Completed
8137,5175,1175,Maintenance/Tune-up,Completed
8138,5177,1177,Air Quality Install,Completed
8139,5178,1178,Maintenance/Tune-up,Completed
8140,5179,1179,Maintenance/Tune-up,Completed
8141,5180,1180,AC Installation,Completed
8142,5181,1181,AC Installation,Completed
8143,5182,1182,Air Quality Install,Completed
8144,5184,1184,AC Installation,Completed
8145,5185,1185,Maintenance/Tune-up,Completed
8146,5187,1187,AC Installation,Completed
8147,5188,1188,AC Installation,Completed
8148,5189,1189,Maintenance/Tune-up,Completed
8149,5191,1191,Maintenance/Tune-up,Completed
8150,5192,1192,Maintenance/Tune-up,Completed
8151,5193,1193,Maintenance/Tune-up,Completed
8152,5195,1195,Maintenance/Tune-up,Completed
8153,5196,1196,AC Installation,Completed
8154,5198,1198,Maintenance/Tune-up,Completed
8155,5199,1199,Maintenance/Tune-up,Completed
8156,5200,1200,Maintenance/Tune-up,Completed
8157,5201,1201,Maintenance/Tune-up,Completed
8158,5202,1202,Maintenance/Tune-up,Completed
8159,5203,1203,AC Installation,Completed
8160,5204,1204,Maintenance/Tune-up,Completed
8161,5205,1205,Maintenance/Tune-up,Completed
8162,5206,1206,Maintenance/Tune-up,Completed
8163,5207,1207,Maintenance/Tune-up,Completed
8164,5208,1208,Maintenance/Tune-up,Completed
8165,5209,1209,AC Installation,Completed
8166,5210,1210,Maintenance/Tune-up,Completed
8167,5212,1212,Maintenance/Tune-up,Completed
8168,5213,1213,Maintenance/Tune-up,Completed
8169,5214,1214,Maintenance/Tune-up,Completed
8170,5215,1215,Maintenance/Tune-up,Completed
8171,5216,1216,AC Installation,Completed
8172,5217,1217,Maintenance/Tune-up,Completed
8173,5218,1218,Maintenance/Tune-up,Completed
8174,5219,1219,Maintenance/Tune-up,Completed
8175,5220,1220,Maintenance/Tune-up,Completed
8176,5221,1221,Maintenance/Tune-up,Completed
8177,5222,1222,AC Installation,Completed
8178,5225,1225,Maintenance/Tune-up,Completed
8179,5228,1228,Maintenance/Tune-up,Completed
8180,5230,1230,AC Installation,Completed
8181,5231,1231,AC Installation,Completed
8182,5234,1234,AC Installation,Completed
8183,5236,1236,Maintenance/Tune-up,Completed
8184,5239,1239,AC Installation,Completed
8185,5240,1240,Maintenance/Tune-up,Completed
8186,5241,1241,Maintenance/Tune-up,Completed
8187,5242,1242,Maintenance/Tune-up,Completed
8188,5243,1243,Air Quality Install,Completed
8189,5244,1244,Maintenance/Tune-up,Completed
8190,5245,1245,AC Installation,Completed
8191,5247,1247,Maintenance/Tune-up,Completed
8192,5249,1249,Maintenance/Tune-up,Completed
8193,5252,1252,AC Installation,Completed
8194,5253,1253,AC Installation,Completed
8195,5254,1254,Maintenance/Tune-up,Completed
8196,5255,1255,Maintenance/Tune-up,Completed
8197,5256,1256,AC Installation,Completed
8198,5257,1257,Maintenance/Tune-up,Completed
8199,5258,1258,Maintenance/Tune-up,Completed
8200,5259,1259,AC Installation,Completed
8201,5260,1260,Maintenance/Tune-up,Completed
8202,5261,1261,Maintenance/Tune-up,Completed
8203,5262,1262,AC Installation,Completed
8204,5263,1263,Maintenance/Tune-up,Completed
8205,5264,1264,Maintenance/Tune-up,Completed
8206,5265,1265,AC Installation,Completed
8207,5271,1271,Maintenance/Tune-up,Completed
8208,5272,1272,Maintenance/Tune-up,Completed
8209,5273,1273,Maintenance/Tune-up,Completed
8210,5275,1275,AC Installation,Completed
8211,5276,1276,Maintenance/Tune-up,Completed
8212,5277,1277,Air Quality Install,Completed
8213,5278,1278,Maintenance/Tune-up,Completed
8214,5279,1279,Maintenance/Tune-up,Completed
8215,5280,1280,Air Quality Install,Completed
8216,5281,1281,AC Installation,Completed
8217,5282,1282,Maintenance/Tune-up,Completed
8218,5283,1283,Maintenance/Tune-up,Completed
8219,5284,1284,Maintenance/Tune-up,Completed
8220,5285,1285,Air Quality Install,Completed
8221,5286,1286,Maintenance/Tune-up,Completed
8222,5287,1287,Maintenance/Tune-up,Completed
8223,5288,1288,Maintenance/Tune-up,Completed
8224,5289,1289,Maintenance/Tune-up,Completed
8225,5291,1291,Maintenance/Tune-up,Completed
8226,5292,1292,Maintenance/Tune-up,Completed
8227,5293,1293,AC Repair,Completed
8228,5294,1294,AC Repair,Completed
8229,5295,1295,AC Repair,Completed
8230,5297,1297,AC Repair,Completed
8231,5298,1298,Maintenance/Tune-up,Completed
8232,5301,1301,Maintenance/Tune-up,Completed
8233,5302,1302,AC Repair,Completed
8234,5304,1304,AC Repair,Completed
8235,5307,1307,AC Installation,Completed
8236,5308,1308,Maintenance/Tune-up,Completed
8237,5309,1309,AC Installation,Completed
8238,5310,1310,Maintenance/Tune-up,Completed
8239,5311,1311,Maintenance/Tune-up,Completed
8240,5313,1313,AC Repair,Completed
8241,5315,1315,AC Installation,Completed
8242,5316,1316,Maintenance/Tune-up,Completed
8243,5317,1317,AC Repair,Completed
8244,5318,1318,Maintenance/Tune-up,Completed
8245,5320,1320,AC Repair,Completed
8246,5324,1324,AC Installation,Completed
8247,5325,1325,AC Repair,Completed
8248,5327,1327,Maintenance/Tune-up,Completed
8249,5328,1328,AC Repair,Completed
8250,5330,1330,AC Repair,Completed
8251,5331,1331,Maintenance/Tune-up,Completed
8252,5332,1332,Maintenance/Tune-up,Completed
8253,5334,1334,AC Repair,Completed
8254,5335,1335,AC Repair,Completed
8255,5336,1336,AC Installation,Completed
8256,5339,1339,Maintenance/Tune-up,Completed
8257,5340,1340,AC Repair,Completed
8258,5341,1341,AC Repair,Completed
8259,5343,1343,AC Repair,Completed
8260,5344,1344,AC Repair,Completed
8261,5346,1346,AC Repair,Completed
8262,5347,1347,AC Repair,Completed
8263,5348,1348,Maintenance/Tune-up,Completed
8264,5349,1349,Maintenance/Tune-up,Completed
8265,5350,1350,AC Repair,Completed
8266,5353,1353,AC Repair,Completed
8267,5354,1354,AC Repair,Completed
8268,5355,1355,AC Repair,Completed
8269,5356,1356,AC Repair,Completed
8270,5357,1357,AC Repair,Completed
8271,5358,1358,Maintenance/Tune-up,Completed
8272,5359,1359,AC Repair,Completed
8273,5360,1360,Maintenance/Tune-up,Completed
8274,5361,1361,AC Repair,Completed
8275,5362,1362,AC Repair,Completed
8276,5364,1364,Maintenance/Tune-up,Completed
8277,5365,1365,AC Repair,Completed
8278,5366,1366,AC Repair,Completed
8279,5367,1367,Maintenance/Tune-up,Completed
8280,5368,1368,Maintenance/Tune-up,Completed
8281,5369,1369,AC Repair,Completed
8282,5371,1371,Maintenance/Tune-up,Completed
8283,5372,1372,Maintenance/Tune-up,Completed
8284,5373,1373,AC Repair,Completed
8285,5377,1377,AC Repair,Completed
8286,5378,1378,AC Repair,Completed
8287,5379,1379,AC Repair,Completed
8288,5380,1380,Maintenance/Tune-up,Completed
8289,5383,1383,Maintenance/Tune-up,Completed
8290,5384,1384,AC Repair,Completed
8291,5385,1385,AC Repair,Completed
8292,5386,1386,Maintenance/Tune-up,Completed
8293,5387,1387,Maintenance/Tune-up,Completed
8294,5389,1389,Maintenance/Tune-up,Completed
8295,5390,1390,Maintenance/Tune-up,Completed
8296,5391,1391,AC Repair,Completed
8297,5392,1392,AC Repair,Completed
8298,5396,1396,AC Repair,Completed
8299,5398,1398,Maintenance/Tune-up,Completed
8300,5400,1400,AC Repair,Completed
8301,5401,1401,AC Repair,Completed
8302,5402,1402,AC Repair,Completed
8303,5403,1403,AC Repair,Completed
8304,5404,1404,AC Repair,Completed
8305,5405,1405,Maintenance/Tune-up,Completed
8306,5406,1406,AC Repair,Completed
8307,5408,1408,Maintenance/Tune-up,Completed
8308,5409,1409,AC Repair,Completed
8309,5410,1410,AC Repair,Completed
8310,5411,1411,AC Repair,Completed
8311,5413,1413,AC Repair,Completed
8312,5416,1416,AC Repair,Completed
8313,5417,1417,Maintenance/Tune-up,Completed
8314,5419,1419,AC Repair,Completed
8315,5420,1420,Maintenance/Tune-up,Completed
8316,5421,1421,AC Installation,Completed
8317,5422,1422,AC Repair,Completed
8318,5423,1423,AC Repair,Completed
8319,5426,1426,AC Installation,Completed
8320,5427,1427,Maintenance/Tune-up,Completed
8321,5428,1428,AC Repair,Completed
8322,5429,1429,AC Repair,Completed
8323,5430,1430,AC Repair,Completed
8324,5431,1431,AC Repair,Completed
8325,5432,1432,AC Repair,Completed
8326,5434,1434,AC Repair,Completed
8327,5436,1436,Maintenance/Tune-up,Completed
8328,5437,1437,AC Repair,Completed
8329,5439,1439,AC Repair,Completed
8330,5442,1442,AC Repair,Completed
8331,5444,1444,AC Repair,Completed
8332,5445,1445,AC Installation,Completed
8333,5446,1446,Maintenance/Tune-up,Completed
8334,5447,1447,AC Repair,Completed
8335,5448,1448,AC Repair,Completed
8336,5450,1450,AC Repair,Completed
8337,5451,1451,AC Repair,Completed
8338,5454,1454,AC Repair,Completed
8339,5457,1457,Maintenance/Tune-up,Completed
8340,5458,1458,AC Repair,Completed
8341,5459,1459,AC Repair,Completed
8342,5462,1462,AC Installation,Completed
8343,5463,1463,AC Repair,Completed
8344,5466,1466,AC Repair,Completed
8345,5467,1467,AC Repair,Completed
8346,5468,1468,AC Repair,Completed
8347,5469,1469,Maintenance/Tune-up,Completed
8348,5472,1472,AC Repair,Completed
8349,5473,1473,AC Repair,Completed
8350,5474,1474,AC Repair,Completed
8351,5475,1475,Maintenance/Tune-up,Completed
8352,5476,1476,AC Installation,Completed
8353,5477,1477,AC Installation,Completed
8354,5478,1478,AC Repair,Completed
8355,5480,1480,AC Repair,Completed
8356,5481,1481,AC Repair,Completed
8357,5483,1483,AC Repair,Completed
8358,5484,1484,AC Repair,Completed
8359,5485,1485,AC Repair,Completed
8360,5486,1486,AC Repair,Completed
8361,5487,1487,AC Repair,Completed
8362,5490,1490,AC Repair,Completed
8363,5491,1491,Maintenance/Tune-up,Completed
8364,5492,1492,AC Repair,Completed
8365,5495,1495,AC Repair,Completed
8366,5496,1496,AC Repair,Completed
8367,5497,1497,Maintenance/Tune-up,Completed
8368,5498,1498,AC Repair,Completed
8369,5502,1502,Maintenance/Tune-up,Completed
8370,5503,1503,AC Installation,Completed
8371,5504,1504,Maintenance/Tune-up,Completed
8372,5505,1505,AC Installation,Completed
8373,5506,1506,AC Repair,Completed
8374,5507,1507,AC Repair,Completed
8375,5508,1508,Maintenance/Tune-up,Completed
8376,5509,1509,AC Repair,Completed
8377,5510,1510,Maintenance/Tune-up,Completed
8378,5511,1511,AC Repair,Completed
8379,5512,1512,Maintenance/Tune-up,Completed
8380,5513,1513,Maintenance/Tune-up,Completed
8381,5514,1514,AC Repair,Completed
8382,5515,1515,Maintenance/Tune-up,Completed
8383,5517,1517,AC Repair,Completed
8384,5518,1518,Maintenance/Tune-up,Completed
8385,5519,1519,AC Repair,Completed
8386,5521,1521,Maintenance/Tune-up,Completed
8387,5524,1524,AC Repair,Completed
8388,5525,1525,Maintenance/Tune-up,Completed
8389,5526,1526,Maintenance/Tune-up,Completed
8390,5527,1527,AC Repair,Completed
8391,5528,1528,Maintenance/Tune-up,Completed
8392,5530,1530,AC Installation,Completed
8393,5531,1531,AC Repair,Completed
8394,5532,1532,AC Repair,Completed
8395,5534,1534,AC Repair,Completed
8396,5539,1539,AC Repair,Completed
8397,5540,1540,Maintenance/Tune-up,Completed
8398,5541,1541,AC Repair,Completed
8399,5542,1542,AC Repair,Completed
8400,5543,1543,Maintenance/Tune-up,Completed
8401,5544,1544,AC Installation,Completed
8402,5547,1547,AC Repair,Completed
8403,5549,1549,AC Installation,Completed
8404,5550,1550,AC Repair,Completed
8405,5552,1552,Maintenance/Tune-up,Completed
8406,5553,1553,AC Repair,Completed
8407,5554,1554,AC Repair,Completed
8408,5555,1555,AC Repair,Completed
8409,5556,1556,AC Repair,Completed
8410,5559,1559,AC Repair,Completed
8411,5561,1561,Maintenance/Tune-up,Completed
8412,5563,1563,AC Repair,Completed
8413,5564,1564,AC Repair,Completed
8414,5566,1566,AC Repair,Completed
8415,5568,1568,AC Repair,Completed
8416,5570,1570,Maintenance/Tune-up,Completed
8417,5571,1571,AC Repair,Completed
8418,5573,1573,Maintenance/Tune-up,Completed
8419,5574,1574,AC Repair,Completed
8420,5575,1575,AC Installation,Completed
8421,5577,1577,Maintenance/Tune-up,Completed
8422,5578,1578,AC Repair,Completed
8423,5579,1579,AC Repair,Completed
8424,5580,1580,AC Repair,Completed
8425,5581,1581,AC Repair,Completed
8426,5582,1582,Maintenance/Tune-up,Completed
8427,5584,1584,Maintenance/Tune-up,Completed
8428,5585,1585,Maintenance/Tune-up,Completed
8429,5586,1586,AC Repair,Completed
8430,5587,1587,Maintenance/Tune-up,Completed
8431,5588,1588,AC Installation,Completed
8432,5589,1589,Maintenance/Tune-up,Completed
8433,5590,1590,AC Repair,Completed
8434,5592,1592,Maintenance/Tune-up,Completed
8435,5593,1593,Maintenance/Tune-up,Completed
8436,5594,1594,AC Repair,Completed
8437,5595,1595,Maintenance/Tune-up,Completed
8438,5596,1596,AC Repair,Completed
8439,5597,1597,Maintenance/Tune-up,Completed
8440,5598,1598,AC Installation,Completed
8441,5599,1599,AC Installation,Completed
8442,5600,1600,AC Repair,Completed
8443,5601,1601,Maintenance/Tune-up,Completed
8444,5602,1602,AC Repair,Completed
8445,5603,1603,AC Repair,Completed
8446,5604,1604,Maintenance/Tune-up,Completed
8447,5605,1605,Maintenance/Tune-up,Completed
8448,5606,1606,AC Repair,Completed
8449,5607,1607,Maintenance/Tune-up,Completed
8450,5608,1608,Maintenance/Tune-up,Completed
8451,5609,1609,Maintenance/Tune-up,Completed
8452,5610,1610,AC Repair,Completed
8453,5611,1611,AC Repair,Completed
8454,5613,1613,AC Repair,Completed
8455,5614,1614,Maintenance/Tune-up,Completed
8456,5615,1615,Maintenance/Tune-up,Completed
8457,5616,1616,AC Repair,Completed
8458,5617,1617,AC Repair,Completed
8459,5618,1618,AC Repair,Completed
8460,5620,1620,AC Repair,Completed
8461,5621,1621,Maintenance/Tune-up,Completed
8462,5624,1624,AC Repair,Completed
8463,5625,1625,Maintenance/Tune-up,Completed
8464,5628,1628,AC Installation,Completed
8465,5632,1632,AC Repair,Completed
8466,5633,1633,AC Repair,Completed
8467,5634,1634,AC Installation,Completed
8468,5635,1635,AC Repair,Completed
8469,5637,1637,AC Repair,Completed
8470,5638,1638,Maintenance/Tune-up,Completed
8471,5639,1639,Maintenance/Tune-up,Completed
8472,5640,1640,AC Repair,Completed
8473,5641,1641,AC Repair,Completed
8474,5644,1644,AC Repair,Completed
8475,5646,1646,AC Repair,Completed
8476,5647,1647,Maintenance/Tune-up,Completed
8477,5648,1648,AC Repair,Completed
8478,5649,1649,AC Repair,Completed
8479,5650,1650,Maintenance/Tune-up,Completed
8480,5651,1651,AC Repair,Completed
8481,5652,1652,AC Repair,Completed
8482,5653,1653,AC Repair,Completed
8483,5654,1654,AC Repair,Completed
8484,5655,1655,Maintenance/Tune-up,Completed
8485,5656,1656,Maintenance/Tune-up,Completed
8486,5657,1657,AC Repair,Completed
8487,5658,1658,AC Repair,Completed
8488,5659,1659,AC Repair,Completed
8489,5661,1661,AC Repair,Completed
8490,5664,1664,AC Repair,Completed
8491,5665,1665,AC Installation,Completed
8492,5666,1666,Maintenance/Tune-up,Completed
8493,5667,1667,Maintenance/Tune-up,Completed
8494,5668,1668,AC Repair,Completed
8495,5669,1669,AC Repair,Completed
8496,5670,1670,AC Repair,Completed
8497,5672,1672,AC Installation,Completed
8498,5673,1673,Maintenance/Tune-up,Completed
8499,5675,1675,AC Repair,Completed
8500,5676,1676,AC Repair,Completed
8501,5677,1677,AC Repair,Completed
8502,5678,1678,AC Repair,Completed
8503,5679,1679,AC Repair,Completed
8504,5680,1680,Maintenance/Tune-up,Completed
8505,5682,1682,Maintenance/Tune-up,Completed
8506,5683,1683,AC Repair,Completed
8507,5684,1684,AC Repair,Completed
8508,5685,1685,Maintenance/Tune-up,Completed
8509,5686,1686,AC Repair,Completed
8510,5687,1687,Maintenance/Tune-up,Completed
8511,5688,1688,AC Repair,Completed
8512,5689,1689,AC Repair,Completed
8513,5690,1690,AC Installation,Completed
8514,5694,1694,AC Repair,Completed
8515,5695,1695,AC Repair,Completed
8516,5696,1696,AC Repair,Completed
8517,5697,1697,AC Repair,Completed
8518,5699,1699,AC Repair,Completed
8519,5700,1700,AC Installation,Completed
8520,5701,1701,Maintenance/Tune-up,Completed
8521,5702,1702,Maintenance/Tune-up,Completed
8522,5704,1704,AC Repair,Completed
8523,5705,1705,AC Repair,Completed
8524,5707,1707,AC Repair,Completed
8525,5708,1708,Maintenance/Tune-up,Completed
8526,5709,1709,AC Repair,Completed
8527,5710,1710,Maintenance/Tune-up,Completed
8528,5711,1711,AC Repair,Completed
8529,5712,1712,AC Installation,Completed
8530,5713,1713,AC Repair,Completed
8531,5714,1714,AC Repair,Completed
8532,5715,1715,AC Repair,Completed
8533,5716,1716,AC Repair,Completed
8534,5717,1717,AC Installation,Completed
8535,5718,1718,Maintenance/Tune-up,Completed
8536,5719,1719,Maintenance/Tune-up,Completed
8537,5720,1720,AC Repair,Completed
8538,5721,1721,AC Installation,Completed
8539,5722,1722,AC Repair,Completed
8540,5723,1723,AC Repair,Completed
8541,5724,1724,Maintenance/Tune-up,Completed
8542,5725,1725,AC Repair,Completed
8543,5726,1726,AC Repair,Completed
8544,5727,1727,AC Repair,Completed
8545,5728,1728,AC Repair,Completed
8546,5729,1729,AC Repair,Completed
8547,5730,1730,Maintenance/Tune-up,Completed
8548,5731,1731,Maintenance/Tune-up,Completed
8549,5732,1732,AC Repair,Completed
8550,5733,1733,Maintenance/Tune-up,Completed
8551,5734,1734,AC Repair,Completed
8552,5735,1735,AC Repair,Completed
8553,5736,1736,Maintenance/Tune-up,Completed
8554,5737,1737,AC Repair,Completed
8555,5739,1739,AC Repair,Completed
8556,5740,1740,AC Repair,Completed
8557,5741,1741,AC Installation,Completed
8558,5746,1746,AC Repair,Completed
8559,5747,1747,AC Repair,Completed
8560,5748,1748,Maintenance/Tune-up,Completed
8561,5750,1750,AC Repair,Completed
8562,5751,1751,AC Repair,Completed
8563,5752,1752,AC Repair,Completed
8564,5753,1753,Maintenance/Tune-up,Completed
8565,5754,1754,AC Repair,Completed
8566,5755,1755,AC Repair,Completed
8567,5756,1756,Maintenance/Tune-up,Completed
8568,5757,1757,AC Repair,Completed
8569,5758,1758,AC Repair,Completed
8570,5759,1759,AC Repair,Completed
8571,5760,1760,AC Repair,Completed
8572,5762,1762,AC Installation,Completed
8573,5763,1763,AC Repair,Completed
8574,5764,1764,Maintenance/Tune-up,Completed
8575,5765,1765,AC Repair,Completed
8576,5767,1767,AC Repair,Completed
8577,5768,1768,Maintenance/Tune-up,Completed
8578,5769,1769,AC Repair,Completed
8579,5770,1770,AC Repair,Completed
8580,5773,1773,Maintenance/Tune-up,Completed
8581,5774,1774,Maintenance/Tune-up,Completed
8582,5775,1775,AC Repair,Completed
8583,5778,1778,AC Repair,Completed
8584,5779,1779,Maintenance/Tune-up,Completed
8585,5780,1780,AC Installation,Completed
8586,5781,1781,AC Installation,Completed
8587,5782,1782,Maintenance/Tune-up,Completed
8588,5783,1783,AC Installation,Completed
8589,5784,1784,AC Repair,Completed
8590,5785,1785,AC Repair,Completed
8591,5786,1786,Maintenance/Tune-up,Completed
8592,5787,1787,Maintenance/Tune-up,Completed
8593,5790,1790,AC Repair,Completed
8594,5791,1791,Maintenance/Tune-up,Completed
8595,5793,1793,Maintenance/Tune-up,Completed
8596,5794,1794,AC Repair,Completed
8597,5795,1795,AC Repair,Completed
8598,5796,1796,Maintenance/Tune-up,Completed
8599,5797,1797,AC Repair,Completed
8600,5798,1798,Maintenance/Tune-up,Completed
8601,5800,1800,AC Repair,Completed
8602,5802,1802,Maintenance/Tune-up,Completed
8603,5804,1804,AC Repair,Completed
8604,5805,1805,Maintenance/Tune-up,Completed
8605,5807,1807,AC Repair,Completed
8606,5808,1808,AC Repair,Completed
8607,5809,1809,Maintenance/Tune-up,Completed
8608,5810,1810,AC Repair,Completed
8609,5811,1811,AC Repair,Completed
8610,5812,1812,AC Repair,Completed
8611,5814,1814,AC Repair,Completed
8612,5815,1815,AC Repair,Completed
8613,5816,1816,AC Repair,Completed
8614,5818,1818,AC Repair,Completed
8615,5819,1819,AC Repair,Completed
8616,5821,1821,AC Repair,Completed
8617,5822,1822,AC Repair,Completed
8618,5823,1823,Maintenance/Tune-up,Completed
8619,5826,1826,AC Repair,Completed
8620,5827,1827,AC Installation,Completed
8621,5828,1828,AC Repair,Completed
8622,5829,1829,Maintenance/Tune-up,Completed
8623,5830,1830,AC Repair,Completed
8624,5831,1831,Maintenance/Tune-up,Completed
8625,5833,1833,AC Repair,Completed
8626,5834,1834,AC Repair,Completed
8627,5835,1835,AC Repair,Completed
8628,5836,1836,Maintenance/Tune-up,Completed
8629,5837,1837,Maintenance/Tune-up,Completed
8630,5838,1838,AC Repair,Completed
8631,5840,1840,AC Repair,Completed
8632,5842,1842,AC Repair,Completed
8633,5845,1845,AC Repair,Completed
8634,5846,1846,AC Repair,Completed
8635,5847,1847,AC Repair,Completed
8636,5848,1848,AC Repair,Completed
8637,5849,1849,Maintenance/Tune-up,Completed
8638,5850,1850,AC Repair,Completed
8639,5851,1851,Maintenance/Tune-up,Completed
8640,5853,1853,AC Repair,Completed
8641,5854,1854,AC Repair,Completed
8642,5855,1855,AC Repair,Completed
8643,5860,1860,AC Repair,Completed
8644,5863,1863,Maintenance/Tune-up,Completed
8645,5865,1865,Maintenance/Tune-up,Completed
8646,5866,1866,Maintenance/Tune-up,Completed
8647,5868,1868,AC Repair,Completed
8648,5869,1869,Maintenance/Tune-up,Completed
8649,5870,1870,AC Repair,Completed
8650,5871,1871,AC Repair,Completed
8651,5875,1875,Maintenance/Tune-up,Completed
8652,5877,1877,Maintenance/Tune-up,Completed
8653,5878,1878,AC Installation,Completed
8654,5879,1879,Maintenance/Tune-up,Completed
8655,5881,1881,AC Repair,Completed
8656,5882,1882,Maintenance/Tune-up,Completed
8657,5883,1883,Maintenance/Tune-up,Completed
8658,5884,1884,AC Repair,Completed
8659,5885,1885,Maintenance/Tune-up,Completed
8660,5886,1886,Maintenance/Tune-up,Completed
8661,5887,1887,AC Installation,Completed
8662,5889,1889,AC Repair,Completed
8663,5890,1890,AC Repair,Completed
8664,5891,1891,AC Repair,Completed
8665,5892,1892,AC Installation,Completed
8666,5893,1893,AC Repair,Completed
8667,5894,1894,AC Repair,Completed
8668,5895,1895,AC Repair,Completed
8669,5897,1897,Maintenance/Tune-up,Completed
8670,5900,1900,AC Repair,Completed
8671,5901,1901,Maintenance/Tune-up,Completed
8672,5902,1902,AC Repair,Completed
8673,5903,1903,AC Repair,Completed
8674,5904,1904,AC Repair,Completed
8675,5905,1905,Maintenance/Tune-up,Completed
8676,5906,1906,AC Repair,Completed
8677,5907,1907,Maintenance/Tune-up,Completed
8678,5908,1908,Maintenance/Tune-up,Completed
8679,5910,1910,Maintenance/Tune-up,Completed
8680,5911,1911,AC Repair,Completed
8681,5912,1912,AC Repair,Completed
8682,5913,1913,Maintenance/Tune-up,Completed
8683,5914,1914,AC Repair,Completed
8684,5916,1916,AC Repair,Completed
8685,5917,1917,AC Repair,Completed
8686,5918,1918,Maintenance/Tune-up,Completed
8687,5919,1919,AC Repair,Completed
8688,5925,1925,AC Repair,Completed
8689,5927,1927,AC Repair,Completed
8690,5929,1929,Maintenance/Tune-up,Completed
8691,5930,1930,Maintenance/Tune-up,Completed
8692,5931,1931,Maintenance/Tune-up,Completed
8693,5932,1932,AC Repair,Completed
8694,5933,1933,AC Repair,Completed
8695,5935,1935,AC Repair,Completed
8696,5936,1936,AC Repair,Completed
8697,5937,1937,AC Repair,Completed
8698,5938,1938,AC Repair,Completed
8699,5939,1939,Maintenance/Tune-up,Completed
8700,5940,1940,AC Repair,Completed
8701,5942,1942,AC Repair,Completed
8702,5946,1946,AC Repair,Completed
8703,5948,1948,AC Installation,Completed
8704,5949,1949,Maintenance/Tune-up,Completed
8705,5950,1950,Maintenance/Tune-up,Completed
8706,5951,1951,Maintenance/Tune-up,Completed
8707,5953,1953,AC Installation,Completed
8708,5955,1955,Maintenance/Tune-up,Completed
8709,5958,1958,Maintenance/Tune-up,Completed
8710,5959,1959,Maintenance/Tune-up,Completed
8711,5960,1960,AC Repair,Completed
8712,5961,1961,AC Repair,Completed
8713,5962,1962,AC Repair,Completed
8714,5964,1964,AC Repair,Completed
8715,5965,1965,AC Repair,Completed
8716,5966,1966,AC Repair,Completed
8717,5967,1967,AC Repair,Completed
8718,5969,1969,Maintenance/Tune-up,Completed
8719,5970,1970,AC Repair,Completed
8720,5972,1972,Maintenance/Tune-up,Completed
8721,5973,1973,AC Repair,Completed
8722,5975,1975,AC Repair,Completed
8723,5976,1976,AC Installation,Completed
8724,5977,1977,AC Repair,Completed
8725,5982,1982,AC Repair,Completed
8726,5983,1983,AC Repair,Completed
8727,5986,1986,AC Repair,Completed
8728,5988,1988,AC Repair,Completed
8729,5990,1990,AC Repair,Completed
8730,5991,1991,Maintenance/Tune-up,Completed
8731,5992,1992,Maintenance/Tune-up,Completed
8732,5993,1993,AC Repair,Completed
8733,5994,1994,AC Repair,Completed
8734,5995,1995,AC Repair,Completed
8735,5996,1996,Maintenance/Tune-up,Completed
8736,5997,1997,AC Repair,Completed
8737,5998,1998,AC Repair,Completed
8738,5999,1999,Maintenance/Tune-up,Completed
8739,6000,2000,Maintenance/Tune-up,Completed
8740,6001,2001,Maintenance/Tune-up,Completed
8741,6002,2002,AC Repair,Completed
8742,6003,2003,Maintenance/Tune-up,Completed
8743,6004,2004,Maintenance/Tune-up,Completed
8744,6005,2005,AC Installation,Completed
8745,6006,2006,AC Repair,Completed
8746,6007,2007,AC Repair,Completed
8747,6009,2009,Maintenance/Tune-up,Completed
8748,6010,2010,Maintenance/Tune-up,Completed
8749,6011,2011,Maintenance/Tune-up,Completed
8750,6012,2012,AC Repair,Completed
8751,6013,2013,AC Repair,Completed
8752,6014,2014,AC Repair,Completed
8753,6016,2016,AC Repair,Completed
8754,6017,2017,AC Repair,Completed
8755,6018,2018,AC Repair,Completed
8756,6019,2019,Maintenance/Tune-up,Completed
8757,6020,2020,AC Repair,Completed
8758,6022,2022,AC Repair,Completed
8759,6024,2024,AC Repair,Completed
8760,6025,2025,Maintenance/Tune-up,Completed
8761,6026,2026,AC Repair,Completed
8762,6027,2027,AC Repair,Completed
8763,6028,2028,AC Repair,Completed
8764,6029,2029,AC Repair,Completed
8765,6030,2030,Maintenance/Tune-up,Completed
8766,6031,2031,AC Repair,Completed
8767,6032,2032,AC Repair,Completed
8768,6035,2035,AC Repair,Completed
8769,6037,2037,AC Repair,Completed
8770,6038,2038,Maintenance/Tune-up,Completed
8771,6039,2039,AC Repair,Completed
8772,6040,2040,Maintenance/Tune-up,Completed
8773,6041,2041,AC Repair,Completed
8774,6042,2042,AC Repair,Completed
8775,6043,2043,Maintenance/Tune-up,Completed
8776,6044,2044,Maintenance/Tune-up,Completed
8777,6045,2045,AC Installation,Completed
8778,6046,2046,AC Repair,Completed
8779,6047,2047,AC Repair,Completed
8780,6048,2048,AC Repair,Completed
8781,6049,2049,Maintenance/Tune-up,Completed
8782,6050,2050,Maintenance/Tune-up,Completed
8783,6051,2051,AC Repair,Completed
8784,6052,2052,Maintenance/Tune-up,Completed
8785,6053,2053,AC Repair,Completed
8786,6054,2054,AC Repair,Completed
8787,6055,2055,Maintenance/Tune-up,Completed
8788,6056,2056,AC Repair,Completed
8789,6058,2058,AC Repair,Completed
8790,6059,2059,Maintenance/Tune-up,Completed
8791,6060,2060,AC Repair,Completed
8792,6061,2061,Maintenance/Tune-up,Completed
8793,6062,2062,Maintenance/Tune-up,Completed
8794,6063,2063,AC Repair,Completed
8795,6064,2064,Maintenance/Tune-up,Completed
8796,6065,2065,AC Repair,Completed
8797,6067,2067,AC Repair,Completed
8798,6068,2068,AC Repair,Completed
8799,6071,2071,Maintenance/Tune-up,Completed
8800,6072,2072,Maintenance/Tune-up,Completed
8801,6073,2073,Maintenance/Tune-up,Completed
8802,6074,2074,AC Repair,Completed
8803,6077,2077,AC Repair,Completed
8804,6078,2078,Maintenance/Tune-up,Completed
8805,6079,2079,AC Repair,Completed
8806,6080,2080,Maintenance/Tune-up,Completed
8807,6081,2081,AC Repair,Completed
8808,6082,2082,Maintenance/Tune-up,Completed
8809,6085,2085,Maintenance/Tune-up,Completed
8810,6086,2086,AC Repair,Completed
8811,6088,2088,AC Repair,Completed
8812,6090,2090,AC Repair,Completed
8813,6091,2091,Maintenance/Tune-up,Completed
8814,6092,2092,Maintenance/Tune-up,Completed
8815,6093,2093,AC Repair,Completed
8816,6094,2094,AC Repair,Completed
8817,6095,2095,AC Repair,Completed
8818,6096,2096,Maintenance/Tune-up,Completed
8819,6098,2098,AC Repair,Completed
8820,6100,2100,AC Repair,Completed
8821,6101,2101,AC Installation,Completed
8822,6103,2103,AC Repair,Completed
8823,6104,2104,Maintenance/Tune-up,Completed
8824,6105,2105,AC Repair,Completed
8825,6107,2107,AC Repair,Completed
8826,6108,2108,AC Repair,Completed
8827,6109,2109,AC Repair,Completed
8828,6111,2111,AC Repair,Completed
8829,6112,2112,AC Repair,Completed
8830,6113,2113,Maintenance/Tune-up,Completed
8831,6114,2114,Maintenance/Tune-up,Completed
8832,6115,2115,AC Repair,Completed
8833,6117,2117,Maintenance/Tune-up,Completed
8834,6118,2118,AC Installation,Completed
8835,6119,2119,Maintenance/Tune-up,Completed
8836,6120,2120,Maintenance/Tune-up,Completed
8837,6122,2122,AC Repair,Completed
8838,6124,2124,AC Repair,Completed
8839,6126,2126,AC Repair,Completed
8840,6131,2131,Maintenance/Tune-up,Completed
8841,6132,2132,Maintenance/Tune-up,Completed
8842,6135,2135,AC Repair,Completed
8843,6136,2136,AC Repair,Completed
8844,6137,2137,AC Repair,Completed
8845,6138,2138,AC Repair,Completed
8846,6140,2140,Maintenance/Tune-up,Completed
8847,6142,2142,AC Repair,Completed
8848,6144,2144,AC Repair,Completed
8849,6146,2146,AC Installation,Completed
8850,6147,2147,AC Repair,Completed
8851,6148,2148,AC Repair,Completed
8852,6151,2151,Maintenance/Tune-up,Completed
8853,6152,2152,AC Installation,Completed
8854,6154,2154,Maintenance/Tune-up,Completed
8855,6155,2155,Maintenance/Tune-up,Completed
8856,6156,2156,AC Repair,Completed
8857,6157,2157,Maintenance/Tune-up,Completed
8858,6158,2158,Maintenance/Tune-up,Completed
8859,6159,2159,Maintenance/Tune-up,Completed
8860,6161,2161,AC Repair,Completed
8861,6162,2162,Maintenance/Tune-up,Completed
8862,6163,2163,AC Repair,Completed
8863,6164,2164,AC Installation,Completed
8864,6165,2165,AC Repair,Completed
8865,6166,2166,AC Repair,Completed
8866,6167,2167,Maintenance/Tune-up,Completed
8867,6169,2169,AC Repair,Completed
8868,6171,2171,AC Repair,Completed
8869,6172,2172,AC Installation,Completed
8870,6173,2173,AC Repair,Completed
8871,6174,2174,AC Repair,Completed
8872,6176,2176,Maintenance/Tune-up,Completed
8873,6177,2177,AC Repair,Completed
8874,6178,2178,AC Repair,Completed
8875,6179,2179,AC Repair,Completed
8876,6180,2180,Maintenance/Tune-up,Completed
8877,6182,2182,AC Repair,Completed
8878,6184,2184,AC Repair,Completed
8879,6185,2185,AC Repair,Completed
8880,6186,2186,Maintenance/Tune-up,Completed
8881,6187,2187,AC Repair,Completed
8882,6188,2188,AC Repair,Completed
8883,6189,2189,Maintenance/Tune-up,Completed
8884,6190,2190,Maintenance/Tune-up,Completed
8885,6192,2192,AC Repair,Completed
8886,6193,2193,Maintenance/Tune-up,Completed
8887,6195,2195,Maintenance/Tune-up,Completed
8888,6196,2196,AC Repair,Completed
8889,6198,2198,Maintenance/Tune-up,Completed
8890,6200,2200,AC Repair,Completed
8891,6204,2204,Maintenance/Tune-up,Completed
8892,6207,2207,AC Repair,Completed
8893,6208,2208,AC Repair,Completed
8894,6209,2209,AC Repair,Completed
8895,6210,2210,AC Repair,Completed
8896,6212,2212,AC Repair,Completed
8897,6213,2213,AC Repair,Completed
8898,6214,2214,AC Repair,Completed
8899,6215,2215,AC Repair,Completed
8900,6216,2216,AC Repair,Completed
8901,6218,2218,AC Repair,Completed
8902,6219,2219,AC Repair,Completed
8903,6220,2220,AC Repair,Completed
8904,6221,2221,Maintenance/Tune-up,Completed
8905,6222,2222,Maintenance/Tune-up,Completed
8906,6223,2223,Maintenance/Tune-up,Completed
8907,6225,2225,AC Repair,Completed
8908,6226,2226,AC Installation,Completed
8909,6227,2227,AC Repair,Completed
8910,6228,2228,AC Repair,Completed
8911,6229,2229,Maintenance/Tune-up,Completed
8912,6232,2232,AC Repair,Completed
8913,6234,2234,AC Repair,Completed
8914,6235,2235,AC Repair,Completed
8915,6236,2236,Maintenance/Tune-up,Completed
8916,6237,2237,Maintenance/Tune-up,Completed
8917,6238,2238,AC Repair,Completed
8918,6239,2239,AC Installation,Completed
8919,6243,2243,AC Repair,Completed
8920,6244,2244,AC Installation,Completed
8921,6245,2245,AC Repair,Completed
8922,6247,2247,AC Installation,Completed
8923,6250,2250,AC Repair,Completed
8924,6251,2251,Maintenance/Tune-up,Completed
8925,6253,2253,AC Installation,Completed
8926,6254,2254,Maintenance/Tune-up,Completed
8927,6255,2255,AC Repair,Completed
8928,6256,2256,AC Repair,Completed
8929,6257,2257,Maintenance/Tune-up,Completed
8930,6258,2258,Maintenance/Tune-up,Completed
8931,6260,2260,AC Repair,Completed
8932,6262,2262,AC Repair,Completed
8933,6263,2263,AC Repair,Completed
8934,6264,2264,AC Installation,Completed
8935,6265,2265,Air Quality Install,Completed
8936,6266,2266,Maintenance/Tune-up,Completed
8937,6269,2269,AC Installation,Completed
8938,6270,2270,Maintenance/Tune-up,Completed
8939,6271,2271,Maintenance/Tune-up,Completed
8940,6272,2272,Air Quality Install,Completed
8941,6274,2274,Maintenance/Tune-up,Completed
8942,6275,2275,AC Installation,Completed
8943,6276,2276,Maintenance/Tune-up,Completed
8944,6277,2277,Maintenance/Tune-up,Completed
8945,6279,2279,AC Installation,Completed
8946,6280,2280,AC Installation,Completed
8947,6283,2283,Maintenance/Tune-up,Completed
8948,6284,2284,AC Installation,Completed
8949,6285,2285,Maintenance/Tune-up,Completed
8950,6286,2286,Maintenance/Tune-up,Completed
8951,6287,2287,Maintenance/Tune-up,Completed
8952,6288,2288,Maintenance/Tune-up,Completed
8953,6289,2289,Maintenance/Tune-up,Completed
8954,6291,2291,Maintenance/Tune-up,Completed
8955,6293,2293,Maintenance/Tune-up,Completed
8956,6295,2295,Air Quality Install,Completed
8957,6298,2298,Maintenance/Tune-up,Completed
8958,6299,2299,Air Quality Install,Completed
8959,6300,2300,AC Installation,Completed
8960,6301,2301,Maintenance/Tune-up,Completed
8961,6303,2303,AC Installation,Completed
8962,6304,2304,Maintenance/Tune-up,Completed
8963,6305,2305,AC Installation,Completed
8964,6306,2306,Maintenance/Tune-up,Completed
8965,6308,2308,Maintenance/Tune-up,Completed
8966,6309,2309,AC Installation,Completed
8967,6311,2311,AC Installation,Completed
8968,6313,2313,Maintenance/Tune-up,Completed
8969,6314,2314,Maintenance/Tune-up,Completed
8970,6316,2316,AC Installation,Completed
8971,6317,2317,Maintenance/Tune-up,Completed
8972,6318,2318,AC Installation,Completed
8973,6319,2319,AC Installation,Completed
8974,6322,2322,Air Quality Install,Completed
8975,6323,2323,Maintenance/Tune-up,Completed
8976,6324,2324,Maintenance/Tune-up,Completed
8977,6325,2325,Maintenance/Tune-up,Completed
8978,6328,2328,AC Installation,Completed
8979,6329,2329,Maintenance/Tune-up,Completed
8980,6330,2330,Maintenance/Tune-up,Completed
8981,6333,2333,AC Installation,Completed
8982,6334,2334,Maintenance/Tune-up,Completed
8983,6336,2336,Maintenance/Tune-up,Completed
8984,6337,2337,Maintenance/Tune-up,Completed
8985,6338,2338,AC Installation,Completed
8986,6339,2339,Maintenance/Tune-up,Completed
8987,6340,2340,Maintenance/Tune-up,Completed
8988,6341,2341,Maintenance/Tune-up,Completed
8989,6342,2342,Maintenance/Tune-up,Completed
8990,6343,2343,Maintenance/Tune-up,Completed
8991,6344,2344,Maintenance/Tune-up,Completed
8992,6345,2345,AC Installation,Completed
8993,6346,2346,Maintenance/Tune-up,Completed
8994,6347,2347,AC Installation,Completed
8995,6349,2349,Maintenance/Tune-up,Completed
8996,6350,2350,AC Installation,Completed
8997,6351,2351,Maintenance/Tune-up,Completed
8998,6352,2352,Air Quality Install,Completed
8999,6353,2353,Maintenance/Tune-up,Completed
9000,6354,2354,AC Installation,Completed
9001,6356,2356,Maintenance/Tune-up,Completed
9002,6357,2357,Air Quality Install,Completed
9003,6358,2358,AC Installation,Completed
9004,6359,2359,Air Quality Install,Completed
9005,6360,2360,AC Installation,Completed
9006,6361,2361,Maintenance/Tune-up,Completed
9007,6363,2363,Air Quality Install,Completed
9008,6364,2364,AC Installation,Completed
9009,6368,2368,AC Installation,Completed
9010,6369,2369,Air Quality Install,Completed
9011,6371,2371,Heat Pump Install,Completed
9012,6372,2372,Heat Pump Install,Completed
9013,6373,2373,Maintenance/Tune-up,Completed
9014,6374,2374,Heating Repair,Completed
9015,6375,2375,Heat Pump Install,Completed
9016,6376,2376,Heating Repair,Completed
9017,6377,2377,Heating Repair,Completed
9018,6378,2378,Heating Repair,Completed
9019,6379,2379,Maintenance/Tune-up,Completed
9020,6381,2381,Heating Repair,Completed
9021,6382,2382,Heat Pump Install,Completed
9022,6383,2383,Maintenance/Tune-up,Completed
9023,6384,2384,Heating Repair,Completed
9024,6386,2386,Heat Pump Install,Completed
9025,6387,2387,Heating Repair,Completed
9026,6388,2388,Heating Repair,Completed
9027,6389,2389,Heat Pump Install,Completed
9028,6390,2390,Heating Repair,Completed
9029,6391,2391,Heating Repair,Completed
9030,6392,2392,Heating Repair,Completed
9031,6393,2393,Heating Repair,Completed
9032,6394,2394,Heating Repair,Completed
9033,6395,2395,Heating Repair,Completed
9034,6396,2396,Heating Repair,Completed
9035,6397,2397,Heat Pump Install,Completed
9036,6398,2398,Heat Pump Install,Completed
9037,6399,2399,Heating Repair,Completed
9038,6400,2400,Maintenance/Tune-up,Completed
9039,6401,2401,Heating Repair,Completed
9040,6402,2402,Maintenance/Tune-up,Completed
9041,6403,2403,Maintenance/Tune-up,Completed
9042,6404,2404,Maintenance/Tune-up,Completed
9043,6405,2405,Maintenance/Tune-up,Completed
9044,6407,2407,Heating Repair,Completed
9045,6408,2408,Heating Repair,Completed
9046,6410,2410,Maintenance/Tune-up,Completed
9047,6411,2411,Maintenance/Tune-up,Completed
9048,6412,2412,Heat Pump Install,Completed
9049,6413,2413,Heating Repair,Completed
9050,6415,2415,Heat Pump Install,Completed
9051,6416,2416,Maintenance/Tune-up,Completed
9052,6417,2417,Maintenance/Tune-up,Completed
9053,6418,2418,Maintenance/Tune-up,Completed
9054,6420,2420,Heat Pump Install,Completed
9055,6421,2421,Maintenance/Tune-up,Completed
9056,6422,2422,Heating Repair,Completed
9057,6426,2426,Heating Repair,Completed
9058,6427,2427,Heating Repair,Completed
9059,6428,2428,Heating Repair,Completed
9060,6429,2429,Heating Repair,Completed
9061,6430,2430,Heating Repair,Completed
9062,6431,2431,Heating Repair,Completed
9063,6432,2432,Maintenance/Tune-up,Completed
9064,6433,2433,Heat Pump Install,Completed
9065,6435,2435,Heating Repair,Completed
9066,6436,2436,Heating Repair,Completed
9067,6437,2437,Heating Repair,Completed
9068,6438,2438,Heating Repair,Completed
9069,6439,2439,Maintenance/Tune-up,Completed
9070,6440,2440,Maintenance/Tune-up,Completed
9071,6442,2442,Heat Pump Install,Completed
9072,6443,2443,Heating Repair,Completed
9073,6444,2444,Heating Repair,Completed
9074,6445,2445,Maintenance/Tune-up,Completed
9075,6447,2447,Heating Repair,Completed
9076,6448,2448,Maintenance/Tune-up,Completed
9077,6450,2450,Heating Repair,Completed
9078,6452,2452,Heat Pump Install,Completed
9079,6453,2453,Heating Repair,Completed
9080,6454,2454,Maintenance/Tune-up,Completed
9081,6459,2459,Heating Repair,Completed
9082,6461,2461,Maintenance/Tune-up,Completed
9083,6462,2462,Heat Pump Install,Completed
9084,6463,2463,Maintenance/Tune-up,Completed
9085,6464,2464,Heating Repair,Completed
9086,6466,2466,Heating Repair,Completed
9087,6467,2467,Maintenance/Tune-up,Completed
9088,6468,2468,Heating Repair,Completed
9089,6469,2469,Heating Repair,Completed
9090,6471,2471,Maintenance/Tune-up,Completed
9091,6472,2472,Heating Repair,Completed
9092,6473,2473,Maintenance/Tune-up,Completed
9093,6474,2474,Maintenance/Tune-up,Completed
9094,6475,2475,Heat Pump Install,Completed
9095,6477,2477,Heating Repair,Completed
9096,6478,2478,Heating Repair,Completed
9097,6479,2479,Heating Repair,Completed
9098,6480,2480,Heating Repair,Completed
9099,6482,2482,Heating Repair,Completed
9100,6483,2483,Maintenance/Tune-up,Completed
9101,6484,2484,Heating Repair,Completed
9102,6485,2485,Heat Pump Install,Completed
9103,6486,2486,Heat Pump Install,Completed
9104,6487,2487,Maintenance/Tune-up,Completed
9105,6488,2488,Heating Repair,Completed
9106,6489,2489,Maintenance/Tune-up,Completed
9107,6490,2490,Maintenance/Tune-up,Completed
9108,6491,2491,Heating Repair,Completed
9109,6492,2492,Heating Repair,Completed
9110,6494,2494,Heating Repair,Completed
9111,6495,2495,Heating Repair,Completed
9112,6496,2496,Maintenance/Tune-up,Completed
9113,6497,2497,Heating Repair,Completed
9114,6498,2498,Heat Pump Install,Completed
9115,6499,2499,Heating Repair,Completed
9116,6500,2500,Heating Repair,Completed
9117,6502,2502,Heating Repair,Completed
9118,6504,2504,Heating Repair,Completed
9119,6505,2505,Maintenance/Tune-up,Completed
