customer_id,customer_name,customer_type,email,phone,city
DESC1000,Casey Garcia,residential,casey.garcia@example.com,(480) 450-4657,Mesa
DESC1001,Casey Johnson,residential,casey.johnson@example.com,(480) 232-1488,Apache Junction
DESC1002,Jamie Davis,residential,jamie.davis@example.com,(480) 227-4257,Scottsdale
DESC1003,Rowan Davis,residential,rowan.davis@example.com,(480) 484-1106,Mesa
DESC1004,Rowan Thomas,residential,rowan.thomas@example.com,(480) 420-6514,Apache Junction
DESC1005,Taylor Moore,residential,taylor.moore@example.com,(480) 552-5333,Apache Junction
DESC1006,Sam Lee,commercial,sam.lee@example.com,(480) 587-2291,Scottsdale
DESC1007,Drew Hernandez,residential,drew.hernandez@example.com,(480) 921-2139,Apache Junction
DESC1008,Avery Anderson,commercial,avery.anderson@example.com,(480) 438-2654,Tempe
DESC1009,Cameron Jackson,residential,cameron.jackson@example.com,(480) 573-3664,Gilbert
DESC1010,Quinn Brown,residential,quinn.brown@example.com,(480) 918-2169,Scottsdale
DESC1011,Riley Davis,residential,riley.davis@example.com,(480) 588-5422,Scottsdale
DESC1012,Avery Thomas,commercial,avery.thomas@example.com,(480) 994-1916,Mesa
DESC1013,Jordan Thomas,residential,jordan.thomas@example.com,(480) 267-4456,Scottsdale
DESC1014,Parker Brown,residential,parker.brown@example.com,(480) 605-8517,Mesa
DESC1015,Cameron Martinez,residential,cameron.martinez@example.com,(480) 774-9830,Gilbert
DESC1016,Rowan Moore,residential,rowan.moore@example.com,(480) 341-9348,Tempe
DESC1017,Taylor Smith,commercial,taylor.smith@example.com,(480) 356-3621,Tempe
DESC1018,Taylor Moore,residential,taylor.moore@example.com,(480) 679-9669,Gilbert
DESC1019,Alex Lee,residential,alex.lee@example.com,(480) 749-5371,Gilbert
DESC1020,Casey Anderson,residential,casey.anderson@example.com,(480) 664-1053,Gilbert
DESC1021,Blake Nguyen,residential,blake.nguyen@example.com,(480) 308-5889,Scottsdale
DESC1022,Jamie Martinez,residential,jamie.martinez@example.com,(480) 365-9837,Scottsdale
DESC1023,Alex Thomas,residential,alex.thomas@example.com,(480) 314-6947,Gilbert
DESC1024,Avery Smith,residential,avery.smith@example.com,(480) 780-2290,Apache Junction
DESC1025,Skyler Johnson,commercial,skyler.johnson@example.com,(480) 745-3060,Mesa
DESC1026,Skyler Nguyen,residential,skyler.nguyen@example.com,(480) 821-7932,Mesa
DESC1027,Jamie Anderson,residential,jamie.anderson@example.com,(480) 887-7118,Tempe
DESC1028,Blake Jackson,residential,blake.jackson@example.com,(480) 430-2049,Gilbert
DESC1029,Alex Davis,residential,alex.davis@example.com,(480) 207-2163,Apache Junction
DESC1030,Avery Johnson,commercial,avery.johnson@example.com,(480) 538-2160,Scottsdale
DESC1031,Avery Wilson,residential,avery.wilson@example.com,(480) 419-9834,Mesa
DESC1032,Skyler Davis,commercial,skyler.davis@example.com,(480) 616-4119,Apache Junction
DESC1033,Casey Martin,residential,casey.martin@example.com,(480) 620-8651,Apache Junction
DESC1034,Casey Smith,residential,casey.smith@example.com,(480) 547-2790,Mesa
DESC1035,Jamie Brown,residential,jamie.brown@example.com,(480) 343-7912,Mesa
DESC1036,Cameron Jackson,residential,cameron.jackson@example.com,(480) 277-8260,Scottsdale
DESC1037,Casey Smith,residential,casey.smith@example.com,(480) 753-1241,Apache Junction
DESC1038,Avery Nguyen,residential,avery.nguyen@example.com,(480) 692-4502,Tempe
DESC1039,Jordan Nguyen,residential,jordan.nguyen@example.com,(480) 599-5345,Tempe
