company,industry,invoice_id,invoice_number,quote_id,issued_at,paid_at,status,customer_id,customer_name,customer_type,job_title,subtotal,tax,total
Desert Smoke BBQ & Catering,bbq_catering,I_acb64947bc,BBQ-I00001,Q_2916f078d3,2025-11-02T19:15:00,2025-11-03T20:15:00,paid,DESC1022,Jamie Martinez,residential,Bulk Smoked Meats Pickup,716.44,58.75,775.19
Desert Smoke BBQ & Catering,bbq_catering,I_f44c5371e4,BBQ-I00002,Q_65835a4f49,2025-11-06T22:00:00,2025-11-14T03:00:00,paid,DESC1032,Skyler Davis,commercial,Catering - Backyard Party,1104.65,90.58,1195.23
Desert Smoke BBQ & Catering,bbq_catering,I_1913f67838,BBQ-I00003,Q_571a2cb798,2025-11-05T19:00:00,2025-11-08T21:00:00,paid,DESC1022,Jamie Martinez,residential,Catering - Community Event,678.47,55.63,734.1
Desert Smoke BBQ & Catering,bbq_catering,I_84160e577d,BBQ-I00004,Q_03e1d366d4,2025-11-03T14:15:00,2025-11-04T15:15:00,paid,DESC1031,Avery Wilson,residential,Sausage & Sauce Gift Pack,1459.81,119.7,1579.51
Desert Smoke BBQ & Catering,bbq_catering,I_b4750d686f,BBQ-I00005,Q_01b1366847,2025-11-10T16:30:00,2025-11-13T19:30:00,paid,DESC1009,Cameron Jackson,residential,Sausage & Sauce Gift Pack,1085.32,89.0,1174.32
Desert Smoke BBQ & Catering,bbq_catering,I_f9db38d1a1,BBQ-I00006,Q_978f5623a0,2025-11-11T20:45:00,2025-11-14T01:45:00,paid,DESC1001,Casey Johnson,residential,Catering - Wedding,1134.15,93.0,1227.15
Desert Smoke BBQ & Catering,bbq_catering,I_b45d8c55e5,BBQ-I00007,Q_bd99761a17,2025-11-13T17:15:00,2025-11-15T01:15:00,paid,DESC1011,Riley Davis,residential,Catering - Community Event,643.97,52.81,696.78
Desert Smoke BBQ & Catering,bbq_catering,I_451384a113,BBQ-I00008,Q_3dc947a37e,2025-11-14T22:30:00,2025-11-17T03:30:00,paid,DESC1022,Jamie Martinez,residential,Catering - Community Event,1126.05,92.34,1218.39
Desert Smoke BBQ & Catering,bbq_catering,I_6e51d34635,BBQ-I00009,Q_44296373ad,2025-11-11T17:30:00,2025-11-18T23:30:00,paid,DESC1025,Skyler Johnson,commercial,Sausage & Sauce Gift Pack,2677.94,219.59,2897.53
Desert Smoke BBQ & Catering,bbq_catering,I_8ae18241bf,BBQ-I00010,Q_3779280eb2,2025-11-13T00:15:00,2025-11-15T05:15:00,paid,DESC1007,Drew Hernandez,residential,Catering - Community Event,759.02,62.24,821.26
Desert Smoke BBQ & Catering,bbq_catering,I_67dca81bc0,BBQ-I00011,Q_14fcfbcf70,2025-11-17T00:00:00,2025-11-18T02:00:00,paid,DESC1034,Casey Smith,residential,Catering - Community Event,429.98,35.26,465.24
Desert Smoke BBQ & Catering,bbq_catering,I_070b886589,BBQ-I00012,Q_1208bf74f9,2025-11-19T01:00:00,2025-11-23T04:00:00,paid,DESC1005,Taylor Moore,residential,Catering - Backyard Party,1321.77,108.39,1430.16
Desert Smoke BBQ & Catering,bbq_catering,I_d54c321c38,BBQ-I00013,Q_6966fe5424,2025-11-21T03:30:00,2025-11-24T03:30:00,paid,DESC1009,Cameron Jackson,residential,Bulk Smoked Meats Pickup,1137.31,93.26,1230.57
Desert Smoke BBQ & Catering,bbq_catering,I_45cb508aea,BBQ-I00014,Q_a5227130c7,2025-11-21T23:00:00,2025-11-24T05:00:00,paid,DESC1026,Skyler Nguyen,residential,Sausage & Sauce Gift Pack,542.49,44.48,586.97
Desert Smoke BBQ & Catering,bbq_catering,I_e2efb6791c,BBQ-I00015,Q_94f4a1d73b,2025-11-25T01:15:00,2025-11-27T06:15:00,paid,DESC1021,Blake Nguyen,residential,Catering - Wedding,837.16,68.65,905.81
Desert Smoke BBQ & Catering,bbq_catering,I_0c99aa996b,BBQ-I00016,Q_dcba2941f0,2025-11-19T21:15:00,2025-11-23T03:15:00,paid,DESC1024,Avery Smith,residential,Catering - Community Event,1225.12,100.46,1325.58
Desert Smoke BBQ & Catering,bbq_catering,I_8920701ee8,BBQ-I00017,Q_a6a7ba7644,2025-11-22T19:30:00,2025-11-29T21:30:00,paid,DESC1009,Cameron Jackson,residential,Sausage & Sauce Gift Pack,1042.51,85.49,1128.0
Desert Smoke BBQ & Catering,bbq_catering,I_6991044c31,BBQ-I00018,Q_1521b8d9d9,2025-11-24T02:30:00,2025-11-27T09:30:00,paid,DESC1035,Jamie Brown,residential,Catering - Wedding,330.44,27.1,357.54
Desert Smoke BBQ & Catering,bbq_catering,I_20998ff30f,BBQ-I00019,Q_38267738ce,2025-11-25T04:45:00,2025-11-26T10:45:00,paid,DESC1020,Casey Anderson,residential,Sausage & Sauce Gift Pack,683.02,56.01,739.03
Desert Smoke BBQ & Catering,bbq_catering,I_814e7b093b,BBQ-I00020,Q_bdb0322ee2,2025-11-26T21:30:00,2025-12-01T22:30:00,paid,DESC1018,Taylor Moore,residential,Sausage & Sauce Gift Pack,809.67,66.39,876.06
Desert Smoke BBQ & Catering,bbq_catering,I_0ecfbc3fd7,BBQ-I00021,Q_38d4f1573f,2025-11-23T17:00:00,2025-11-25T22:00:00,paid,DESC1007,Drew Hernandez,residential,Catering - Office Lunch,1966.04,161.22,2127.26
Desert Smoke BBQ & Catering,bbq_catering,I_0ed57ef603,BBQ-I00022,Q_20961d1fb4,2025-11-30T13:15:00,2025-12-07T17:15:00,paid,DESC1035,Jamie Brown,residential,Catering - Community Event,570.13,46.75,616.88
Desert Smoke BBQ & Catering,bbq_catering,I_c492048712,BBQ-I00023,Q_9864e4cf70,2025-11-24T19:30:00,2025-11-25T23:30:00,paid,DESC1032,Skyler Davis,commercial,Catering - Backyard Party,893.42,73.26,966.68
Desert Smoke BBQ & Catering,bbq_catering,I_fdef7e0f0c,BBQ-I00024,Q_120ea9453a,2025-11-24T18:45:00,2025-11-27T21:45:00,paid,DESC1010,Quinn Brown,residential,Catering - Wedding,1146.45,94.01,1240.46
Desert Smoke BBQ & Catering,bbq_catering,I_ec3a471fdb,BBQ-I00025,Q_2bda75551c,2025-11-30T03:45:00,2025-12-03T06:45:00,paid,DESC1011,Riley Davis,residential,Catering - Community Event,485.73,39.83,525.56
Desert Smoke BBQ & Catering,bbq_catering,I_da9c2dc250,BBQ-I00026,Q_49154f7d03,2025-11-26T19:15:00,2025-12-03T02:15:00,paid,DESC1022,Jamie Martinez,residential,Sausage & Sauce Gift Pack,1375.15,112.76,1487.91
Desert Smoke BBQ & Catering,bbq_catering,I_c31f16e339,BBQ-I00027,Q_73081072ff,2025-11-30T23:00:00,2025-12-02T05:00:00,paid,DESC1009,Cameron Jackson,residential,Sausage & Sauce Gift Pack,1393.71,114.28,1507.99
Desert Smoke BBQ & Catering,bbq_catering,I_5fdf523f95,BBQ-I00028,Q_e341bb42a7,2025-12-06T23:00:00,2025-12-08T06:00:00,paid,DESC1011,Riley Davis,residential,Catering - Backyard Party,1267.36,103.92,1371.28
Desert Smoke BBQ & Catering,bbq_catering,I_105592779e,BBQ-I00029,Q_6719b111db,2025-12-03T18:30:00,2025-12-04T23:30:00,paid,DESC1027,Jamie Anderson,residential,Bulk Smoked Meats Pickup,855.67,70.17,925.84
Desert Smoke BBQ & Catering,bbq_catering,I_31f2c109fc,BBQ-I00030,Q_0045814319,2025-12-03T18:45:00,2025-12-12T02:45:00,paid,DESC1006,Sam Lee,commercial,Catering - Backyard Party,1268.48,104.02,1372.5
Desert Smoke BBQ & Catering,bbq_catering,I_025349d767,BBQ-I00031,Q_f3b6730715,2025-12-04T22:00:00,2025-12-06T00:00:00,paid,DESC1028,Blake Jackson,residential,Catering - Community Event,1038.99,85.2,1124.19
Desert Smoke BBQ & Catering,bbq_catering,I_61fd766efe,BBQ-I00032,Q_241c18bdc4,2025-12-04T22:15:00,2025-12-06T03:15:00,paid,DESC1036,Cameron Jackson,residential,Catering - Wedding,845.32,69.32,914.64
Desert Smoke BBQ & Catering,bbq_catering,I_cee21f5ca2,BBQ-I00033,Q_60a7bed144,2025-12-08T20:00:00,2025-12-10T21:00:00,paid,DESC1023,Alex Thomas,residential,Catering - Community Event,734.09,60.19,794.28
Desert Smoke BBQ & Catering,bbq_catering,I_015554d633,BBQ-I00034,Q_c61c437b25,2025-12-06T23:30:00,2025-12-09T01:30:00,paid,DESC1034,Casey Smith,residential,Catering - Office Lunch,1066.85,87.48,1154.33
Desert Smoke BBQ & Catering,bbq_catering,I_42472c8cfd,BBQ-I00035,Q_1b89073fa8,2025-12-09T16:45:00,2025-12-10T20:45:00,paid,DESC1016,Rowan Moore,residential,Sausage & Sauce Gift Pack,2809.78,230.4,3040.18
Desert Smoke BBQ & Catering,bbq_catering,I_a8e178246a,BBQ-I00036,Q_9978694a3d,2025-12-05T20:30:00,2025-12-07T01:30:00,paid,DESC1003,Rowan Davis,residential,Catering - Office Lunch,1749.16,143.43,1892.59
Desert Smoke BBQ & Catering,bbq_catering,I_080e5a6040,BBQ-I00037,Q_e15b7a4d14,2025-12-08T18:30:00,2025-12-10T23:30:00,paid,DESC1033,Casey Martin,residential,Sausage & Sauce Gift Pack,1969.39,161.49,2130.88
Desert Smoke BBQ & Catering,bbq_catering,I_59bcd5ff71,BBQ-I00038,Q_c287316060,2025-12-08T17:30:00,2025-12-09T22:30:00,paid,DESC1010,Quinn Brown,residential,Catering - Backyard Party,1206.63,98.94,1305.57
Desert Smoke BBQ & Catering,bbq_catering,I_6e447528d7,BBQ-I00039,Q_35aa4a8bd4,2025-12-07T17:15:00,2025-12-08T23:15:00,paid,DESC1016,Rowan Moore,residential,Sausage & Sauce Gift Pack,689.36,56.53,745.89
Desert Smoke BBQ & Catering,bbq_catering,I_53a22a11f0,BBQ-I00040,Q_5f2ce05816,2025-12-07T22:00:00,2025-12-11T05:00:00,paid,DESC1028,Blake Jackson,residential,Sausage & Sauce Gift Pack,2823.08,231.49,3054.57
Desert Smoke BBQ & Catering,bbq_catering,I_27eb178b52,BBQ-I00041,Q_085c569e6e,2025-12-07T20:45:00,2025-12-07T23:45:00,paid,DESC1035,Jamie Brown,residential,Bulk Smoked Meats Pickup,658.45,53.99,712.44
Desert Smoke BBQ & Catering,bbq_catering,I_05ab873caa,BBQ-I00042,Q_8e376ccbe8,2025-12-09T23:45:00,2025-12-11T02:45:00,paid,DESC1038,Avery Nguyen,residential,Catering - Wedding,1254.63,102.88,1357.51
Desert Smoke BBQ & Catering,bbq_catering,I_232805cc8a,BBQ-I00043,Q_b1c20d2a27,2025-12-10T01:30:00,2025-12-13T04:30:00,paid,DESC1016,Rowan Moore,residential,Catering - Backyard Party,602.03,49.37,651.4
Desert Smoke BBQ & Catering,bbq_catering,I_e7885a381f,BBQ-I00044,Q_e7da5f15fa,2025-12-13T20:15:00,2025-12-14T20:15:00,paid,DESC1000,Casey Garcia,residential,Catering - Office Lunch,756.31,62.02,818.33
Desert Smoke BBQ & Catering,bbq_catering,I_a2adcb7c90,BBQ-I00045,Q_820f6a5f24,2025-12-12T22:15:00,2025-12-15T05:15:00,paid,DESC1029,Alex Davis,residential,Catering - Wedding,642.14,52.66,694.8
Desert Smoke BBQ & Catering,bbq_catering,I_5e7fee74b6,BBQ-I00046,Q_504cc821aa,2025-12-13T03:30:00,2025-12-15T04:30:00,paid,DESC1022,Jamie Martinez,residential,Catering - Wedding,522.54,42.85,565.39
Desert Smoke BBQ & Catering,bbq_catering,I_ea74bd3062,BBQ-I00047,Q_d287292f00,2025-12-14T23:30:00,2025-12-19T07:30:00,paid,DESC1028,Blake Jackson,residential,Catering - Wedding,648.47,53.17,701.64
Desert Smoke BBQ & Catering,bbq_catering,I_1aa08bf9c2,BBQ-I00048,Q_06ffcabc0b,2025-12-13T20:30:00,2025-12-15T00:30:00,paid,DESC1016,Rowan Moore,residential,Catering - Wedding,690.68,56.64,747.32
Desert Smoke BBQ & Catering,bbq_catering,I_a6e4ccd849,BBQ-I00049,Q_01ff8ea1a5,2025-12-15T13:15:00,2025-12-15T17:15:00,paid,DESC1031,Avery Wilson,residential,Sausage & Sauce Gift Pack,1329.54,109.02,1438.56
Desert Smoke BBQ & Catering,bbq_catering,I_ed13d3e364,BBQ-I00050,Q_01726ac59b,2025-12-17T22:00:00,2025-12-22T05:00:00,paid,DESC1023,Alex Thomas,residential,Catering - Community Event,513.4,42.1,555.5
Desert Smoke BBQ & Catering,bbq_catering,I_40fa5cb4ca,BBQ-I00051,Q_587b196905,2025-12-17T22:00:00,2025-12-21T02:00:00,paid,DESC1016,Rowan Moore,residential,Catering - Backyard Party,1277.48,104.75,1382.23
Desert Smoke BBQ & Catering,bbq_catering,I_a755426aaf,BBQ-I00052,Q_d6b94452b7,2025-12-17T20:00:00,2025-12-19T02:00:00,paid,DESC1005,Taylor Moore,residential,Catering - Office Lunch,586.85,48.12,634.97
Desert Smoke BBQ & Catering,bbq_catering,I_d92ee46137,BBQ-I00053,Q_577e17628f,2025-12-17T01:45:00,2025-12-17T08:45:00,paid,DESC1031,Avery Wilson,residential,Sausage & Sauce Gift Pack,1994.16,163.52,2157.68
Desert Smoke BBQ & Catering,bbq_catering,I_218602b632,BBQ-I00054,Q_8ef85775c6,2025-12-19T00:15:00,2025-12-21T07:15:00,paid,DESC1002,Jamie Davis,residential,Catering - Community Event,1182.5,96.96,1279.46
Desert Smoke BBQ & Catering,bbq_catering,I_9e9d768a87,BBQ-I00055,Q_fd41579854,2025-12-19T23:45:00,2025-12-21T04:45:00,paid,DESC1020,Casey Anderson,residential,Bulk Smoked Meats Pickup,3748.67,307.39,4056.06
Desert Smoke BBQ & Catering,bbq_catering,I_8b4a0074ff,BBQ-I00056,Q_32dee00759,2025-12-18T02:15:00,2025-12-21T10:15:00,paid,DESC1007,Drew Hernandez,residential,Bulk Smoked Meats Pickup,461.68,37.86,499.54
Desert Smoke BBQ & Catering,bbq_catering,I_4a00f24d61,BBQ-I00057,Q_e26b4676d2,2025-12-20T05:15:00,2025-12-21T11:15:00,paid,DESC1023,Alex Thomas,residential,Sausage & Sauce Gift Pack,976.0,80.03,1056.03
Desert Smoke BBQ & Catering,bbq_catering,I_cd18852a16,BBQ-I00058,Q_9c4ebe0982,2025-12-20T20:15:00,2025-12-22T22:15:00,paid,DESC1033,Casey Martin,residential,Bulk Smoked Meats Pickup,218.72,17.94,236.66
Desert Smoke BBQ & Catering,bbq_catering,I_9d5cf4d6a5,BBQ-I00059,Q_656e392d71,2025-12-21T17:15:00,2025-12-22T21:15:00,paid,DESC1009,Cameron Jackson,residential,Sausage & Sauce Gift Pack,1204.5,98.77,1303.27
Desert Smoke BBQ & Catering,bbq_catering,I_3add5a2bb8,BBQ-I00060,Q_206bb96c34,2025-12-21T20:15:00,2025-12-26T00:15:00,paid,DESC1003,Rowan Davis,residential,Catering - Backyard Party,1225.46,100.49,1325.95
Desert Smoke BBQ & Catering,bbq_catering,I_b6c60c1366,BBQ-I00061,Q_f412767914,2025-12-25T03:15:00,2025-12-25T08:15:00,paid,DESC1038,Avery Nguyen,residential,Catering - Office Lunch,452.8,37.13,489.93
Desert Smoke BBQ & Catering,bbq_catering,I_b297e35007,BBQ-I00062,Q_b311793c9b,2025-12-29T00:15:00,2025-12-31T08:15:00,paid,DESC1039,Jordan Nguyen,residential,Sausage & Sauce Gift Pack,1122.23,92.02,1214.25
Desert Smoke BBQ & Catering,bbq_catering,I_2ccbffba3e,BBQ-I00063,Q_35653c3452,2025-12-24T21:45:00,2025-12-29T22:45:00,paid,DESC1022,Jamie Martinez,residential,Catering - Backyard Party,1078.04,88.4,1166.44
Desert Smoke BBQ & Catering,bbq_catering,I_afcb840338,BBQ-I00064,Q_0663aafd74,2025-12-25T23:00:00,2025-12-28T05:00:00,paid,DESC1018,Taylor Moore,residential,Catering - Office Lunch,2222.12,182.21,2404.33
Desert Smoke BBQ & Catering,bbq_catering,I_9835e3fdb1,BBQ-I00065,Q_c93c8c20a2,2025-12-23T02:00:00,2025-12-28T06:00:00,paid,DESC1012,Avery Thomas,commercial,Sausage & Sauce Gift Pack,707.26,58.0,765.26
Desert Smoke BBQ & Catering,bbq_catering,I_c95160da83,BBQ-I00066,Q_c5065ccab9,2025-12-22T23:00:00,2025-12-25T04:00:00,paid,DESC1004,Rowan Thomas,residential,Sausage & Sauce Gift Pack,1379.33,113.1,1492.43
Desert Smoke BBQ & Catering,bbq_catering,I_1a851a7a21,BBQ-I00067,Q_e9329af30f,2025-12-29T00:45:00,2026-01-01T02:45:00,paid,DESC1029,Alex Davis,residential,Catering - Backyard Party,1063.27,87.19,1150.46
Desert Smoke BBQ & Catering,bbq_catering,I_51ad34e642,BBQ-I00068,Q_503fb3ba0b,2025-12-29T00:45:00,2025-12-30T02:45:00,paid,DESC1019,Alex Lee,residential,Catering - Community Event,461.04,37.81,498.85
Desert Smoke BBQ & Catering,bbq_catering,I_af919a9b95,BBQ-I00069,Q_bcca4a5764,2025-12-31T00:00:00,2026-01-17T07:00:00,paid,DESC1030,Avery Johnson,commercial,Catering - Backyard Party,730.48,59.9,790.38
Desert Smoke BBQ & Catering,bbq_catering,I_88f5d48819,BBQ-I00070,Q_b378090c7b,2025-12-27T21:15:00,2025-12-31T04:15:00,paid,DESC1001,Casey Johnson,residential,Sausage & Sauce Gift Pack,766.44,62.85,829.29
Desert Smoke BBQ & Catering,bbq_catering,I_8e9740307a,BBQ-I00071,Q_6fc7b56bb6,2025-12-30T18:15:00,2025-12-30T19:15:00,paid,DESC1028,Blake Jackson,residential,Catering - Wedding,861.16,70.61,931.77
Desert Smoke BBQ & Catering,bbq_catering,I_481971eaf2,BBQ-I00072,Q_13b9ca08da,2025-12-29T21:30:00,2025-12-30T21:30:00,paid,DESC1019,Alex Lee,residential,Catering - Backyard Party,1003.04,82.25,1085.29
Desert Smoke BBQ & Catering,bbq_catering,I_84d1f21d3e,BBQ-I00073,Q_e4b099761d,2025-12-29T03:30:00,2025-12-31T03:30:00,paid,DESC1029,Alex Davis,residential,Catering - Office Lunch,1045.7,85.75,1131.45
Desert Smoke BBQ & Catering,bbq_catering,I_0d9c5983a1,BBQ-I00074,Q_3f952f3482,2025-12-29T02:45:00,2025-12-31T03:45:00,paid,DESC1022,Jamie Martinez,residential,Catering - Wedding,1666.09,136.62,1802.71
Desert Smoke BBQ & Catering,bbq_catering,I_dec2f27cf9,BBQ-I00075,Q_ba83e6e6be,2025-12-30T23:00:00,2026-01-03T02:00:00,paid,DESC1000,Casey Garcia,residential,Catering - Office Lunch,1877.87,153.98,2031.85
Desert Smoke BBQ & Catering,bbq_catering,I_74d2a72a80,BBQ-I00076,Q_fa59fdffa5,2026-01-03T20:30:00,2026-01-06T01:30:00,paid,DESC1026,Skyler Nguyen,residential,Catering - Community Event,1247.33,102.28,1349.61
Desert Smoke BBQ & Catering,bbq_catering,I_3346d6c4b5,BBQ-I00077,Q_7f4f5714c8,2026-01-01T22:30:00,2026-01-06T23:30:00,paid,DESC1032,Skyler Davis,commercial,Catering - Community Event,908.48,74.5,982.98
Desert Smoke BBQ & Catering,bbq_catering,I_d3642b238d,BBQ-I00078,Q_58ad046376,2026-01-05T22:15:00,2026-01-06T00:15:00,paid,DESC1036,Cameron Jackson,residential,Catering - Community Event,1101.32,90.31,1191.63
Desert Smoke BBQ & Catering,bbq_catering,I_8b58131b81,BBQ-I00079,Q_79cd5979ad,2026-01-06T21:45:00,2026-01-12T04:45:00,paid,DESC1036,Cameron Jackson,residential,Bulk Smoked Meats Pickup,1679.95,137.76,1817.71
Desert Smoke BBQ & Catering,bbq_catering,I_8d7423f9cf,BBQ-I00080,Q_3d5c998aeb,2026-01-05T23:15:00,2026-01-10T03:15:00,paid,DESC1005,Taylor Moore,residential,Sausage & Sauce Gift Pack,500.98,41.08,542.06
Desert Smoke BBQ & Catering,bbq_catering,I_5d0ce1af12,BBQ-I00081,Q_28bf4fcae0,2026-01-07T03:45:00,2026-01-10T03:45:00,paid,DESC1038,Avery Nguyen,residential,Catering - Wedding,1290.75,105.84,1396.59
Desert Smoke BBQ & Catering,bbq_catering,I_9ad45b60be,BBQ-I00082,Q_e37eaabfcd,2026-01-09T17:30:00,2026-01-10T20:30:00,paid,DESC1001,Casey Johnson,residential,Catering - Office Lunch,1983.48,162.65,2146.13
Desert Smoke BBQ & Catering,bbq_catering,I_dbfb6c9cc6,BBQ-I00083,Q_99672ad227,2026-01-09T03:15:00,2026-01-09T05:15:00,paid,DESC1023,Alex Thomas,residential,Catering - Backyard Party,651.65,53.44,705.09
Desert Smoke BBQ & Catering,bbq_catering,I_5d53fcb2c1,BBQ-I00084,Q_ccfc153811,2026-01-07T21:45:00,2026-01-09T00:45:00,paid,DESC1011,Riley Davis,residential,Catering - Office Lunch,498.78,40.9,539.68
Desert Smoke BBQ & Catering,bbq_catering,I_2c23f3b50f,BBQ-I00085,Q_733003dc8a,2026-01-12T02:30:00,2026-01-14T10:30:00,paid,DESC1033,Casey Martin,residential,Catering - Office Lunch,758.86,62.23,821.09
Desert Smoke BBQ & Catering,bbq_catering,I_e62b375d75,BBQ-I00086,Q_238e47fcaa,2026-01-13T21:15:00,2026-01-16T03:15:00,paid,DESC1010,Quinn Brown,residential,Bulk Smoked Meats Pickup,2355.24,193.13,2548.37
Desert Smoke BBQ & Catering,bbq_catering,I_310ef77cf2,BBQ-I00087,Q_f041e04e6f,2026-01-13T15:30:00,2026-01-14T16:30:00,paid,DESC1019,Alex Lee,residential,Catering - Backyard Party,1305.07,107.02,1412.09
Desert Smoke BBQ & Catering,bbq_catering,I_631ed87ede,BBQ-I00088,Q_aa1710204f,2026-01-12T10:45:00,2026-01-13T10:45:00,paid,DESC1039,Jordan Nguyen,residential,Catering - Office Lunch,1759.1,144.25,1903.35
Desert Smoke BBQ & Catering,bbq_catering,I_b632119fb4,BBQ-I00089,Q_33d1423d16,2026-01-12T00:15:00,2026-01-13T08:15:00,paid,DESC1004,Rowan Thomas,residential,Catering - Community Event,974.03,79.87,1053.9
Desert Smoke BBQ & Catering,bbq_catering,I_2fa75f535b,BBQ-I00090,Q_d9f190d537,2026-01-16T16:45:00,2026-01-19T00:45:00,paid,DESC1020,Casey Anderson,residential,Catering - Office Lunch,930.86,76.33,1007.19
Desert Smoke BBQ & Catering,bbq_catering,I_ce16ccba20,BBQ-I00091,Q_ccee6ebbb8,2026-01-16T17:30:00,2026-01-20T01:30:00,paid,DESC1031,Avery Wilson,residential,Catering - Wedding,699.65,57.37,757.02
Desert Smoke BBQ & Catering,bbq_catering,I_3c71e91537,BBQ-I00092,Q_3b5a5c0947,2026-01-18T22:45:00,2026-01-25T01:45:00,paid,DESC1031,Avery Wilson,residential,Catering - Wedding,188.34,15.44,203.78
Desert Smoke BBQ & Catering,bbq_catering,I_de53f7c8b4,BBQ-I00093,Q_a49c64ea0a,2026-01-21T20:00:00,2026-01-25T23:00:00,paid,DESC1004,Rowan Thomas,residential,Catering - Community Event,936.52,76.8,1013.32
Desert Smoke BBQ & Catering,bbq_catering,I_cb7c8521aa,BBQ-I00094,Q_ad3c485b2f,2026-01-20T17:15:00,2026-01-25T00:15:00,paid,DESC1018,Taylor Moore,residential,Sausage & Sauce Gift Pack,1204.64,98.78,1303.42
Desert Smoke BBQ & Catering,bbq_catering,I_f4381b7364,BBQ-I00095,Q_c84dbdeb34,2026-01-17T19:00:00,2026-01-18T01:00:00,paid,DESC1038,Avery Nguyen,residential,Catering - Office Lunch,475.06,38.95,514.01
Desert Smoke BBQ & Catering,bbq_catering,I_e20f6ee6d8,BBQ-I00096,Q_f78adc5296,2026-01-25T14:15:00,2026-01-29T17:15:00,paid,DESC1016,Rowan Moore,residential,Catering - Wedding,684.22,56.11,740.33
Desert Smoke BBQ & Catering,bbq_catering,I_0a1ac5d538,BBQ-I00097,Q_450243804d,2026-01-23T02:45:00,2026-01-31T04:45:00,paid,DESC1006,Sam Lee,commercial,Sausage & Sauce Gift Pack,822.55,67.45,890.0
Desert Smoke BBQ & Catering,bbq_catering,I_5db1832208,BBQ-I00098,Q_c37a314c3b,2026-01-22T11:30:00,2026-01-30T16:30:00,paid,DESC1008,Avery Anderson,commercial,Bulk Smoked Meats Pickup,2193.66,179.88,2373.54
Desert Smoke BBQ & Catering,bbq_catering,I_093d675b6b,BBQ-I00099,Q_3cc97e7a6e,2026-01-23T22:30:00,2026-01-23T23:30:00,paid,DESC1019,Alex Lee,residential,Catering - Office Lunch,1251.32,102.61,1353.93
Desert Smoke BBQ & Catering,bbq_catering,I_b0ac5e9416,BBQ-I00100,Q_8a9e2382b6,2026-01-25T21:15:00,2026-01-31T00:15:00,paid,DESC1023,Alex Thomas,residential,Catering - Community Event,648.19,53.15,701.34
Desert Smoke BBQ & Catering,bbq_catering,I_992124f17c,BBQ-I00101,Q_80a65f78b2,2026-01-26T04:15:00,2026-01-28T08:15:00,paid,DESC1019,Alex Lee,residential,Catering - Community Event,1090.16,89.39,1179.55
Desert Smoke BBQ & Catering,bbq_catering,I_289bdcda67,BBQ-I00102,Q_54874dacf9,2026-01-25T20:45:00,2026-01-28T02:45:00,paid,DESC1034,Casey Smith,residential,Bulk Smoked Meats Pickup,430.73,35.32,466.05
Desert Smoke BBQ & Catering,bbq_catering,I_d13eb5140b,BBQ-I00103,Q_44f8949387,2026-01-27T03:00:00,2026-01-31T11:00:00,paid,DESC1027,Jamie Anderson,residential,Catering - Office Lunch,2141.88,175.63,2317.51
Desert Smoke BBQ & Catering,bbq_catering,I_b72a2069cd,BBQ-I00104,Q_d3f622ec48,2026-01-27T13:45:00,2026-01-30T14:45:00,paid,DESC1007,Drew Hernandez,residential,Catering - Community Event,1056.1,86.6,1142.7
Desert Smoke BBQ & Catering,bbq_catering,I_859ff1ef0e,BBQ-I00105,Q_ba71aa388c,2026-01-28T02:45:00,2026-01-29T10:45:00,paid,DESC1023,Alex Thomas,residential,Catering - Office Lunch,542.16,44.46,586.62
Desert Smoke BBQ & Catering,bbq_catering,I_aa5c458523,BBQ-I00106,Q_02eabd9f1f,2026-01-29T17:45:00,2026-01-31T19:45:00,paid,DESC1019,Alex Lee,residential,Sausage & Sauce Gift Pack,1710.61,140.27,1850.88
Desert Smoke BBQ & Catering,bbq_catering,I_f69a7c58b5,BBQ-I00107,Q_370a3cf61f,2026-01-30T03:15:00,2026-02-01T10:15:00,paid,DESC1022,Jamie Martinez,residential,Catering - Wedding,237.33,19.46,256.79
Desert Smoke BBQ & Catering,bbq_catering,I_b5e3bb064c,BBQ-I00108,Q_c953c4aad1,2026-01-29T19:30:00,2026-02-03T01:30:00,paid,DESC1007,Drew Hernandez,residential,Bulk Smoked Meats Pickup,317.78,26.06,343.84
Desert Smoke BBQ & Catering,bbq_catering,I_68a40de85d,BBQ-I00109,Q_ddba756e13,2026-01-29T03:45:00,2026-01-31T06:45:00,paid,DESC1036,Cameron Jackson,residential,Bulk Smoked Meats Pickup,679.27,55.7,734.97
Desert Smoke BBQ & Catering,bbq_catering,I_198651de90,BBQ-I00110,Q_87371de59e,2026-01-29T18:45:00,2026-01-31T01:45:00,paid,DESC1009,Cameron Jackson,residential,Bulk Smoked Meats Pickup,899.57,73.76,973.33
Desert Smoke BBQ & Catering,bbq_catering,I_2a07144a96,BBQ-I00111,Q_0850a35636,2026-01-28T21:00:00,2026-01-29T22:00:00,paid,DESC1022,Jamie Martinez,residential,Catering - Office Lunch,702.7,57.62,760.32
Desert Smoke BBQ & Catering,bbq_catering,I_9579029f4b,BBQ-I00112,Q_ad88cadef6,2026-01-31T04:30:00,2026-02-01T12:30:00,paid,DESC1039,Jordan Nguyen,residential,Catering - Office Lunch,847.95,69.53,917.48
Desert Smoke BBQ & Catering,bbq_catering,I_ce5a84cdcb,BBQ-I00113,Q_bc979b2492,2026-02-03T01:30:00,2026-02-05T02:30:00,paid,DESC1003,Rowan Davis,residential,Sausage & Sauce Gift Pack,933.88,76.58,1010.46
Desert Smoke BBQ & Catering,bbq_catering,I_d19acf5c62,BBQ-I00114,Q_0b34fb4169,2026-02-04T19:30:00,2026-02-20T02:30:00,paid,DESC1025,Skyler Johnson,commercial,Catering - Backyard Party,1051.96,86.26,1138.22
Desert Smoke BBQ & Catering,bbq_catering,I_1c922481b5,BBQ-I00115,Q_5c477c9215,2026-02-06T21:15:00,2026-02-08T01:15:00,paid,DESC1039,Jordan Nguyen,residential,Sausage & Sauce Gift Pack,1768.46,145.01,1913.47
