company,invoice_id,line_index,item_name,category,qty,unit,unit_price,unit_cost_actual,ext_price,ext_cost
Desert Smoke BBQ & Catering,I_acb64947bc,1,Sausage Links,food,1,lb,345.1,172.55,345.1,172.55
Desert Smoke BBQ & Catering,I_acb64947bc,2,Pulled Pork,food,1,lb,345.1,172.55,345.1,172.55
Desert Smoke BBQ & Catering,I_f44c5371e4,1,Serving Staff,labor,1,hr,282.31,141.16,282.31,141.16
Desert Smoke BBQ & Catering,I_f44c5371e4,2,Catering Setup,service,1,each,282.31,141.16,282.31,141.16
Desert Smoke BBQ & Catering,I_f44c5371e4,3,Serving Staff,labor,2,hr,141.16,70.58,282.32,141.16
Desert Smoke BBQ & Catering,I_f44c5371e4,4,Sausage Links,food,1,lb,282.3,141.15,282.3,141.15
Desert Smoke BBQ & Catering,I_1913f67838,1,Serving Staff,labor,1,hr,227.63,113.81,227.63,113.81
Desert Smoke BBQ & Catering,I_1913f67838,2,Catering Setup,service,1,each,227.62,113.81,227.62,113.81
Desert Smoke BBQ & Catering,I_1913f67838,3,Sides Tray,food,1,tray,227.63,113.81,227.63,113.81
Desert Smoke BBQ & Catering,I_84160e577d,1,Catering Setup,service,1,each,514.31,267.44,514.31,267.44
Desert Smoke BBQ & Catering,I_84160e577d,2,Serving Staff,labor,3,hr,171.44,89.15,514.32,267.45
Desert Smoke BBQ & Catering,I_84160e577d,3,Disposable Servingware,supplies,1,kit,514.29,267.43,514.29,267.43
Desert Smoke BBQ & Catering,I_b4750d686f,1,Smoked Brisket,food,1,lb,379.95,189.97,379.95,189.97
Desert Smoke BBQ & Catering,I_b4750d686f,2,Catering Setup,service,1,each,379.95,189.97,379.95,189.97
Desert Smoke BBQ & Catering,I_b4750d686f,3,Catering Setup,service,1,each,379.96,189.98,379.96,189.98
Desert Smoke BBQ & Catering,I_f9db38d1a1,1,Pulled Pork,food,2,lb,190.7,95.35,381.4,190.7
Desert Smoke BBQ & Catering,I_f9db38d1a1,2,Smoked Brisket,food,2,lb,190.7,95.35,381.4,190.7
Desert Smoke BBQ & Catering,I_f9db38d1a1,3,Sides Tray,food,1,tray,381.4,190.7,381.4,190.7
Desert Smoke BBQ & Catering,I_b45d8c55e5,1,BBQ Sauce Bottles,merch,1,each,205.15,102.58,205.15,102.58
Desert Smoke BBQ & Catering,I_b45d8c55e5,2,Serving Staff,labor,1,hr,205.16,102.58,205.16,102.58
Desert Smoke BBQ & Catering,I_b45d8c55e5,3,Serving Staff,labor,1,hr,205.15,102.58,205.15,102.58
Desert Smoke BBQ & Catering,I_451384a113,1,Sausage Links,food,3,lb,104.99,52.49,314.97,157.47
Desert Smoke BBQ & Catering,I_451384a113,2,Serving Staff,labor,1,hr,314.96,157.48,314.96,157.48
Desert Smoke BBQ & Catering,I_451384a113,3,Pulled Pork,food,3,lb,104.99,52.49,314.97,157.47
Desert Smoke BBQ & Catering,I_451384a113,4,BBQ Sauce Bottles,merch,1,each,314.96,157.48,314.96,157.48
Desert Smoke BBQ & Catering,I_6e51d34635,1,Serving Staff,labor,3,hr,446.8,232.34,1340.4,697.02
Desert Smoke BBQ & Catering,I_6e51d34635,2,Serving Staff,labor,2,hr,670.19,348.5,1340.38,697.0
Desert Smoke BBQ & Catering,I_8ae18241bf,1,Sausage Links,food,3,lb,49.92,24.96,149.76,74.88
Desert Smoke BBQ & Catering,I_8ae18241bf,2,Serving Staff,labor,2,hr,74.89,37.45,149.78,74.9
Desert Smoke BBQ & Catering,I_8ae18241bf,3,Smoked Brisket,food,1,lb,149.77,74.89,149.77,74.89
Desert Smoke BBQ & Catering,I_8ae18241bf,4,Serving Staff,labor,1,hr,149.77,74.89,149.77,74.89
Desert Smoke BBQ & Catering,I_8ae18241bf,5,BBQ Sauce Bottles,merch,3,each,49.92,24.96,149.76,74.88
Desert Smoke BBQ & Catering,I_67dca81bc0,1,Sausage Links,food,3,lb,44.99,22.5,134.97,67.5
Desert Smoke BBQ & Catering,I_67dca81bc0,2,Disposable Servingware,supplies,1,kit,134.95,67.47,134.95,67.47
Desert Smoke BBQ & Catering,I_67dca81bc0,3,Sides Tray,food,1,tray,134.96,67.48,134.96,67.48
Desert Smoke BBQ & Catering,I_070b886589,1,Catering Setup,service,1,each,322.48,161.24,322.48,161.24
Desert Smoke BBQ & Catering,I_070b886589,2,Pulled Pork,food,1,lb,322.48,161.24,322.48,161.24
Desert Smoke BBQ & Catering,I_070b886589,3,Sausage Links,food,1,lb,322.48,161.24,322.48,161.24
Desert Smoke BBQ & Catering,I_070b886589,4,BBQ Sauce Bottles,merch,1,each,322.47,161.24,322.47,161.24
Desert Smoke BBQ & Catering,I_d54c321c38,1,Sides Tray,food,2,tray,279.04,139.52,558.08,279.04
Desert Smoke BBQ & Catering,I_d54c321c38,2,BBQ Sauce Bottles,merch,3,each,186.03,93.02,558.09,279.06
Desert Smoke BBQ & Catering,I_45cb508aea,1,BBQ Sauce Bottles,merch,3,each,37.47,18.73,112.41,56.19
Desert Smoke BBQ & Catering,I_45cb508aea,2,Sides Tray,food,2,tray,56.2,28.1,112.4,56.2
Desert Smoke BBQ & Catering,I_45cb508aea,3,Sides Tray,food,1,tray,112.39,56.2,112.39,56.2
Desert Smoke BBQ & Catering,I_45cb508aea,4,BBQ Sauce Bottles,merch,2,each,56.2,28.1,112.4,56.2
Desert Smoke BBQ & Catering,I_45cb508aea,5,Smoked Brisket,food,2,lb,56.2,28.1,112.4,56.2
Desert Smoke BBQ & Catering,I_e2efb6791c,1,Serving Staff,labor,2,hr,205.33,102.67,410.66,205.34
Desert Smoke BBQ & Catering,I_e2efb6791c,2,Catering Setup,service,1,each,410.65,205.32,410.65,205.32
Desert Smoke BBQ & Catering,I_0c99aa996b,1,Catering Setup,service,1,each,293.56,146.78,293.56,146.78
Desert Smoke BBQ & Catering,I_0c99aa996b,2,Pulled Pork,food,1,lb,293.56,146.78,293.56,146.78
Desert Smoke BBQ & Catering,I_0c99aa996b,3,Serving Staff,labor,1,hr,293.57,146.78,293.57,146.78
Desert Smoke BBQ & Catering,I_0c99aa996b,4,Smoked Brisket,food,1,lb,293.56,146.78,293.56,146.78
Desert Smoke BBQ & Catering,I_8920701ee8,1,Smoked Brisket,food,2,lb,134.93,67.47,269.86,134.94
Desert Smoke BBQ & Catering,I_8920701ee8,2,Disposable Servingware,supplies,1,kit,269.87,134.94,269.87,134.94
Desert Smoke BBQ & Catering,I_8920701ee8,3,BBQ Sauce Bottles,merch,1,each,269.87,134.94,269.87,134.94
Desert Smoke BBQ & Catering,I_8920701ee8,4,Disposable Servingware,supplies,1,kit,269.87,134.94,269.87,134.94
Desert Smoke BBQ & Catering,I_6991044c31,1,Serving Staff,labor,1,hr,68.04,34.02,68.04,34.02
Desert Smoke BBQ & Catering,I_6991044c31,2,Sides Tray,food,1,tray,68.03,34.02,68.03,34.02
Desert Smoke BBQ & Catering,I_6991044c31,3,Serving Staff,labor,2,hr,34.02,17.01,68.04,34.02
Desert Smoke BBQ & Catering,I_6991044c31,4,Sides Tray,food,2,tray,34.02,17.01,68.04,34.02
Desert Smoke BBQ & Catering,I_6991044c31,5,BBQ Sauce Bottles,merch,1,each,68.03,34.02,68.03,34.02
Desert Smoke BBQ & Catering,I_20998ff30f,1,Disposable Servingware,supplies,2,kit,110.03,55.02,220.06,110.04
Desert Smoke BBQ & Catering,I_20998ff30f,2,Disposable Servingware,supplies,1,kit,220.05,110.03,220.05,110.03
Desert Smoke BBQ & Catering,I_20998ff30f,3,Pulled Pork,food,1,lb,220.05,110.03,220.05,110.03
Desert Smoke BBQ & Catering,I_814e7b093b,1,BBQ Sauce Bottles,merch,3,each,66.47,33.23,199.41,99.69
Desert Smoke BBQ & Catering,I_814e7b093b,2,Catering Setup,service,1,each,199.41,99.7,199.41,99.7
Desert Smoke BBQ & Catering,I_814e7b093b,3,Disposable Servingware,supplies,1,kit,199.41,99.7,199.41,99.7
Desert Smoke BBQ & Catering,I_814e7b093b,4,Serving Staff,labor,1,hr,199.4,99.7,199.4,99.7
Desert Smoke BBQ & Catering,I_0ecfbc3fd7,1,Disposable Servingware,supplies,1,kit,635.65,330.54,635.65,330.54
Desert Smoke BBQ & Catering,I_0ecfbc3fd7,2,Serving Staff,labor,1,hr,635.65,330.54,635.65,330.54
Desert Smoke BBQ & Catering,I_0ecfbc3fd7,3,Sides Tray,food,1,tray,635.66,330.54,635.66,330.54
Desert Smoke BBQ & Catering,I_0ed57ef603,1,Serving Staff,labor,1,hr,284.4,142.2,284.4,142.2
Desert Smoke BBQ & Catering,I_0ed57ef603,2,Disposable Servingware,supplies,1,kit,284.4,142.2,284.4,142.2
Desert Smoke BBQ & Catering,I_c492048712,1,Disposable Servingware,supplies,1,kit,212.47,106.23,212.47,106.23
Desert Smoke BBQ & Catering,I_c492048712,2,Pulled Pork,food,2,lb,106.24,53.12,212.48,106.24
Desert Smoke BBQ & Catering,I_c492048712,3,Disposable Servingware,supplies,1,kit,212.47,106.23,212.47,106.23
Desert Smoke BBQ & Catering,I_c492048712,4,Smoked Brisket,food,1,lb,212.47,106.23,212.47,106.23
Desert Smoke BBQ & Catering,I_fdef7e0f0c,1,Disposable Servingware,supplies,2,kit,110.88,55.44,221.76,110.88
Desert Smoke BBQ & Catering,I_fdef7e0f0c,2,Serving Staff,labor,3,hr,73.92,36.96,221.76,110.88
Desert Smoke BBQ & Catering,I_fdef7e0f0c,3,BBQ Sauce Bottles,merch,1,each,221.75,110.88,221.75,110.88
Desert Smoke BBQ & Catering,I_fdef7e0f0c,4,Smoked Brisket,food,3,lb,73.92,36.96,221.76,110.88
Desert Smoke BBQ & Catering,I_fdef7e0f0c,5,Pulled Pork,food,1,lb,221.74,110.87,221.74,110.87
Desert Smoke BBQ & Catering,I_ec3a471fdb,1,Serving Staff,labor,1,hr,161.83,80.92,161.83,80.92
Desert Smoke BBQ & Catering,I_ec3a471fdb,2,Disposable Servingware,supplies,1,kit,161.83,80.92,161.83,80.92
Desert Smoke BBQ & Catering,I_ec3a471fdb,3,Sides Tray,food,1,tray,161.83,80.92,161.83,80.92
Desert Smoke BBQ & Catering,I_da9c2dc250,1,Pulled Pork,food,1,lb,460.78,230.39,460.78,230.39
Desert Smoke BBQ & Catering,I_da9c2dc250,2,Sausage Links,food,1,lb,460.78,230.39,460.78,230.39
Desert Smoke BBQ & Catering,I_da9c2dc250,3,Serving Staff,labor,2,hr,230.39,115.19,460.78,230.38
Desert Smoke BBQ & Catering,I_c31f16e339,1,Sausage Links,food,2,lb,342.76,171.38,685.52,342.76
Desert Smoke BBQ & Catering,I_c31f16e339,2,Disposable Servingware,supplies,1,kit,685.54,342.77,685.54,342.77
Desert Smoke BBQ & Catering,I_5fdf523f95,1,Catering Setup,service,1,each,258.41,129.21,258.41,129.21
Desert Smoke BBQ & Catering,I_5fdf523f95,2,Pulled Pork,food,1,lb,258.4,129.2,258.4,129.2
Desert Smoke BBQ & Catering,I_5fdf523f95,3,Catering Setup,service,2,each,129.2,64.6,258.4,129.2
Desert Smoke BBQ & Catering,I_5fdf523f95,4,Disposable Servingware,supplies,1,kit,258.41,129.21,258.41,129.21
Desert Smoke BBQ & Catering,I_5fdf523f95,5,BBQ Sauce Bottles,merch,3,each,86.14,43.07,258.42,129.21
Desert Smoke BBQ & Catering,I_105592779e,1,Disposable Servingware,supplies,2,kit,211.19,105.59,422.38,211.18
Desert Smoke BBQ & Catering,I_105592779e,2,Smoked Brisket,food,1,lb,422.39,211.19,422.39,211.19
Desert Smoke BBQ & Catering,I_31f2c109fc,1,Sausage Links,food,1,lb,311.42,155.71,311.42,155.71
Desert Smoke BBQ & Catering,I_31f2c109fc,2,Disposable Servingware,supplies,2,kit,155.71,77.86,311.42,155.72
Desert Smoke BBQ & Catering,I_31f2c109fc,3,Pulled Pork,food,1,lb,311.42,155.71,311.42,155.71
Desert Smoke BBQ & Catering,I_31f2c109fc,4,Sides Tray,food,1,tray,311.42,155.71,311.42,155.71
Desert Smoke BBQ & Catering,I_025349d767,1,Pulled Pork,food,1,lb,191.32,95.66,191.32,95.66
Desert Smoke BBQ & Catering,I_025349d767,2,Disposable Servingware,supplies,1,kit,191.32,95.66,191.32,95.66
Desert Smoke BBQ & Catering,I_025349d767,3,Serving Staff,labor,2,hr,95.66,47.83,191.32,95.66
Desert Smoke BBQ & Catering,I_025349d767,4,Disposable Servingware,supplies,2,kit,95.66,47.83,191.32,95.66
Desert Smoke BBQ & Catering,I_025349d767,5,Sides Tray,food,2,tray,95.66,47.83,191.32,95.66
Desert Smoke BBQ & Catering,I_61fd766efe,1,Catering Setup,service,3,each,59.58,37.36,178.74,112.08
Desert Smoke BBQ & Catering,I_61fd766efe,2,Serving Staff,labor,1,hr,178.76,112.08,178.76,112.08
Desert Smoke BBQ & Catering,I_61fd766efe,3,Serving Staff,labor,1,hr,178.76,112.08,178.76,112.08
Desert Smoke BBQ & Catering,I_61fd766efe,4,Disposable Servingware,supplies,1,kit,178.75,112.07,178.75,112.07
Desert Smoke BBQ & Catering,I_61fd766efe,5,Disposable Servingware,supplies,3,kit,59.59,37.36,178.77,112.08
Desert Smoke BBQ & Catering,I_cee21f5ca2,1,Catering Setup,service,2,each,73.39,46.01,146.78,92.02
Desert Smoke BBQ & Catering,I_cee21f5ca2,2,Smoked Brisket,food,3,lb,48.93,30.68,146.79,92.04
Desert Smoke BBQ & Catering,I_cee21f5ca2,3,Pulled Pork,food,1,lb,146.79,92.03,146.79,92.03
Desert Smoke BBQ & Catering,I_cee21f5ca2,4,Serving Staff,labor,1,hr,146.79,92.03,146.79,92.03
Desert Smoke BBQ & Catering,I_cee21f5ca2,5,Pulled Pork,food,2,lb,73.39,46.01,146.78,92.02
Desert Smoke BBQ & Catering,I_015554d633,1,Smoked Brisket,food,1,lb,253.75,159.1,253.75,159.1
Desert Smoke BBQ & Catering,I_015554d633,2,Catering Setup,service,1,each,253.74,159.1,253.74,159.1
Desert Smoke BBQ & Catering,I_015554d633,3,BBQ Sauce Bottles,merch,1,each,253.75,159.1,253.75,159.1
Desert Smoke BBQ & Catering,I_015554d633,4,Sides Tray,food,3,tray,84.58,53.03,253.74,159.09
Desert Smoke BBQ & Catering,I_42472c8cfd,1,Sides Tray,food,2,tray,488.22,317.25,976.44,634.5
Desert Smoke BBQ & Catering,I_42472c8cfd,2,Serving Staff,labor,2,hr,488.23,317.25,976.46,634.5
Desert Smoke BBQ & Catering,I_42472c8cfd,3,Serving Staff,labor,1,hr,976.44,634.49,976.44,634.49
Desert Smoke BBQ & Catering,I_a8e178246a,1,Smoked Brisket,food,2,lb,212.54,138.11,425.08,276.22
Desert Smoke BBQ & Catering,I_a8e178246a,2,Serving Staff,labor,1,hr,425.09,276.22,425.09,276.22
Desert Smoke BBQ & Catering,I_a8e178246a,3,Smoked Brisket,food,3,lb,141.7,92.08,425.1,276.24
Desert Smoke BBQ & Catering,I_a8e178246a,4,Disposable Servingware,supplies,1,kit,425.09,276.22,425.09,276.22
Desert Smoke BBQ & Catering,I_080e5a6040,1,Smoked Brisket,food,1,lb,989.56,643.02,989.56,643.02
Desert Smoke BBQ & Catering,I_080e5a6040,2,Disposable Servingware,supplies,1,kit,989.56,643.02,989.56,643.02
Desert Smoke BBQ & Catering,I_59bcd5ff71,1,Sausage Links,food,1,lb,232.44,145.74,232.44,145.74
Desert Smoke BBQ & Catering,I_59bcd5ff71,2,Sausage Links,food,3,lb,77.48,48.58,232.44,145.74
Desert Smoke BBQ & Catering,I_59bcd5ff71,3,Catering Setup,service,3,each,77.48,48.58,232.44,145.74
Desert Smoke BBQ & Catering,I_59bcd5ff71,4,Serving Staff,labor,1,hr,232.45,145.75,232.45,145.75
Desert Smoke BBQ & Catering,I_59bcd5ff71,5,Serving Staff,labor,2,hr,116.22,72.87,232.44,145.74
Desert Smoke BBQ & Catering,I_6e447528d7,1,Catering Setup,service,1,each,146.26,91.7,146.26,91.7
Desert Smoke BBQ & Catering,I_6e447528d7,2,BBQ Sauce Bottles,merch,1,each,146.26,91.7,146.26,91.7
Desert Smoke BBQ & Catering,I_6e447528d7,3,Serving Staff,labor,3,hr,48.75,30.56,146.25,91.68
Desert Smoke BBQ & Catering,I_6e447528d7,4,Pulled Pork,food,2,lb,73.13,45.85,146.26,91.7
Desert Smoke BBQ & Catering,I_6e447528d7,5,Catering Setup,service,1,each,146.28,91.71,146.28,91.71
Desert Smoke BBQ & Catering,I_53a22a11f0,1,Catering Setup,service,3,each,466.52,303.15,1399.56,909.45
Desert Smoke BBQ & Catering,I_53a22a11f0,2,Sides Tray,food,1,tray,1399.56,909.43,1399.56,909.43
Desert Smoke BBQ & Catering,I_27eb178b52,1,Smoked Brisket,food,1,lb,337.69,211.73,337.69,211.73
Desert Smoke BBQ & Catering,I_27eb178b52,2,Disposable Servingware,supplies,1,kit,337.68,211.72,337.68,211.72
Desert Smoke BBQ & Catering,I_05ab873caa,1,Sausage Links,food,2,lb,130.45,81.79,260.9,163.58
Desert Smoke BBQ & Catering,I_05ab873caa,2,Pulled Pork,food,2,lb,130.45,81.79,260.9,163.58
Desert Smoke BBQ & Catering,I_05ab873caa,3,BBQ Sauce Bottles,merch,1,each,260.9,163.59,260.9,163.59
Desert Smoke BBQ & Catering,I_05ab873caa,4,Smoked Brisket,food,1,lb,260.9,163.59,260.9,163.59
Desert Smoke BBQ & Catering,I_05ab873caa,5,Sides Tray,food,2,tray,130.45,81.79,260.9,163.58
Desert Smoke BBQ & Catering,I_232805cc8a,1,Serving Staff,labor,1,hr,115.53,72.44,115.53,72.44
Desert Smoke BBQ & Catering,I_232805cc8a,2,Pulled Pork,food,2,lb,57.77,36.22,115.54,72.44
Desert Smoke BBQ & Catering,I_232805cc8a,3,Pulled Pork,food,1,lb,115.53,72.44,115.53,72.44
Desert Smoke BBQ & Catering,I_232805cc8a,4,Smoked Brisket,food,1,lb,115.52,72.44,115.52,72.44
Desert Smoke BBQ & Catering,I_232805cc8a,5,Catering Setup,service,1,each,115.53,72.44,115.53,72.44
Desert Smoke BBQ & Catering,I_e7885a381f,1,Sausage Links,food,3,lb,63.95,40.09,191.85,120.27
Desert Smoke BBQ & Catering,I_e7885a381f,2,Smoked Brisket,food,1,lb,191.85,120.29,191.85,120.29
Desert Smoke BBQ & Catering,I_e7885a381f,3,Sausage Links,food,1,lb,191.85,120.29,191.85,120.29
Desert Smoke BBQ & Catering,I_e7885a381f,4,Serving Staff,labor,1,hr,191.86,120.29,191.86,120.29
Desert Smoke BBQ & Catering,I_a2adcb7c90,1,Serving Staff,labor,1,hr,221.41,138.83,221.41,138.83
Desert Smoke BBQ & Catering,I_a2adcb7c90,2,Sausage Links,food,2,lb,110.7,69.41,221.4,138.82
Desert Smoke BBQ & Catering,I_a2adcb7c90,3,Pulled Pork,food,1,lb,221.41,138.83,221.41,138.83
Desert Smoke BBQ & Catering,I_5e7fee74b6,1,Pulled Pork,food,1,lb,109.5,68.66,109.5,68.66
Desert Smoke BBQ & Catering,I_5e7fee74b6,2,Sides Tray,food,2,tray,54.75,34.33,109.5,68.66
Desert Smoke BBQ & Catering,I_5e7fee74b6,3,Disposable Servingware,supplies,1,kit,109.5,68.66,109.5,68.66
Desert Smoke BBQ & Catering,I_5e7fee74b6,4,BBQ Sauce Bottles,merch,1,each,109.5,68.66,109.5,68.66
Desert Smoke BBQ & Catering,I_5e7fee74b6,5,Disposable Servingware,supplies,2,kit,54.75,34.33,109.5,68.66
Desert Smoke BBQ & Catering,I_ea74bd3062,1,Pulled Pork,food,1,lb,132.76,83.24,132.76,83.24
Desert Smoke BBQ & Catering,I_ea74bd3062,2,Pulled Pork,food,1,lb,132.75,83.23,132.75,83.23
Desert Smoke BBQ & Catering,I_ea74bd3062,3,BBQ Sauce Bottles,merch,1,each,132.76,83.24,132.76,83.24
Desert Smoke BBQ & Catering,I_ea74bd3062,4,Catering Setup,service,1,each,132.75,83.23,132.75,83.23
Desert Smoke BBQ & Catering,I_ea74bd3062,5,Smoked Brisket,food,3,lb,44.25,27.75,132.75,83.25
Desert Smoke BBQ & Catering,I_1aa08bf9c2,1,Sides Tray,food,2,tray,85.19,53.41,170.38,106.82
Desert Smoke BBQ & Catering,I_1aa08bf9c2,2,Smoked Brisket,food,3,lb,56.79,35.6,170.37,106.8
Desert Smoke BBQ & Catering,I_1aa08bf9c2,3,Serving Staff,labor,1,hr,170.37,106.82,170.37,106.82
Desert Smoke BBQ & Catering,I_1aa08bf9c2,4,Sausage Links,food,1,lb,170.36,106.82,170.36,106.82
Desert Smoke BBQ & Catering,I_a6e4ccd849,1,Pulled Pork,food,1,lb,256.2,160.64,256.2,160.64
Desert Smoke BBQ & Catering,I_a6e4ccd849,2,Smoked Brisket,food,1,lb,256.19,160.63,256.19,160.63
Desert Smoke BBQ & Catering,I_a6e4ccd849,3,Sides Tray,food,2,tray,128.1,80.31,256.2,160.62
Desert Smoke BBQ & Catering,I_a6e4ccd849,4,BBQ Sauce Bottles,merch,2,each,128.1,80.31,256.2,160.62
Desert Smoke BBQ & Catering,I_a6e4ccd849,5,Catering Setup,service,1,each,256.19,160.63,256.19,160.63
Desert Smoke BBQ & Catering,I_ed13d3e364,1,Smoked Brisket,food,1,lb,181.89,114.05,181.89,114.05
Desert Smoke BBQ & Catering,I_ed13d3e364,2,Serving Staff,labor,2,hr,90.94,57.02,181.88,114.04
Desert Smoke BBQ & Catering,I_ed13d3e364,3,BBQ Sauce Bottles,merch,2,each,90.95,57.02,181.9,114.04
Desert Smoke BBQ & Catering,I_40fa5cb4ca,1,Serving Staff,labor,3,hr,209.53,131.37,628.59,394.11
Desert Smoke BBQ & Catering,I_40fa5cb4ca,2,Disposable Servingware,supplies,3,kit,209.53,131.37,628.59,394.11
Desert Smoke BBQ & Catering,I_a755426aaf,1,Sides Tray,food,1,tray,148.31,92.99,148.31,92.99
Desert Smoke BBQ & Catering,I_a755426aaf,2,Serving Staff,labor,1,hr,148.31,92.99,148.31,92.99
Desert Smoke BBQ & Catering,I_a755426aaf,3,Catering Setup,service,1,each,148.31,92.99,148.31,92.99
Desert Smoke BBQ & Catering,I_a755426aaf,4,Smoked Brisket,food,2,lb,74.16,46.5,148.32,93.0
Desert Smoke BBQ & Catering,I_d92ee46137,1,BBQ Sauce Bottles,merch,1,each,1017.97,661.47,1017.97,661.47
Desert Smoke BBQ & Catering,I_d92ee46137,2,Catering Setup,service,1,each,1017.96,661.47,1017.96,661.47
Desert Smoke BBQ & Catering,I_218602b632,1,Serving Staff,labor,1,hr,410.41,257.33,410.41,257.33
Desert Smoke BBQ & Catering,I_218602b632,2,Sausage Links,food,3,lb,136.8,85.77,410.4,257.31
Desert Smoke BBQ & Catering,I_218602b632,3,Sausage Links,food,1,lb,410.42,257.33,410.42,257.33
Desert Smoke BBQ & Catering,I_9e9d768a87,1,Sausage Links,food,2,lb,479.77,311.76,959.54,623.52
Desert Smoke BBQ & Catering,I_9e9d768a87,2,Pulled Pork,food,2,lb,479.77,311.76,959.54,623.52
Desert Smoke BBQ & Catering,I_9e9d768a87,3,Disposable Servingware,supplies,1,kit,959.53,623.5,959.53,623.5
Desert Smoke BBQ & Catering,I_9e9d768a87,4,Serving Staff,labor,3,hr,319.84,207.83,959.52,623.49
Desert Smoke BBQ & Catering,I_8b4a0074ff,1,Sausage Links,food,1,lb,93.2,58.44,93.2,58.44
Desert Smoke BBQ & Catering,I_8b4a0074ff,2,Disposable Servingware,supplies,1,kit,93.2,58.44,93.2,58.44
Desert Smoke BBQ & Catering,I_8b4a0074ff,3,Catering Setup,service,1,each,93.2,58.44,93.2,58.44
Desert Smoke BBQ & Catering,I_8b4a0074ff,4,Sausage Links,food,1,lb,93.2,58.44,93.2,58.44
Desert Smoke BBQ & Catering,I_8b4a0074ff,5,Sides Tray,food,2,tray,46.6,29.22,93.2,58.44
Desert Smoke BBQ & Catering,I_4a00f24d61,1,Catering Setup,service,1,each,316.79,198.62,316.79,198.62
Desert Smoke BBQ & Catering,I_4a00f24d61,2,BBQ Sauce Bottles,merch,1,each,316.79,198.62,316.79,198.62
Desert Smoke BBQ & Catering,I_4a00f24d61,3,Pulled Pork,food,1,lb,316.79,198.62,316.79,198.62
Desert Smoke BBQ & Catering,I_cd18852a16,1,Sides Tray,food,1,tray,44.01,27.6,44.01,27.6
Desert Smoke BBQ & Catering,I_cd18852a16,2,Sausage Links,food,1,lb,44.01,27.6,44.01,27.6
Desert Smoke BBQ & Catering,I_cd18852a16,3,Pulled Pork,food,1,lb,44.01,27.6,44.01,27.6
Desert Smoke BBQ & Catering,I_cd18852a16,4,Pulled Pork,food,3,lb,14.67,9.2,44.01,27.6
Desert Smoke BBQ & Catering,I_cd18852a16,5,Smoked Brisket,food,1,lb,44.0,27.59,44.0,27.59
Desert Smoke BBQ & Catering,I_9d5cf4d6a5,1,Disposable Servingware,supplies,1,kit,413.55,259.29,413.55,259.29
Desert Smoke BBQ & Catering,I_9d5cf4d6a5,2,BBQ Sauce Bottles,merch,1,each,413.55,259.29,413.55,259.29
Desert Smoke BBQ & Catering,I_9d5cf4d6a5,3,Sides Tray,food,2,tray,206.77,129.64,413.54,259.28
Desert Smoke BBQ & Catering,I_3add5a2bb8,1,Sides Tray,food,1,tray,248.68,155.92,248.68,155.92
Desert Smoke BBQ & Catering,I_3add5a2bb8,2,Disposable Servingware,supplies,2,kit,124.34,77.96,248.68,155.92
Desert Smoke BBQ & Catering,I_3add5a2bb8,3,Serving Staff,labor,2,hr,124.34,77.96,248.68,155.92
Desert Smoke BBQ & Catering,I_3add5a2bb8,4,BBQ Sauce Bottles,merch,1,each,248.69,155.93,248.69,155.93
Desert Smoke BBQ & Catering,I_3add5a2bb8,5,Sides Tray,food,3,tray,82.9,51.98,248.7,155.94
Desert Smoke BBQ & Catering,I_b6c60c1366,1,Disposable Servingware,supplies,1,kit,159.98,100.31,159.98,100.31
Desert Smoke BBQ & Catering,I_b6c60c1366,2,Smoked Brisket,food,2,lb,79.99,50.15,159.98,100.3
Desert Smoke BBQ & Catering,I_b6c60c1366,3,Smoked Brisket,food,2,lb,79.99,50.15,159.98,100.3
Desert Smoke BBQ & Catering,I_b297e35007,1,Pulled Pork,food,1,lb,591.61,370.94,591.61,370.94
Desert Smoke BBQ & Catering,I_b297e35007,2,Serving Staff,labor,1,hr,591.6,370.93,591.6,370.93
Desert Smoke BBQ & Catering,I_2ccbffba3e,1,Serving Staff,labor,1,hr,352.68,221.13,352.68,221.13
Desert Smoke BBQ & Catering,I_2ccbffba3e,2,Smoked Brisket,food,1,lb,352.68,221.13,352.68,221.13
Desert Smoke BBQ & Catering,I_2ccbffba3e,3,BBQ Sauce Bottles,merch,3,each,117.56,73.71,352.68,221.13
Desert Smoke BBQ & Catering,I_afcb840338,1,Serving Staff,labor,2,hr,375.58,244.05,751.16,488.1
Desert Smoke BBQ & Catering,I_afcb840338,2,Smoked Brisket,food,3,lb,250.39,162.7,751.17,488.1
Desert Smoke BBQ & Catering,I_afcb840338,3,Catering Setup,service,1,each,751.16,488.1,751.16,488.1
Desert Smoke BBQ & Catering,I_9835e3fdb1,1,BBQ Sauce Bottles,merch,2,each,169.66,106.37,339.32,212.74
Desert Smoke BBQ & Catering,I_9835e3fdb1,2,Smoked Brisket,food,2,lb,169.67,106.38,339.34,212.76
Desert Smoke BBQ & Catering,I_c95160da83,1,Catering Setup,service,1,each,663.47,416.0,663.47,416.0
Desert Smoke BBQ & Catering,I_c95160da83,2,Smoked Brisket,food,1,lb,663.46,415.99,663.46,415.99
Desert Smoke BBQ & Catering,I_1a851a7a21,1,Catering Setup,service,2,each,106.5,66.78,213.0,133.56
Desert Smoke BBQ & Catering,I_1a851a7a21,2,Smoked Brisket,food,1,lb,212.99,133.54,212.99,133.54
Desert Smoke BBQ & Catering,I_1a851a7a21,3,BBQ Sauce Bottles,merch,1,each,212.99,133.54,212.99,133.54
Desert Smoke BBQ & Catering,I_1a851a7a21,4,Smoked Brisket,food,1,lb,212.99,133.54,212.99,133.54
Desert Smoke BBQ & Catering,I_1a851a7a21,5,BBQ Sauce Bottles,merch,1,each,212.99,133.54,212.99,133.54
Desert Smoke BBQ & Catering,I_51ad34e642,1,Pulled Pork,food,3,lb,29.24,18.33,87.72,54.99
Desert Smoke BBQ & Catering,I_51ad34e642,2,Sausage Links,food,3,lb,29.24,18.33,87.72,54.99
Desert Smoke BBQ & Catering,I_51ad34e642,3,Catering Setup,service,2,each,43.86,27.5,87.72,55.0
Desert Smoke BBQ & Catering,I_51ad34e642,4,Catering Setup,service,1,each,87.73,55.0,87.73,55.0
Desert Smoke BBQ & Catering,I_51ad34e642,5,Sides Tray,food,1,tray,87.73,55.0,87.73,55.0
Desert Smoke BBQ & Catering,I_af919a9b95,1,Sides Tray,food,3,tray,49.73,31.18,149.19,93.54
Desert Smoke BBQ & Catering,I_af919a9b95,2,Serving Staff,labor,2,hr,74.59,46.76,149.18,93.52
Desert Smoke BBQ & Catering,I_af919a9b95,3,Sides Tray,food,1,tray,149.18,93.54,149.18,93.54
Desert Smoke BBQ & Catering,I_af919a9b95,4,Sausage Links,food,1,lb,149.18,93.54,149.18,93.54
Desert Smoke BBQ & Catering,I_af919a9b95,5,Disposable Servingware,supplies,1,kit,149.18,93.54,149.18,93.54
Desert Smoke BBQ & Catering,I_88f5d48819,1,BBQ Sauce Bottles,merch,2,each,100.67,63.12,201.34,126.24
Desert Smoke BBQ & Catering,I_88f5d48819,2,BBQ Sauce Bottles,merch,2,each,100.67,63.12,201.34,126.24
Desert Smoke BBQ & Catering,I_88f5d48819,3,Pulled Pork,food,1,lb,201.33,126.23,201.33,126.23
Desert Smoke BBQ & Catering,I_88f5d48819,4,Catering Setup,service,1,each,201.33,126.23,201.33,126.23
Desert Smoke BBQ & Catering,I_8e9740307a,1,Smoked Brisket,food,1,lb,168.9,105.91,168.9,105.91
Desert Smoke BBQ & Catering,I_8e9740307a,2,Sausage Links,food,1,lb,168.91,105.91,168.91,105.91
Desert Smoke BBQ & Catering,I_8e9740307a,3,Sausage Links,food,1,lb,168.9,105.91,168.9,105.91
Desert Smoke BBQ & Catering,I_8e9740307a,4,Catering Setup,service,1,each,168.91,105.91,168.91,105.91
Desert Smoke BBQ & Catering,I_8e9740307a,5,Catering Setup,service,3,each,56.3,35.29,168.9,105.87
Desert Smoke BBQ & Catering,I_481971eaf2,1,Pulled Pork,food,3,lb,82.45,51.7,247.35,155.1
Desert Smoke BBQ & Catering,I_481971eaf2,2,Sausage Links,food,3,lb,82.45,51.7,247.35,155.1
Desert Smoke BBQ & Catering,I_481971eaf2,3,Sausage Links,food,1,lb,247.37,155.1,247.37,155.1
Desert Smoke BBQ & Catering,I_481971eaf2,4,Catering Setup,service,3,each,82.46,51.7,247.38,155.1
Desert Smoke BBQ & Catering,I_84d1f21d3e,1,Smoked Brisket,food,2,lb,106.22,66.6,212.44,133.2
Desert Smoke BBQ & Catering,I_84d1f21d3e,2,Serving Staff,labor,1,hr,212.43,133.2,212.43,133.2
Desert Smoke BBQ & Catering,I_84d1f21d3e,3,Disposable Servingware,supplies,1,kit,212.43,133.2,212.43,133.2
Desert Smoke BBQ & Catering,I_84d1f21d3e,4,BBQ Sauce Bottles,merch,1,each,212.43,133.2,212.43,133.2
Desert Smoke BBQ & Catering,I_84d1f21d3e,5,Disposable Servingware,supplies,1,kit,212.44,133.2,212.44,133.2
Desert Smoke BBQ & Catering,I_0d9c5983a1,1,Sausage Links,food,1,lb,431.02,280.08,431.02,280.08
Desert Smoke BBQ & Catering,I_0d9c5983a1,2,Catering Setup,service,1,each,431.02,280.08,431.02,280.08
Desert Smoke BBQ & Catering,I_0d9c5983a1,3,BBQ Sauce Bottles,merch,1,each,431.02,280.08,431.02,280.08
Desert Smoke BBQ & Catering,I_0d9c5983a1,4,Catering Setup,service,3,each,143.67,93.35,431.01,280.05
Desert Smoke BBQ & Catering,I_dec2f27cf9,1,Sausage Links,food,1,lb,614.58,399.35,614.58,399.35
Desert Smoke BBQ & Catering,I_dec2f27cf9,2,Smoked Brisket,food,1,lb,614.59,399.36,614.59,399.36
Desert Smoke BBQ & Catering,I_dec2f27cf9,3,BBQ Sauce Bottles,merch,3,each,204.86,133.12,614.58,399.36
Desert Smoke BBQ & Catering,I_74d2a72a80,1,Disposable Servingware,supplies,3,kit,104.64,65.61,313.92,196.83
Desert Smoke BBQ & Catering,I_74d2a72a80,2,Disposable Servingware,supplies,1,kit,313.93,196.83,313.93,196.83
Desert Smoke BBQ & Catering,I_74d2a72a80,3,Smoked Brisket,food,1,lb,313.93,196.83,313.93,196.83
Desert Smoke BBQ & Catering,I_74d2a72a80,4,BBQ Sauce Bottles,merch,1,each,313.94,196.84,313.94,196.84
Desert Smoke BBQ & Catering,I_3346d6c4b5,1,Catering Setup,service,3,each,75.12,47.1,225.36,141.3
Desert Smoke BBQ & Catering,I_3346d6c4b5,2,Disposable Servingware,supplies,3,kit,75.13,47.1,225.39,141.3
Desert Smoke BBQ & Catering,I_3346d6c4b5,3,Serving Staff,labor,2,hr,112.69,70.66,225.38,141.32
Desert Smoke BBQ & Catering,I_3346d6c4b5,4,Smoked Brisket,food,1,lb,225.36,141.3,225.36,141.3
Desert Smoke BBQ & Catering,I_d3642b238d,1,Sides Tray,food,1,tray,584.51,366.49,584.51,366.49
Desert Smoke BBQ & Catering,I_d3642b238d,2,Disposable Servingware,supplies,1,kit,584.52,366.5,584.52,366.5
Desert Smoke BBQ & Catering,I_8b58131b81,1,Sausage Links,food,3,lb,293.45,161.75,880.35,485.25
Desert Smoke BBQ & Catering,I_8b58131b81,2,Sides Tray,food,3,tray,293.46,161.76,880.38,485.28
Desert Smoke BBQ & Catering,I_8d7423f9cf,1,Catering Setup,service,1,each,131.84,69.88,131.84,69.88
Desert Smoke BBQ & Catering,I_8d7423f9cf,2,Disposable Servingware,supplies,1,kit,131.85,69.88,131.85,69.88
Desert Smoke BBQ & Catering,I_8d7423f9cf,3,Sides Tray,food,1,tray,131.84,69.88,131.84,69.88
Desert Smoke BBQ & Catering,I_8d7423f9cf,4,Serving Staff,labor,1,hr,131.85,69.88,131.85,69.88
Desert Smoke BBQ & Catering,I_5d0ce1af12,1,Serving Staff,labor,1,hr,313.62,166.22,313.62,166.22
Desert Smoke BBQ & Catering,I_5d0ce1af12,2,Pulled Pork,food,3,lb,104.54,55.41,313.62,166.23
Desert Smoke BBQ & Catering,I_5d0ce1af12,3,BBQ Sauce Bottles,merch,2,each,156.81,83.11,313.62,166.22
Desert Smoke BBQ & Catering,I_5d0ce1af12,4,Catering Setup,service,1,each,313.63,166.22,313.63,166.22
Desert Smoke BBQ & Catering,I_9ad45b60be,1,Disposable Servingware,supplies,1,kit,493.34,271.93,493.34,271.93
Desert Smoke BBQ & Catering,I_9ad45b60be,2,Sides Tray,food,3,tray,164.45,90.64,493.35,271.92
Desert Smoke BBQ & Catering,I_9ad45b60be,3,Serving Staff,labor,3,hr,164.45,90.64,493.35,271.92
Desert Smoke BBQ & Catering,I_9ad45b60be,4,Serving Staff,labor,1,hr,493.33,271.92,493.33,271.92
Desert Smoke BBQ & Catering,I_dbfb6c9cc6,1,BBQ Sauce Bottles,merch,1,each,335.05,177.58,335.05,177.58
Desert Smoke BBQ & Catering,I_dbfb6c9cc6,2,Disposable Servingware,supplies,1,kit,335.05,177.58,335.05,177.58
Desert Smoke BBQ & Catering,I_5d53fcb2c1,1,Serving Staff,labor,1,hr,100.48,53.25,100.48,53.25
Desert Smoke BBQ & Catering,I_5d53fcb2c1,2,Pulled Pork,food,1,lb,100.47,53.24,100.47,53.24
Desert Smoke BBQ & Catering,I_5d53fcb2c1,3,Sausage Links,food,2,lb,50.24,26.63,100.48,53.26
Desert Smoke BBQ & Catering,I_5d53fcb2c1,4,Serving Staff,labor,1,hr,100.47,53.24,100.47,53.24
Desert Smoke BBQ & Catering,I_5d53fcb2c1,5,Smoked Brisket,food,1,lb,100.48,53.25,100.48,53.25
Desert Smoke BBQ & Catering,I_2c23f3b50f,1,Sides Tray,food,1,tray,155.06,82.18,155.06,82.18
Desert Smoke BBQ & Catering,I_2c23f3b50f,2,Pulled Pork,food,3,lb,51.69,27.39,155.07,82.17
Desert Smoke BBQ & Catering,I_2c23f3b50f,3,Disposable Servingware,supplies,3,kit,51.68,27.39,155.04,82.17
Desert Smoke BBQ & Catering,I_2c23f3b50f,4,Catering Setup,service,1,each,155.06,82.18,155.06,82.18
Desert Smoke BBQ & Catering,I_2c23f3b50f,5,Pulled Pork,food,1,lb,155.05,82.18,155.05,82.18
Desert Smoke BBQ & Catering,I_e62b375d75,1,Catering Setup,service,2,each,225.78,124.45,451.56,248.9
Desert Smoke BBQ & Catering,I_e62b375d75,2,Disposable Servingware,supplies,2,kit,225.78,124.45,451.56,248.9
Desert Smoke BBQ & Catering,I_e62b375d75,3,BBQ Sauce Bottles,merch,1,each,451.57,248.91,451.57,248.91
Desert Smoke BBQ & Catering,I_e62b375d75,4,Sausage Links,food,1,lb,451.57,248.91,451.57,248.91
Desert Smoke BBQ & Catering,I_e62b375d75,5,Pulled Pork,food,1,lb,451.56,248.9,451.56,248.9
Desert Smoke BBQ & Catering,I_310ef77cf2,1,Smoked Brisket,food,2,lb,311.65,165.17,623.3,330.34
Desert Smoke BBQ & Catering,I_310ef77cf2,2,Smoked Brisket,food,1,lb,623.3,330.35,623.3,330.35
Desert Smoke BBQ & Catering,I_631ed87ede,1,BBQ Sauce Bottles,merch,2,each,426.02,234.82,852.04,469.64
Desert Smoke BBQ & Catering,I_631ed87ede,2,Sides Tray,food,3,tray,284.01,156.55,852.03,469.65
Desert Smoke BBQ & Catering,I_b632119fb4,1,Smoked Brisket,food,1,lb,198.2,105.05,198.2,105.05
Desert Smoke BBQ & Catering,I_b632119fb4,2,BBQ Sauce Bottles,merch,3,each,66.07,35.01,198.21,105.03
Desert Smoke BBQ & Catering,I_b632119fb4,3,Catering Setup,service,2,each,99.1,52.52,198.2,105.04
Desert Smoke BBQ & Catering,I_b632119fb4,4,BBQ Sauce Bottles,merch,1,each,198.19,105.04,198.19,105.04
Desert Smoke BBQ & Catering,I_b632119fb4,5,Serving Staff,labor,2,hr,99.1,52.52,198.2,105.04
Desert Smoke BBQ & Catering,I_2fa75f535b,1,Smoked Brisket,food,1,lb,301.45,159.76,301.45,159.76
Desert Smoke BBQ & Catering,I_2fa75f535b,2,BBQ Sauce Bottles,merch,3,each,100.49,53.25,301.47,159.75
Desert Smoke BBQ & Catering,I_2fa75f535b,3,Smoked Brisket,food,1,lb,301.44,159.76,301.44,159.76
Desert Smoke BBQ & Catering,I_ce16ccba20,1,Sides Tray,food,1,tray,229.07,121.4,229.07,121.4
Desert Smoke BBQ & Catering,I_ce16ccba20,2,Disposable Servingware,supplies,1,kit,229.07,121.4,229.07,121.4
Desert Smoke BBQ & Catering,I_ce16ccba20,3,Sides Tray,food,2,tray,114.54,60.71,229.08,121.42
Desert Smoke BBQ & Catering,I_3c71e91537,1,Serving Staff,labor,1,hr,48.29,25.59,48.29,25.59
Desert Smoke BBQ & Catering,I_3c71e91537,2,Catering Setup,service,3,each,16.1,8.53,48.3,25.59
Desert Smoke BBQ & Catering,I_3c71e91537,3,Disposable Servingware,supplies,2,kit,24.14,12.79,48.28,25.58
Desert Smoke BBQ & Catering,I_3c71e91537,4,Pulled Pork,food,2,lb,24.15,12.79,48.3,25.58
Desert Smoke BBQ & Catering,I_de53f7c8b4,1,Smoked Brisket,food,1,lb,311.33,165.0,311.33,165.0
Desert Smoke BBQ & Catering,I_de53f7c8b4,2,BBQ Sauce Bottles,merch,1,each,311.34,165.01,311.34,165.01
Desert Smoke BBQ & Catering,I_de53f7c8b4,3,Sausage Links,food,1,lb,311.33,165.0,311.33,165.0
Desert Smoke BBQ & Catering,I_cb7c8521aa,1,Smoked Brisket,food,1,lb,406.38,215.38,406.38,215.38
Desert Smoke BBQ & Catering,I_cb7c8521aa,2,Disposable Servingware,supplies,1,kit,406.39,215.38,406.39,215.38
Desert Smoke BBQ & Catering,I_cb7c8521aa,3,Smoked Brisket,food,3,lb,135.46,71.79,406.38,215.37
Desert Smoke BBQ & Catering,I_f4381b7364,1,Serving Staff,labor,3,hr,86.64,45.92,259.92,137.76
Desert Smoke BBQ & Catering,I_f4381b7364,2,Serving Staff,labor,1,hr,259.91,137.76,259.91,137.76
Desert Smoke BBQ & Catering,I_e20f6ee6d8,1,Catering Setup,service,1,each,170.65,90.45,170.65,90.45
Desert Smoke BBQ & Catering,I_e20f6ee6d8,2,BBQ Sauce Bottles,merch,1,each,170.65,90.45,170.65,90.45
Desert Smoke BBQ & Catering,I_e20f6ee6d8,3,Catering Setup,service,2,each,85.33,45.22,170.66,90.44
Desert Smoke BBQ & Catering,I_e20f6ee6d8,4,Disposable Servingware,supplies,3,kit,56.88,30.15,170.64,90.45
Desert Smoke BBQ & Catering,I_0a1ac5d538,1,Sides Tray,food,3,tray,95.14,50.42,285.42,151.26
Desert Smoke BBQ & Catering,I_0a1ac5d538,2,BBQ Sauce Bottles,merch,3,each,95.14,50.42,285.42,151.26
Desert Smoke BBQ & Catering,I_0a1ac5d538,3,Catering Setup,service,2,each,142.71,75.64,285.42,151.28
Desert Smoke BBQ & Catering,I_5db1832208,1,Sides Tray,food,1,tray,408.55,225.2,408.55,225.2
Desert Smoke BBQ & Catering,I_5db1832208,2,Catering Setup,service,3,each,136.19,75.07,408.57,225.21
Desert Smoke BBQ & Catering,I_5db1832208,3,BBQ Sauce Bottles,merch,1,each,408.55,225.2,408.55,225.2
Desert Smoke BBQ & Catering,I_5db1832208,4,Smoked Brisket,food,1,lb,408.55,225.2,408.55,225.2
Desert Smoke BBQ & Catering,I_5db1832208,5,Disposable Servingware,supplies,2,kit,204.28,112.6,408.56,225.2
Desert Smoke BBQ & Catering,I_093d675b6b,1,Smoked Brisket,food,1,lb,615.78,326.36,615.78,326.36
Desert Smoke BBQ & Catering,I_093d675b6b,2,Disposable Servingware,supplies,1,kit,615.78,326.36,615.78,326.36
Desert Smoke BBQ & Catering,I_b0ac5e9416,1,Serving Staff,labor,2,hr,61.79,32.74,123.58,65.48
Desert Smoke BBQ & Catering,I_b0ac5e9416,2,Serving Staff,labor,2,hr,61.79,32.74,123.58,65.48
Desert Smoke BBQ & Catering,I_b0ac5e9416,3,Pulled Pork,food,1,lb,123.59,65.51,123.59,65.51
Desert Smoke BBQ & Catering,I_b0ac5e9416,4,Serving Staff,labor,1,hr,123.58,65.5,123.58,65.5
Desert Smoke BBQ & Catering,I_b0ac5e9416,5,Disposable Servingware,supplies,3,kit,41.2,21.84,123.6,65.52
Desert Smoke BBQ & Catering,I_992124f17c,1,BBQ Sauce Bottles,merch,1,each,374.03,198.23,374.03,198.23
Desert Smoke BBQ & Catering,I_992124f17c,2,Serving Staff,labor,2,hr,187.01,99.11,374.02,198.22
Desert Smoke BBQ & Catering,I_992124f17c,3,Sides Tray,food,1,tray,374.03,198.23,374.03,198.23
Desert Smoke BBQ & Catering,I_289bdcda67,1,Sides Tray,food,1,tray,100.93,53.5,100.93,53.5
Desert Smoke BBQ & Catering,I_289bdcda67,2,Sausage Links,food,2,lb,50.47,26.74,100.94,53.48
Desert Smoke BBQ & Catering,I_289bdcda67,3,BBQ Sauce Bottles,merch,1,each,100.93,53.5,100.93,53.5
Desert Smoke BBQ & Catering,I_289bdcda67,4,Disposable Servingware,supplies,3,kit,33.64,17.83,100.92,53.49
Desert Smoke BBQ & Catering,I_d13eb5140b,1,Pulled Pork,food,1,lb,453.92,250.2,453.92,250.2
Desert Smoke BBQ & Catering,I_d13eb5140b,2,Pulled Pork,food,1,lb,453.92,250.2,453.92,250.2
Desert Smoke BBQ & Catering,I_d13eb5140b,3,Sides Tray,food,3,tray,151.31,83.4,453.93,250.2
Desert Smoke BBQ & Catering,I_d13eb5140b,4,Sides Tray,food,2,tray,226.96,125.1,453.92,250.2
Desert Smoke BBQ & Catering,I_d13eb5140b,5,Catering Setup,service,2,each,226.96,125.1,453.92,250.2
Desert Smoke BBQ & Catering,I_b72a2069cd,1,Pulled Pork,food,1,lb,205.4,108.86,205.4,108.86
Desert Smoke BBQ & Catering,I_b72a2069cd,2,Sausage Links,food,1,lb,205.4,108.86,205.4,108.86
Desert Smoke BBQ & Catering,I_b72a2069cd,3,Serving Staff,labor,1,hr,205.4,108.86,205.4,108.86
Desert Smoke BBQ & Catering,I_b72a2069cd,4,Disposable Servingware,supplies,1,kit,205.41,108.86,205.41,108.86
Desert Smoke BBQ & Catering,I_b72a2069cd,5,Disposable Servingware,supplies,1,kit,205.4,108.86,205.4,108.86
Desert Smoke BBQ & Catering,I_859ff1ef0e,1,Smoked Brisket,food,1,lb,131.81,69.86,131.81,69.86
Desert Smoke BBQ & Catering,I_859ff1ef0e,2,Smoked Brisket,food,1,lb,131.81,69.86,131.81,69.86
Desert Smoke BBQ & Catering,I_859ff1ef0e,3,Pulled Pork,food,1,lb,131.81,69.86,131.81,69.86
Desert Smoke BBQ & Catering,I_859ff1ef0e,4,Sides Tray,food,3,tray,43.93,23.28,131.79,69.84
Desert Smoke BBQ & Catering,I_aa5c458523,1,Catering Setup,service,3,each,109.29,60.24,327.87,180.72
Desert Smoke BBQ & Catering,I_aa5c458523,2,BBQ Sauce Bottles,merch,3,each,109.29,60.24,327.87,180.72
Desert Smoke BBQ & Catering,I_aa5c458523,3,BBQ Sauce Bottles,merch,3,each,109.3,60.25,327.9,180.75
Desert Smoke BBQ & Catering,I_aa5c458523,4,Pulled Pork,food,1,lb,327.88,180.73,327.88,180.73
Desert Smoke BBQ & Catering,I_aa5c458523,5,Catering Setup,service,2,each,163.94,90.37,327.88,180.74
Desert Smoke BBQ & Catering,I_f69a7c58b5,1,BBQ Sauce Bottles,merch,2,each,39.47,20.91,78.94,41.82
Desert Smoke BBQ & Catering,I_f69a7c58b5,2,Sausage Links,food,2,lb,39.47,20.91,78.94,41.82
Desert Smoke BBQ & Catering,I_f69a7c58b5,3,Sausage Links,food,3,lb,26.31,13.94,78.93,41.82
Desert Smoke BBQ & Catering,I_b5e3bb064c,1,Catering Setup,service,1,each,160.26,84.94,160.26,84.94
Desert Smoke BBQ & Catering,I_b5e3bb064c,2,Disposable Servingware,supplies,1,kit,160.26,84.94,160.26,84.94
Desert Smoke BBQ & Catering,I_68a40de85d,1,BBQ Sauce Bottles,merch,2,each,69.68,36.93,139.36,73.86
Desert Smoke BBQ & Catering,I_68a40de85d,2,Disposable Servingware,supplies,1,kit,139.35,73.85,139.35,73.85
Desert Smoke BBQ & Catering,I_68a40de85d,3,Pulled Pork,food,3,lb,46.45,24.62,139.35,73.86
Desert Smoke BBQ & Catering,I_68a40de85d,4,Smoked Brisket,food,1,lb,139.35,73.85,139.35,73.85
Desert Smoke BBQ & Catering,I_68a40de85d,5,Serving Staff,labor,1,hr,139.36,73.86,139.36,73.86
Desert Smoke BBQ & Catering,I_198651de90,1,Pulled Pork,food,1,lb,475.8,252.17,475.8,252.17
Desert Smoke BBQ & Catering,I_198651de90,2,Catering Setup,service,3,each,158.6,84.06,475.8,252.18
Desert Smoke BBQ & Catering,I_2a07144a96,1,Disposable Servingware,supplies,1,kit,345.93,183.35,345.93,183.35
Desert Smoke BBQ & Catering,I_2a07144a96,2,Catering Setup,service,1,each,345.93,183.35,345.93,183.35
Desert Smoke BBQ & Catering,I_9579029f4b,1,Sides Tray,food,1,tray,311.32,165.0,311.32,165.0
Desert Smoke BBQ & Catering,I_9579029f4b,2,Smoked Brisket,food,3,lb,103.78,55.0,311.34,165.0
Desert Smoke BBQ & Catering,I_9579029f4b,3,Catering Setup,service,3,each,103.77,54.99,311.31,164.97
Desert Smoke BBQ & Catering,I_ce5a84cdcb,1,Pulled Pork,food,1,lb,180.99,95.93,180.99,95.93
Desert Smoke BBQ & Catering,I_ce5a84cdcb,2,BBQ Sauce Bottles,merch,3,each,60.33,31.97,180.99,95.91
Desert Smoke BBQ & Catering,I_ce5a84cdcb,3,Serving Staff,labor,1,hr,180.99,95.93,180.99,95.93
Desert Smoke BBQ & Catering,I_ce5a84cdcb,4,Disposable Servingware,supplies,2,kit,90.49,47.95,180.98,95.9
Desert Smoke BBQ & Catering,I_ce5a84cdcb,5,Catering Setup,service,3,each,60.33,31.97,180.99,95.91
Desert Smoke BBQ & Catering,I_d19acf5c62,1,Disposable Servingware,supplies,1,kit,512.04,271.38,512.04,271.38
Desert Smoke BBQ & Catering,I_d19acf5c62,2,Pulled Pork,food,1,lb,512.05,271.38,512.05,271.38
Desert Smoke BBQ & Catering,I_1c922481b5,1,Pulled Pork,food,1,lb,455.92,251.3,455.92,251.3
Desert Smoke BBQ & Catering,I_1c922481b5,2,Serving Staff,labor,1,hr,455.91,251.29,455.91,251.29
Desert Smoke BBQ & Catering,I_1c922481b5,3,Catering Setup,service,1,each,455.91,251.29,455.91,251.29
Desert Smoke BBQ & Catering,I_1c922481b5,4,Smoked Brisket,food,2,lb,227.96,125.65,455.92,251.3
