company,industry,purchase_id,date,vendor,category,item,qty,unit,unit_cost,total_cost
Desert Smoke BBQ & Catering,bbq_catering,P_9951e87dc1,2025-11-03,Desert Wholesale,supplies,Disposable Servingware,1.21,kit,110.02,133.12
Desert Smoke BBQ & Catering,bbq_catering,P_03942442cf,2025-11-03,AZ Meat Co.,meat,Brisket,135.85,lb,3.95,536.61
Desert Smoke BBQ & Catering,bbq_catering,P_8347c4ceaa,2025-11-03,AZ Meat Co.,meat,Pork Shoulder,137.8,lb,2.3,316.94
Desert Smoke BBQ & Catering,bbq_catering,P_ba8984dd4c,2025-11-06,Mesa Propane Supply,meat,Brisket,55.37,lb,3.96,219.27
Desert Smoke BBQ & Catering,bbq_catering,P_69f992457e,2025-11-06,Desert Wholesale,fuel,Propane,169.93,gal,2.59,440.12
Desert Smoke BBQ & Catering,bbq_catering,P_6d277d111e,2025-11-06,Desert Wholesale,fuel,Propane,92.1,gal,2.63,242.22
Desert Smoke BBQ & Catering,bbq_catering,P_ef5115281f,2025-11-10,Mesa Propane Supply,meat,Brisket,153.17,lb,3.94,603.49
Desert Smoke BBQ & Catering,bbq_catering,P_501c6ee50c,2025-11-20,AZ Meat Co.,supplies,Sausage Casings,8.53,pack,18.73,159.77
Desert Smoke BBQ & Catering,bbq_catering,P_9a8d588dc5,2025-11-20,AZ Meat Co.,supplies,Disposable Servingware,5.23,kit,109.65,573.47
Desert Smoke BBQ & Catering,bbq_catering,P_0501a2b8d7,2025-11-27,Desert Wholesale,supplies,Disposable Servingware,4.64,kit,108.61,503.95
Desert Smoke BBQ & Catering,bbq_catering,P_fb5232528d,2025-11-27,AZ Meat Co.,meat,Pork Shoulder,102.18,lb,2.23,227.86
Desert Smoke BBQ & Catering,bbq_catering,P_2a273b100e,2025-12-01,Mesa Propane Supply,meat,Brisket,59.78,lb,4.61,275.59
Desert Smoke BBQ & Catering,bbq_catering,P_d1904362b8,2025-12-01,AZ Meat Co.,meat,Brisket,127.12,lb,4.83,613.99
Desert Smoke BBQ & Catering,bbq_catering,P_781bf305b0,2025-12-01,Valley Packaging,supplies,Sausage Casings,3.71,pack,21.57,80.02
Desert Smoke BBQ & Catering,bbq_catering,P_4470b9acc1,2025-12-04,Valley Packaging,meat,Pork Shoulder,62.73,lb,2.71,170.0
Desert Smoke BBQ & Catering,bbq_catering,P_6df7584778,2025-12-04,Mesa Propane Supply,meat,Pork Shoulder,105.78,lb,2.76,291.95
Desert Smoke BBQ & Catering,bbq_catering,P_06d491b3e9,2025-12-04,Desert Wholesale,meat,Brisket,116.35,lb,4.82,560.81
Desert Smoke BBQ & Catering,bbq_catering,P_afc259d5a1,2025-12-11,AZ Meat Co.,fuel,Propane,74.54,gal,3.16,235.55
Desert Smoke BBQ & Catering,bbq_catering,P_35b4d076a1,2025-12-15,Desert Wholesale,supplies,Disposable Servingware,3.01,kit,128.36,386.36
Desert Smoke BBQ & Catering,bbq_catering,P_e7c7c381e5,2025-12-18,Valley Packaging,meat,Pork Shoulder,110.64,lb,2.72,300.94
Desert Smoke BBQ & Catering,bbq_catering,P_9790e6e32a,2025-12-22,Desert Wholesale,supplies,Disposable Servingware,4.92,kit,126.23,621.05
Desert Smoke BBQ & Catering,bbq_catering,P_5ccb1748e0,2025-12-29,Mesa Propane Supply,meat,Pork Shoulder,112.03,lb,2.64,295.76
Desert Smoke BBQ & Catering,bbq_catering,P_741ab4bc00,2026-01-01,AZ Meat Co.,meat,Brisket,57.87,lb,4.27,247.1
Desert Smoke BBQ & Catering,bbq_catering,P_85bb7645b4,2026-01-01,Desert Wholesale,meat,Brisket,145.2,lb,4.48,650.5
Desert Smoke BBQ & Catering,bbq_catering,P_1f0677d28a,2026-01-05,Mesa Propane Supply,supplies,Sausage Casings,7.78,pack,20.26,157.62
Desert Smoke BBQ & Catering,bbq_catering,P_e5a855a608,2026-01-08,Mesa Propane Supply,supplies,Sausage Casings,5.3,pack,20.0,106.0
Desert Smoke BBQ & Catering,bbq_catering,P_cd08187959,2026-01-15,Desert Wholesale,meat,Pork Shoulder,117.36,lb,2.4,281.66
Desert Smoke BBQ & Catering,bbq_catering,P_491a3cec57,2026-01-19,Valley Packaging,meat,Brisket,47.78,lb,4.35,207.84
Desert Smoke BBQ & Catering,bbq_catering,P_22f5cf1a57,2026-01-19,Desert Wholesale,fuel,Propane,118.61,gal,2.86,339.22
Desert Smoke BBQ & Catering,bbq_catering,P_dc7f95e9e8,2026-01-22,Valley Packaging,meat,Brisket,139.01,lb,4.33,601.91
Desert Smoke BBQ & Catering,bbq_catering,P_daff1a636a,2026-01-22,Valley Packaging,meat,Pork Shoulder,38.48,lb,2.39,91.97
Desert Smoke BBQ & Catering,bbq_catering,P_88e1ac6a51,2026-01-22,Desert Wholesale,supplies,Disposable Servingware,2.67,kit,117.36,313.35
Desert Smoke BBQ & Catering,bbq_catering,P_89c2ae2c13,2026-01-26,Valley Packaging,meat,Brisket,57.69,lb,4.28,246.91
Desert Smoke BBQ & Catering,bbq_catering,P_ff7b1d4a9c,2026-01-26,Desert Wholesale,supplies,Disposable Servingware,3.17,kit,111.84,354.53
Desert Smoke BBQ & Catering,bbq_catering,P_131f8c0868,2026-01-26,Mesa Propane Supply,meat,Brisket,66.47,lb,4.36,289.81
Desert Smoke BBQ & Catering,bbq_catering,P_29b427ba65,2026-01-29,Desert Wholesale,supplies,Disposable Servingware,4.18,kit,117.37,490.61
Desert Smoke BBQ & Catering,bbq_catering,P_2bd822ab3c,2026-01-29,AZ Meat Co.,fuel,Propane,56.57,gal,2.83,160.09
Desert Smoke BBQ & Catering,bbq_catering,P_edd9a55890,2026-01-29,AZ Meat Co.,supplies,Sausage Casings,8.72,pack,19.57,170.65
