company,industry,quote_id,quote_number,created_at,approved_at,status,customer_id,customer_name,customer_type,job_title,subtotal,tax,total,size_band
Desert Smoke BBQ & Catering,bbq_catering,Q_3931771d64,BBQ-Q00001,2025-11-01T13:45:00,,declined,DESC1027,Jamie Anderson,residential,Catering - Wedding,1107.58,90.82,1198.4,medium
Desert Smoke BBQ & Catering,bbq_catering,Q_2916f078d3,BBQ-Q00002,2025-11-01T14:15:00,2025-11-02T15:15:00,approved,DESC1022,Jamie Martinez,residential,Bulk Smoked Meats Pickup,690.2,56.6,746.8,medium
Desert Smoke BBQ & Catering,bbq_catering,Q_65835a4f49,BBQ-Q00003,2025-11-01T16:00:00,2025-11-05T18:00:00,approved,DESC1032,Skyler Davis,commercial,Catering - Community Event,1129.24,92.6,1221.84,medium
Desert Smoke BBQ & Catering,bbq_catering,Q_571a2cb798,BBQ-Q00004,2025-11-01T14:00:00,2025-11-04T16:00:00,approved,DESC1022,Jamie Martinez,residential,Bulk Smoked Meats Pickup,682.88,56.0,738.88,medium
Desert Smoke BBQ & Catering,bbq_catering,Q_51b4fb6e6d,BBQ-Q00005,2025-11-02T15:30:00,,no_response,DESC1006,Sam Lee,commercial,Sausage & Sauce Gift Pack,485.41,39.8,525.21,medium
Desert Smoke BBQ & Catering,bbq_catering,Q_03e1d366d4,BBQ-Q00006,2025-11-02T08:15:00,2025-11-03T13:15:00,approved,DESC1031,Avery Wilson,residential,Catering - Wedding,1542.92,126.52,1669.44,large
Desert Smoke BBQ & Catering,bbq_catering,Q_7fae996242,BBQ-Q00007,2025-11-04T11:00:00,,declined,DESC1038,Avery Nguyen,residential,Catering - Office Lunch,1308.49,107.3,1415.79,medium
Desert Smoke BBQ & Catering,bbq_catering,Q_01b1366847,BBQ-Q00008,2025-11-06T07:30:00,2025-11-09T10:30:00,approved,DESC1009,Cameron Jackson,residential,Catering - Community Event,1139.86,93.47,1233.33,medium
Desert Smoke BBQ & Catering,bbq_catering,Q_2603efeb01,BBQ-Q00009,2025-11-07T12:45:00,,sent,DESC1035,Jamie Brown,residential,Sausage & Sauce Gift Pack,1118.31,91.7,1210.01,medium
Desert Smoke BBQ & Catering,bbq_catering,Q_978f5623a0,BBQ-Q00010,2025-11-08T12:45:00,2025-11-10T16:45:00,approved,DESC1001,Casey Johnson,residential,Catering - Wedding,1144.2,93.82,1238.02,medium
Desert Smoke BBQ & Catering,bbq_catering,Q_bd99761a17,BBQ-Q00011,2025-11-08T10:15:00,2025-11-11T11:15:00,approved,DESC1011,Riley Davis,residential,Sausage & Sauce Gift Pack,615.46,50.47,665.93,medium
Desert Smoke BBQ & Catering,bbq_catering,Q_3dc947a37e,BBQ-Q00012,2025-11-09T15:30:00,2025-11-13T16:30:00,approved,DESC1022,Jamie Martinez,residential,Catering - Backyard Party,1259.86,103.31,1363.17,medium
Desert Smoke BBQ & Catering,bbq_catering,Q_8f864d1a46,BBQ-Q00013,2025-11-09T15:00:00,,no_response,DESC1010,Quinn Brown,residential,Bulk Smoked Meats Pickup,786.8,64.52,851.32,medium
Desert Smoke BBQ & Catering,bbq_catering,Q_44296373ad,BBQ-Q00014,2025-11-09T08:30:00,2025-11-11T14:30:00,approved,DESC1025,Skyler Johnson,commercial,Sausage & Sauce Gift Pack,2680.78,219.82,2900.6,large
Desert Smoke BBQ & Catering,bbq_catering,Q_3779280eb2,BBQ-Q00015,2025-11-09T15:15:00,2025-11-11T19:15:00,approved,DESC1007,Drew Hernandez,residential,Catering - Community Event,748.84,61.4,810.24,medium
Desert Smoke BBQ & Catering,bbq_catering,Q_84b97d723d,BBQ-Q00016,2025-11-10T14:15:00,,no_response,DESC1034,Casey Smith,residential,Sausage & Sauce Gift Pack,611.22,50.12,661.34,medium
Desert Smoke BBQ & Catering,bbq_catering,Q_3d523947a2,BBQ-Q00017,2025-11-10T10:15:00,,declined,DESC1015,Cameron Martinez,residential,Catering - Office Lunch,585.29,47.99,633.28,medium
Desert Smoke BBQ & Catering,bbq_catering,Q_14fcfbcf70,BBQ-Q00018,2025-11-13T18:00:00,2025-11-15T20:00:00,approved,DESC1034,Casey Smith,residential,Catering - Community Event,404.88,33.2,438.08,small
Desert Smoke BBQ & Catering,bbq_catering,Q_c44ed74ddc,BBQ-Q00019,2025-11-13T15:30:00,,sent,DESC1024,Avery Smith,residential,Catering - Community Event,583.73,47.87,631.6,medium
Desert Smoke BBQ & Catering,bbq_catering,Q_1208bf74f9,BBQ-Q00020,2025-11-14T14:00:00,2025-11-14T19:00:00,approved,DESC1005,Taylor Moore,residential,Catering - Office Lunch,1289.91,105.77,1395.68,medium
Desert Smoke BBQ & Catering,bbq_catering,Q_6966fe5424,BBQ-Q00021,2025-11-14T13:30:00,2025-11-15T21:30:00,approved,DESC1009,Cameron Jackson,residential,Catering - Community Event,1116.16,91.53,1207.69,medium
Desert Smoke BBQ & Catering,bbq_catering,Q_a5227130c7,BBQ-Q00022,2025-11-14T14:00:00,2025-11-17T20:00:00,approved,DESC1026,Skyler Nguyen,residential,Catering - Wedding,561.99,46.08,608.07,medium
Desert Smoke BBQ & Catering,bbq_catering,Q_9cc215eb24,BBQ-Q00023,2025-11-15T14:15:00,,sent,DESC1013,Jordan Thomas,residential,Bulk Smoked Meats Pickup,1106.15,90.7,1196.85,medium
Desert Smoke BBQ & Catering,bbq_catering,Q_94f4a1d73b,BBQ-Q00024,2025-11-15T13:15:00,2025-11-23T21:15:00,approved,DESC1021,Blake Nguyen,residential,Catering - Office Lunch,821.31,67.35,888.66,medium
Desert Smoke BBQ & Catering,bbq_catering,Q_974862db34,BBQ-Q00025,2025-11-15T13:30:00,,sent,DESC1028,Blake Jackson,residential,Catering - Community Event,1427.46,117.05,1544.51,large
Desert Smoke BBQ & Catering,bbq_catering,Q_9b89d7e456,BBQ-Q00026,2025-11-16T17:00:00,,sent,DESC1038,Avery Nguyen,residential,Catering - Office Lunch,1456.57,119.44,1576.01,large
Desert Smoke BBQ & Catering,bbq_catering,Q_dcba2941f0,BBQ-Q00027,2025-11-16T08:15:00,2025-11-18T16:15:00,approved,DESC1024,Avery Smith,residential,Sausage & Sauce Gift Pack,1174.25,96.29,1270.54,medium
Desert Smoke BBQ & Catering,bbq_catering,Q_365ac0ecff,BBQ-Q00028,2025-11-17T18:15:00,,declined,DESC1012,Avery Thomas,commercial,Sausage & Sauce Gift Pack,1123.17,92.1,1215.27,medium
Desert Smoke BBQ & Catering,bbq_catering,Q_a6a7ba7644,BBQ-Q00029,2025-11-18T13:30:00,2025-11-20T15:30:00,approved,DESC1009,Cameron Jackson,residential,Bulk Smoked Meats Pickup,1079.47,88.52,1167.99,medium
Desert Smoke BBQ & Catering,bbq_catering,Q_1521b8d9d9,BBQ-Q00030,2025-11-18T17:30:00,2025-11-20T01:30:00,approved,DESC1035,Jamie Brown,residential,Catering - Community Event,340.18,27.89,368.07,small
Desert Smoke BBQ & Catering,bbq_catering,Q_21fd154969,BBQ-Q00031,2025-11-18T14:15:00,,no_response,DESC1004,Rowan Thomas,residential,Catering - Wedding,3534.87,289.86,3824.73,large
Desert Smoke BBQ & Catering,bbq_catering,Q_38267738ce,BBQ-Q00032,2025-11-19T18:45:00,2025-11-23T02:45:00,approved,DESC1020,Casey Anderson,residential,Bulk Smoked Meats Pickup,660.16,54.13,714.29,medium
Desert Smoke BBQ & Catering,bbq_catering,Q_bdb0322ee2,BBQ-Q00033,2025-11-19T11:30:00,2025-11-22T19:30:00,approved,DESC1018,Taylor Moore,residential,Bulk Smoked Meats Pickup,797.63,65.41,863.04,medium
Desert Smoke BBQ & Catering,bbq_catering,Q_38d4f1573f,BBQ-Q00034,2025-11-20T12:00:00,2025-11-21T15:00:00,approved,DESC1007,Drew Hernandez,residential,Catering - Office Lunch,1906.96,156.37,2063.33,large
Desert Smoke BBQ & Catering,bbq_catering,Q_20961d1fb4,BBQ-Q00035,2025-11-21T07:15:00,2025-11-26T12:15:00,approved,DESC1035,Jamie Brown,residential,Catering - Backyard Party,568.8,46.64,615.44,medium
Desert Smoke BBQ & Catering,bbq_catering,Q_9864e4cf70,BBQ-Q00036,2025-11-22T14:30:00,2025-11-24T17:30:00,approved,DESC1032,Skyler Davis,commercial,Catering - Backyard Party,849.89,69.69,919.58,medium
Desert Smoke BBQ & Catering,bbq_catering,Q_120ea9453a,BBQ-Q00037,2025-11-22T08:45:00,2025-11-23T12:45:00,approved,DESC1010,Quinn Brown,residential,Bulk Smoked Meats Pickup,1108.77,90.92,1199.69,medium
Desert Smoke BBQ & Catering,bbq_catering,Q_93fe5ec0f9,BBQ-Q00038,2025-11-23T08:15:00,,declined,DESC1037,Casey Smith,residential,Bulk Smoked Meats Pickup,2111.95,173.18,2285.13,large
Desert Smoke BBQ & Catering,bbq_catering,Q_2bda75551c,BBQ-Q00039,2025-11-23T16:45:00,2025-11-28T21:45:00,approved,DESC1011,Riley Davis,residential,Catering - Backyard Party,485.49,39.81,525.3,medium
Desert Smoke BBQ & Catering,bbq_catering,Q_49154f7d03,BBQ-Q00040,2025-11-23T15:15:00,2025-11-24T18:15:00,approved,DESC1022,Jamie Martinez,residential,Catering - Wedding,1382.34,113.35,1495.69,medium
Desert Smoke BBQ & Catering,bbq_catering,Q_f3a1125d8f,BBQ-Q00041,2025-11-24T18:45:00,,sent,DESC1036,Cameron Jackson,residential,Bulk Smoked Meats Pickup,1706.73,139.95,1846.68,large
Desert Smoke BBQ & Catering,bbq_catering,Q_73081072ff,BBQ-Q00042,2025-11-26T16:00:00,2025-11-29T21:00:00,approved,DESC1009,Cameron Jackson,residential,Bulk Smoked Meats Pickup,1371.06,112.43,1483.49,medium
Desert Smoke BBQ & Catering,bbq_catering,Q_e341bb42a7,BBQ-Q00043,2025-11-29T14:00:00,2025-12-02T22:00:00,approved,DESC1011,Riley Davis,residential,Catering - Wedding,1292.03,105.95,1397.98,medium
Desert Smoke BBQ & Catering,bbq_catering,Q_6719b111db,BBQ-Q00044,2025-11-30T11:30:00,2025-12-02T13:30:00,approved,DESC1027,Jamie Anderson,residential,Catering - Community Event,844.77,69.27,914.04,medium
Desert Smoke BBQ & Catering,bbq_catering,Q_0045814319,BBQ-Q00045,2025-11-30T14:45:00,2025-12-02T15:45:00,approved,DESC1006,Sam Lee,commercial,Catering - Office Lunch,1245.68,102.15,1347.83,medium
Desert Smoke BBQ & Catering,bbq_catering,Q_f3b6730715,BBQ-Q00046,2025-11-30T13:00:00,2025-12-02T17:00:00,approved,DESC1028,Blake Jackson,residential,Catering - Backyard Party,956.6,78.44,1035.04,medium
Desert Smoke BBQ & Catering,bbq_catering,Q_241c18bdc4,BBQ-Q00047,2025-12-01T16:15:00,2025-12-03T18:15:00,approved,DESC1036,Cameron Jackson,residential,Catering - Wedding,893.77,73.29,967.06,medium
Desert Smoke BBQ & Catering,bbq_catering,Q_a915023150,BBQ-Q00048,2025-12-02T15:45:00,,no_response,DESC1001,Casey Johnson,residential,Catering - Wedding,1031.92,84.62,1116.54,medium
Desert Smoke BBQ & Catering,bbq_catering,Q_81763d11d1,BBQ-Q00049,2025-12-02T18:45:00,,sent,DESC1023,Alex Thomas,residential,Catering - Community Event,1245.16,102.1,1347.26,medium
Desert Smoke BBQ & Catering,bbq_catering,Q_7019586090,BBQ-Q00050,2025-12-02T09:45:00,,sent,DESC1010,Quinn Brown,residential,Catering - Office Lunch,2601.29,213.31,2814.6,large
Desert Smoke BBQ & Catering,bbq_catering,Q_60a7bed144,BBQ-Q00051,2025-12-03T13:00:00,2025-12-04T19:00:00,approved,DESC1023,Alex Thomas,residential,Sausage & Sauce Gift Pack,733.93,60.18,794.11,medium
Desert Smoke BBQ & Catering,bbq_catering,Q_c61c437b25,BBQ-Q00052,2025-12-04T18:30:00,2025-12-06T19:30:00,approved,DESC1034,Casey Smith,residential,Catering - Backyard Party,1014.98,83.23,1098.21,medium
Desert Smoke BBQ & Catering,bbq_catering,Q_1b89073fa8,BBQ-Q00053,2025-12-04T08:45:00,2025-12-05T12:45:00,approved,DESC1016,Rowan Moore,residential,Catering - Community Event,2929.34,240.21,3169.55,large
Desert Smoke BBQ & Catering,bbq_catering,Q_76af4996b2,BBQ-Q00054,2025-12-04T09:00:00,,no_response,DESC1002,Jamie Davis,residential,Catering - Wedding,1354.81,111.09,1465.9,medium
Desert Smoke BBQ & Catering,bbq_catering,Q_9978694a3d,BBQ-Q00055,2025-12-04T13:30:00,2025-12-04T18:30:00,approved,DESC1003,Rowan Davis,residential,Sausage & Sauce Gift Pack,1700.36,139.43,1839.79,large
Desert Smoke BBQ & Catering,bbq_catering,Q_e15b7a4d14,BBQ-Q00056,2025-12-05T10:30:00,2025-12-06T13:30:00,approved,DESC1033,Casey Martin,residential,Sausage & Sauce Gift Pack,1979.12,162.29,2141.41,large
Desert Smoke BBQ & Catering,bbq_catering,Q_c287316060,BBQ-Q00057,2025-12-05T08:30:00,2025-12-06T14:30:00,approved,DESC1010,Quinn Brown,residential,Sausage & Sauce Gift Pack,1162.22,95.3,1257.52,medium
Desert Smoke BBQ & Catering,bbq_catering,Q_35aa4a8bd4,BBQ-Q00058,2025-12-05T08:15:00,2025-12-06T12:15:00,approved,DESC1016,Rowan Moore,residential,Sausage & Sauce Gift Pack,731.31,59.97,791.28,medium
Desert Smoke BBQ & Catering,bbq_catering,Q_5f2ce05816,BBQ-Q00059,2025-12-05T12:00:00,2025-12-06T16:00:00,approved,DESC1028,Blake Jackson,residential,Catering - Community Event,2799.12,229.53,3028.65,large
Desert Smoke BBQ & Catering,bbq_catering,Q_085c569e6e,BBQ-Q00060,2025-12-05T17:45:00,2025-12-06T19:45:00,approved,DESC1035,Jamie Brown,residential,Catering - Office Lunch,675.37,55.38,730.75,medium
Desert Smoke BBQ & Catering,bbq_catering,Q_8e376ccbe8,BBQ-Q00061,2025-12-06T13:45:00,2025-12-07T19:45:00,approved,DESC1038,Avery Nguyen,residential,Sausage & Sauce Gift Pack,1304.49,106.97,1411.46,medium
Desert Smoke BBQ & Catering,bbq_catering,Q_b1c20d2a27,BBQ-Q00062,2025-12-07T17:30:00,2025-12-08T23:30:00,approved,DESC1016,Rowan Moore,residential,Catering - Backyard Party,577.65,47.37,625.02,medium
Desert Smoke BBQ & Catering,bbq_catering,Q_e7da5f15fa,BBQ-Q00063,2025-12-09T15:15:00,2025-12-10T19:15:00,approved,DESC1000,Casey Garcia,residential,Catering - Office Lunch,767.41,62.93,830.34,medium
Desert Smoke BBQ & Catering,bbq_catering,Q_820f6a5f24,BBQ-Q00064,2025-12-09T12:15:00,2025-12-10T18:15:00,approved,DESC1029,Alex Davis,residential,Catering - Backyard Party,664.22,54.47,718.69,medium
Desert Smoke BBQ & Catering,bbq_catering,Q_a40c5b72f6,BBQ-Q00065,2025-12-09T16:00:00,,no_response,DESC1012,Avery Thomas,commercial,Catering - Office Lunch,906.66,74.35,981.01,medium
Desert Smoke BBQ & Catering,bbq_catering,Q_8fbafe4cf7,BBQ-Q00066,2025-12-10T13:45:00,,no_response,DESC1018,Taylor Moore,residential,Catering - Community Event,708.78,58.12,766.9,medium
Desert Smoke BBQ & Catering,bbq_catering,Q_504cc821aa,BBQ-Q00067,2025-12-10T15:30:00,2025-12-11T23:30:00,approved,DESC1022,Jamie Martinez,residential,Bulk Smoked Meats Pickup,547.49,44.89,592.38,medium
Desert Smoke BBQ & Catering,bbq_catering,Q_d287292f00,BBQ-Q00068,2025-12-10T12:30:00,2025-12-11T18:30:00,approved,DESC1028,Blake Jackson,residential,Catering - Office Lunch,663.78,54.43,718.21,medium
Desert Smoke BBQ & Catering,bbq_catering,Q_2624f6b656,BBQ-Q00069,2025-12-11T08:45:00,,no_response,DESC1019,Alex Lee,residential,Sausage & Sauce Gift Pack,1452.24,119.08,1571.32,large
Desert Smoke BBQ & Catering,bbq_catering,Q_06ffcabc0b,BBQ-Q00070,2025-12-11T08:30:00,2025-12-12T14:30:00,approved,DESC1016,Rowan Moore,residential,Catering - Backyard Party,681.48,55.88,737.36,medium
Desert Smoke BBQ & Catering,bbq_catering,Q_01ff8ea1a5,BBQ-Q00071,2025-12-12T07:15:00,2025-12-14T10:15:00,approved,DESC1031,Avery Wilson,residential,Bulk Smoked Meats Pickup,1280.98,105.04,1386.02,medium
Desert Smoke BBQ & Catering,bbq_catering,Q_01726ac59b,BBQ-Q00072,2025-12-13T16:00:00,2025-12-14T17:00:00,approved,DESC1023,Alex Thomas,residential,Catering - Office Lunch,545.67,44.74,590.41,medium
Desert Smoke BBQ & Catering,bbq_catering,Q_587b196905,BBQ-Q00073,2025-12-13T10:00:00,2025-12-16T16:00:00,approved,DESC1016,Rowan Moore,residential,Catering - Community Event,1257.17,103.09,1360.26,medium
Desert Smoke BBQ & Catering,bbq_catering,Q_d6b94452b7,BBQ-Q00074,2025-12-13T13:00:00,2025-12-15T14:00:00,approved,DESC1005,Taylor Moore,residential,Catering - Office Lunch,593.25,48.65,641.9,medium
Desert Smoke BBQ & Catering,bbq_catering,Q_c441de0128,BBQ-Q00075,2025-12-13T13:15:00,,no_response,DESC1036,Cameron Jackson,residential,Sausage & Sauce Gift Pack,750.99,61.58,812.57,medium
Desert Smoke BBQ & Catering,bbq_catering,Q_577e17628f,BBQ-Q00076,2025-12-13T13:45:00,2025-12-15T20:45:00,approved,DESC1031,Avery Wilson,residential,Catering - Wedding,2035.93,166.95,2202.88,large
Desert Smoke BBQ & Catering,bbq_catering,Q_b22337b310,BBQ-Q00077,2025-12-14T12:00:00,,no_response,DESC1020,Casey Anderson,residential,Catering - Backyard Party,2163.08,177.37,2340.45,large
Desert Smoke BBQ & Catering,bbq_catering,Q_0d326455ab,BBQ-Q00078,2025-12-14T11:30:00,,declined,DESC1020,Casey Anderson,residential,Catering - Office Lunch,1416.06,116.12,1532.18,large
Desert Smoke BBQ & Catering,bbq_catering,Q_8ef85775c6,BBQ-Q00079,2025-12-14T18:15:00,2025-12-17T22:15:00,approved,DESC1002,Jamie Davis,residential,Catering - Backyard Party,1231.23,100.96,1332.19,medium
Desert Smoke BBQ & Catering,bbq_catering,Q_fd41579854,BBQ-Q00080,2025-12-14T16:45:00,2025-12-16T22:45:00,approved,DESC1020,Casey Anderson,residential,Sausage & Sauce Gift Pack,3838.14,314.73,4152.87,large
Desert Smoke BBQ & Catering,bbq_catering,Q_a03f333b0c,BBQ-Q00081,2025-12-14T11:45:00,,no_response,DESC1007,Drew Hernandez,residential,Catering - Backyard Party,382.33,31.35,413.68,small
Desert Smoke BBQ & Catering,bbq_catering,Q_32dee00759,BBQ-Q00082,2025-12-15T16:15:00,2025-12-16T22:15:00,approved,DESC1007,Drew Hernandez,residential,Bulk Smoked Meats Pickup,465.99,38.21,504.2,medium
Desert Smoke BBQ & Catering,bbq_catering,Q_a14079e1c0,BBQ-Q00083,2025-12-16T09:30:00,,no_response,DESC1001,Casey Johnson,residential,Catering - Wedding,542.94,44.52,587.46,medium
Desert Smoke BBQ & Catering,bbq_catering,Q_e26b4676d2,BBQ-Q00084,2025-12-17T18:15:00,2025-12-19T00:15:00,approved,DESC1023,Alex Thomas,residential,Catering - Backyard Party,950.37,77.93,1028.3,medium
Desert Smoke BBQ & Catering,bbq_catering,Q_6193d88cbd,BBQ-Q00085,2025-12-18T12:15:00,,no_response,DESC1001,Casey Johnson,residential,Sausage & Sauce Gift Pack,703.23,57.66,760.89,medium
Desert Smoke BBQ & Catering,bbq_catering,Q_9c4ebe0982,BBQ-Q00086,2025-12-18T11:15:00,2025-12-18T15:15:00,approved,DESC1033,Casey Martin,residential,Catering - Wedding,220.04,18.04,238.08,small
Desert Smoke BBQ & Catering,bbq_catering,Q_656e392d71,BBQ-Q00087,2025-12-19T09:15:00,2025-12-20T12:15:00,approved,DESC1009,Cameron Jackson,residential,Sausage & Sauce Gift Pack,1240.64,101.73,1342.37,medium
Desert Smoke BBQ & Catering,bbq_catering,Q_206bb96c34,BBQ-Q00088,2025-12-19T14:15:00,2025-12-20T18:15:00,approved,DESC1003,Rowan Davis,residential,Catering - Wedding,1243.42,101.96,1345.38,medium
Desert Smoke BBQ & Catering,bbq_catering,Q_a0f16e5b08,BBQ-Q00089,2025-12-20T14:30:00,,no_response,DESC1011,Riley Davis,residential,Catering - Backyard Party,379.21,31.1,410.31,small
Desert Smoke BBQ & Catering,bbq_catering,Q_f412767914,BBQ-Q00090,2025-12-20T15:15:00,2025-12-21T22:15:00,approved,DESC1038,Avery Nguyen,residential,Catering - Backyard Party,479.93,39.35,519.28,medium
Desert Smoke BBQ & Catering,bbq_catering,Q_cdbbabca21,BBQ-Q00091,2025-12-20T08:30:00,,declined,DESC1032,Skyler Davis,commercial,Catering - Wedding,2415.14,198.04,2613.18,large
Desert Smoke BBQ & Catering,bbq_catering,Q_b311793c9b,BBQ-Q00092,2025-12-21T14:15:00,2025-12-25T22:15:00,approved,DESC1039,Jordan Nguyen,residential,Catering - Community Event,1183.21,97.02,1280.23,medium
Desert Smoke BBQ & Catering,bbq_catering,Q_35653c3452,BBQ-Q00093,2025-12-21T15:45:00,2025-12-21T17:45:00,approved,DESC1022,Jamie Martinez,residential,Catering - Wedding,1058.04,86.76,1144.8,medium
Desert Smoke BBQ & Catering,bbq_catering,Q_0663aafd74,BBQ-Q00094,2025-12-21T14:00:00,2025-12-22T18:00:00,approved,DESC1018,Taylor Moore,residential,Sausage & Sauce Gift Pack,2253.49,184.79,2438.28,large
Desert Smoke BBQ & Catering,bbq_catering,Q_c93c8c20a2,BBQ-Q00095,2025-12-21T17:00:00,2025-12-21T23:00:00,approved,DESC1012,Avery Thomas,commercial,Catering - Backyard Party,678.66,55.65,734.31,medium
Desert Smoke BBQ & Catering,bbq_catering,Q_c5065ccab9,BBQ-Q00096,2025-12-22T12:00:00,2025-12-22T18:00:00,approved,DESC1004,Rowan Thomas,residential,Catering - Office Lunch,1326.93,108.81,1435.74,medium
Desert Smoke BBQ & Catering,bbq_catering,Q_0d77248738,BBQ-Q00097,2025-12-23T17:45:00,,sent,DESC1011,Riley Davis,residential,Catering - Community Event,2515.94,206.31,2722.25,large
Desert Smoke BBQ & Catering,bbq_catering,Q_1f310fb3e8,BBQ-Q00098,2025-12-24T10:00:00,,declined,DESC1007,Drew Hernandez,residential,Catering - Wedding,1621.92,133.0,1754.92,large
Desert Smoke BBQ & Catering,bbq_catering,Q_64d9b9e41b,BBQ-Q00099,2025-12-24T12:45:00,,sent,DESC1001,Casey Johnson,residential,Sausage & Sauce Gift Pack,838.85,68.79,907.64,medium
Desert Smoke BBQ & Catering,bbq_catering,Q_0870e49f63,BBQ-Q00100,2025-12-25T16:15:00,,no_response,DESC1028,Blake Jackson,residential,Catering - Wedding,1335.05,109.47,1444.52,medium
Desert Smoke BBQ & Catering,bbq_catering,Q_e9329af30f,BBQ-Q00101,2025-12-25T16:45:00,2025-12-25T19:45:00,approved,DESC1029,Alex Davis,residential,Sausage & Sauce Gift Pack,1064.96,87.33,1152.29,medium
Desert Smoke BBQ & Catering,bbq_catering,Q_9460c4406e,BBQ-Q00102,2025-12-25T16:45:00,,declined,DESC1017,Taylor Smith,commercial,Catering - Backyard Party,735.44,60.31,795.75,medium
Desert Smoke BBQ & Catering,bbq_catering,Q_503fb3ba0b,BBQ-Q00103,2025-12-25T17:45:00,2025-12-27T23:45:00,approved,DESC1019,Alex Lee,residential,Catering - Wedding,438.62,35.97,474.59,small
Desert Smoke BBQ & Catering,bbq_catering,Q_bcca4a5764,BBQ-Q00104,2025-12-26T13:00:00,2025-12-27T18:00:00,approved,DESC1030,Avery Johnson,commercial,Catering - Wedding,745.91,61.16,807.07,medium
Desert Smoke BBQ & Catering,bbq_catering,Q_d9ad2fde2c,BBQ-Q00105,2025-12-26T17:30:00,,no_response,DESC1029,Alex Davis,residential,Sausage & Sauce Gift Pack,1575.56,129.2,1704.76,large
Desert Smoke BBQ & Catering,bbq_catering,Q_c956e37d8d,BBQ-Q00106,2025-12-26T12:15:00,,declined,DESC1024,Avery Smith,residential,Catering - Office Lunch,376.7,30.89,407.59,small
Desert Smoke BBQ & Catering,bbq_catering,Q_b378090c7b,BBQ-Q00107,2025-12-26T15:15:00,2025-12-27T17:15:00,approved,DESC1001,Casey Johnson,residential,Catering - Backyard Party,805.34,66.04,871.38,medium
Desert Smoke BBQ & Catering,bbq_catering,Q_6fc7b56bb6,BBQ-Q00108,2025-12-26T12:15:00,2025-12-28T15:15:00,approved,DESC1028,Blake Jackson,residential,Catering - Office Lunch,844.52,69.25,913.77,medium
Desert Smoke BBQ & Catering,bbq_catering,Q_13b9ca08da,BBQ-Q00109,2025-12-27T17:30:00,2025-12-28T20:30:00,approved,DESC1019,Alex Lee,residential,Sausage & Sauce Gift Pack,989.44,81.13,1070.57,medium
Desert Smoke BBQ & Catering,bbq_catering,Q_e4b099761d,BBQ-Q00110,2025-12-27T17:30:00,2025-12-27T21:30:00,approved,DESC1029,Alex Davis,residential,Bulk Smoked Meats Pickup,1062.17,87.1,1149.27,medium
Desert Smoke BBQ & Catering,bbq_catering,Q_3f952f3482,BBQ-Q00111,2025-12-27T13:45:00,2025-12-27T21:45:00,approved,DESC1022,Jamie Martinez,residential,Catering - Office Lunch,1724.08,141.37,1865.45,large
Desert Smoke BBQ & Catering,bbq_catering,Q_ba83e6e6be,BBQ-Q00112,2025-12-28T14:00:00,2025-12-30T19:00:00,approved,DESC1000,Casey Garcia,residential,Catering - Community Event,1843.75,151.19,1994.94,large
Desert Smoke BBQ & Catering,bbq_catering,Q_fec3907b31,BBQ-Q00113,2025-12-28T12:30:00,,declined,DESC1030,Avery Johnson,commercial,Catering - Office Lunch,1748.04,143.34,1891.38,large
Desert Smoke BBQ & Catering,bbq_catering,Q_fa59fdffa5,BBQ-Q00114,2025-12-28T16:30:00,2025-12-31T17:30:00,approved,DESC1026,Skyler Nguyen,residential,Catering - Backyard Party,1255.72,102.97,1358.69,medium
Desert Smoke BBQ & Catering,bbq_catering,Q_a2740211f9,BBQ-Q00115,2025-12-28T07:45:00,,declined,DESC1010,Quinn Brown,residential,Bulk Smoked Meats Pickup,650.16,53.31,703.47,medium
Desert Smoke BBQ & Catering,bbq_catering,Q_5bbaff9604,BBQ-Q00116,2025-12-29T15:30:00,,sent,DESC1024,Avery Smith,residential,Bulk Smoked Meats Pickup,1489.54,122.14,1611.68,large
Desert Smoke BBQ & Catering,bbq_catering,Q_de2d919801,BBQ-Q00117,2025-12-30T12:30:00,,sent,DESC1034,Casey Smith,residential,Catering - Office Lunch,802.06,65.77,867.83,medium
Desert Smoke BBQ & Catering,bbq_catering,Q_7f4f5714c8,BBQ-Q00118,2025-12-30T16:30:00,2025-12-31T19:30:00,approved,DESC1032,Skyler Davis,commercial,Catering - Community Event,901.49,73.92,975.41,medium
Desert Smoke BBQ & Catering,bbq_catering,Q_809ffa1b0a,BBQ-Q00119,2025-12-31T11:00:00,,no_response,DESC1001,Casey Johnson,residential,Catering - Wedding,1045.78,85.75,1131.53,medium
Desert Smoke BBQ & Catering,bbq_catering,Q_58ad046376,BBQ-Q00120,2025-12-31T17:15:00,2026-01-03T18:15:00,approved,DESC1036,Cameron Jackson,residential,Bulk Smoked Meats Pickup,1169.03,95.86,1264.89,medium
Desert Smoke BBQ & Catering,bbq_catering,Q_79cd5979ad,BBQ-Q00121,2026-01-01T10:45:00,2026-01-05T18:45:00,approved,DESC1036,Cameron Jackson,residential,Sausage & Sauce Gift Pack,1760.73,144.38,1905.11,large
Desert Smoke BBQ & Catering,bbq_catering,Q_3d5c998aeb,BBQ-Q00122,2026-01-01T12:15:00,2026-01-03T20:15:00,approved,DESC1005,Taylor Moore,residential,Bulk Smoked Meats Pickup,527.38,43.25,570.63,medium
Desert Smoke BBQ & Catering,bbq_catering,Q_28bf4fcae0,BBQ-Q00123,2026-01-01T18:45:00,2026-01-04T00:45:00,approved,DESC1038,Avery Nguyen,residential,Catering - Community Event,1254.49,102.87,1357.36,medium
Desert Smoke BBQ & Catering,bbq_catering,Q_e37eaabfcd,BBQ-Q00124,2026-01-03T08:30:00,2026-01-04T16:30:00,approved,DESC1001,Casey Johnson,residential,Sausage & Sauce Gift Pack,1973.37,161.82,2135.19,large
Desert Smoke BBQ & Catering,bbq_catering,Q_99672ad227,BBQ-Q00125,2026-01-03T17:15:00,2026-01-07T21:15:00,approved,DESC1023,Alex Thomas,residential,Catering - Backyard Party,670.1,54.95,725.05,medium
Desert Smoke BBQ & Catering,bbq_catering,Q_65ca88a6b0,BBQ-Q00126,2026-01-03T09:45:00,,no_response,DESC1001,Casey Johnson,residential,Catering - Community Event,1443.3,118.35,1561.65,large
Desert Smoke BBQ & Catering,bbq_catering,Q_7cec4400e6,BBQ-Q00127,2026-01-03T09:00:00,,sent,DESC1015,Cameron Martinez,residential,Catering - Community Event,925.4,75.88,1001.28,medium
Desert Smoke BBQ & Catering,bbq_catering,Q_ccfc153811,BBQ-Q00128,2026-01-04T15:45:00,2026-01-05T18:45:00,approved,DESC1011,Riley Davis,residential,Bulk Smoked Meats Pickup,502.38,41.2,543.58,medium
Desert Smoke BBQ & Catering,bbq_catering,Q_da4e00c981,BBQ-Q00129,2026-01-04T17:45:00,,sent,DESC1038,Avery Nguyen,residential,Bulk Smoked Meats Pickup,2553.42,209.38,2762.8,large
Desert Smoke BBQ & Catering,bbq_catering,Q_e94d718544,BBQ-Q00130,2026-01-07T11:45:00,,declined,DESC1010,Quinn Brown,residential,Catering - Wedding,2573.57,211.03,2784.6,large
Desert Smoke BBQ & Catering,bbq_catering,Q_97c0d07fd4,BBQ-Q00131,2026-01-07T11:15:00,,no_response,DESC1030,Avery Johnson,commercial,Bulk Smoked Meats Pickup,690.74,56.64,747.38,medium
Desert Smoke BBQ & Catering,bbq_catering,Q_733003dc8a,BBQ-Q00132,2026-01-08T14:30:00,2026-01-10T21:30:00,approved,DESC1033,Casey Martin,residential,Sausage & Sauce Gift Pack,775.28,63.57,838.85,medium
Desert Smoke BBQ & Catering,bbq_catering,Q_c7322fdfa9,BBQ-Q00133,2026-01-08T15:15:00,,declined,DESC1011,Riley Davis,residential,Bulk Smoked Meats Pickup,3086.25,253.07,3339.32,large
Desert Smoke BBQ & Catering,bbq_catering,Q_222e90266f,BBQ-Q00134,2026-01-08T07:45:00,,no_response,DESC1039,Jordan Nguyen,residential,Catering - Wedding,1014.83,83.22,1098.05,medium
Desert Smoke BBQ & Catering,bbq_catering,Q_cf2c9938dc,BBQ-Q00135,2026-01-08T08:00:00,,no_response,DESC1019,Alex Lee,residential,Sausage & Sauce Gift Pack,379.46,31.12,410.58,small
Desert Smoke BBQ & Catering,bbq_catering,Q_238e47fcaa,BBQ-Q00136,2026-01-08T13:15:00,2026-01-10T16:15:00,approved,DESC1010,Quinn Brown,residential,Sausage & Sauce Gift Pack,2257.82,185.14,2442.96,large
Desert Smoke BBQ & Catering,bbq_catering,Q_c498827707,BBQ-Q00137,2026-01-09T18:15:00,,sent,DESC1033,Casey Martin,residential,Catering - Backyard Party,2140.0,175.48,2315.48,large
Desert Smoke BBQ & Catering,bbq_catering,Q_f041e04e6f,BBQ-Q00138,2026-01-09T09:30:00,2026-01-11T13:30:00,approved,DESC1019,Alex Lee,residential,Sausage & Sauce Gift Pack,1246.6,102.22,1348.82,medium
Desert Smoke BBQ & Catering,bbq_catering,Q_aa1710204f,BBQ-Q00139,2026-01-09T07:45:00,2026-01-10T08:45:00,approved,DESC1039,Jordan Nguyen,residential,Catering - Office Lunch,1704.08,139.73,1843.81,large
Desert Smoke BBQ & Catering,bbq_catering,Q_2118fc67a0,BBQ-Q00140,2026-01-09T11:15:00,,sent,DESC1002,Jamie Davis,residential,Sausage & Sauce Gift Pack,734.53,60.23,794.76,medium
Desert Smoke BBQ & Catering,bbq_catering,Q_33d1423d16,BBQ-Q00141,2026-01-10T15:15:00,2026-01-11T22:15:00,approved,DESC1004,Rowan Thomas,residential,Bulk Smoked Meats Pickup,991.0,81.26,1072.26,medium
Desert Smoke BBQ & Catering,bbq_catering,Q_b537b2a335,BBQ-Q00142,2026-01-11T10:30:00,,sent,DESC1008,Avery Anderson,commercial,Catering - Office Lunch,1265.0,103.73,1368.73,medium
Desert Smoke BBQ & Catering,bbq_catering,Q_d9f190d537,BBQ-Q00143,2026-01-12T08:45:00,2026-01-14T14:45:00,approved,DESC1020,Casey Anderson,residential,Catering - Backyard Party,904.36,74.16,978.52,medium
Desert Smoke BBQ & Catering,bbq_catering,Q_ccee6ebbb8,BBQ-Q00144,2026-01-12T10:30:00,2026-01-14T15:30:00,approved,DESC1031,Avery Wilson,residential,Catering - Backyard Party,687.21,56.35,743.56,medium
Desert Smoke BBQ & Catering,bbq_catering,Q_3b5a5c0947,BBQ-Q00145,2026-01-13T11:45:00,2026-01-17T19:45:00,approved,DESC1031,Avery Wilson,residential,Bulk Smoked Meats Pickup,193.16,15.84,209.0,small
Desert Smoke BBQ & Catering,bbq_catering,Q_a49c64ea0a,BBQ-Q00146,2026-01-14T13:00:00,2026-01-20T17:00:00,approved,DESC1004,Rowan Thomas,residential,Sausage & Sauce Gift Pack,934.0,76.59,1010.59,medium
Desert Smoke BBQ & Catering,bbq_catering,Q_de394954d5,BBQ-Q00147,2026-01-15T10:45:00,,no_response,DESC1026,Skyler Nguyen,residential,Sausage & Sauce Gift Pack,1824.99,149.65,1974.64,large
Desert Smoke BBQ & Catering,bbq_catering,Q_e81a0353d1,BBQ-Q00148,2026-01-15T15:45:00,,declined,DESC1021,Blake Nguyen,residential,Bulk Smoked Meats Pickup,1138.29,93.34,1231.63,medium
Desert Smoke BBQ & Catering,bbq_catering,Q_ad3c485b2f,BBQ-Q00149,2026-01-15T09:15:00,2026-01-19T11:15:00,approved,DESC1018,Taylor Moore,residential,Sausage & Sauce Gift Pack,1219.15,99.97,1319.12,medium
Desert Smoke BBQ & Catering,bbq_catering,Q_c84dbdeb34,BBQ-Q00150,2026-01-16T07:00:00,2026-01-16T14:00:00,approved,DESC1038,Avery Nguyen,residential,Catering - Backyard Party,519.83,42.63,562.46,medium
Desert Smoke BBQ & Catering,bbq_catering,Q_f78adc5296,BBQ-Q00151,2026-01-16T08:15:00,2026-01-20T12:15:00,approved,DESC1016,Rowan Moore,residential,Catering - Office Lunch,682.61,55.97,738.58,medium
Desert Smoke BBQ & Catering,bbq_catering,Q_f4cc8ca010,BBQ-Q00152,2026-01-18T08:00:00,,declined,DESC1010,Quinn Brown,residential,Catering - Community Event,3419.34,280.39,3699.73,large
Desert Smoke BBQ & Catering,bbq_catering,Q_6c7b07b850,BBQ-Q00153,2026-01-18T07:15:00,,declined,DESC1027,Jamie Anderson,residential,Sausage & Sauce Gift Pack,826.74,67.79,894.53,medium
Desert Smoke BBQ & Catering,bbq_catering,Q_450243804d,BBQ-Q00154,2026-01-18T18:45:00,2026-01-21T20:45:00,approved,DESC1006,Sam Lee,commercial,Catering - Wedding,856.26,70.21,926.47,medium
Desert Smoke BBQ & Catering,bbq_catering,Q_c37a314c3b,BBQ-Q00155,2026-01-19T08:30:00,2026-01-21T09:30:00,approved,DESC1008,Avery Anderson,commercial,Catering - Backyard Party,2042.77,167.51,2210.28,large
Desert Smoke BBQ & Catering,bbq_catering,Q_147cda78f7,BBQ-Q00156,2026-01-19T13:45:00,,declined,DESC1022,Jamie Martinez,residential,Bulk Smoked Meats Pickup,395.57,32.44,428.01,small
Desert Smoke BBQ & Catering,bbq_catering,Q_3cc97e7a6e,BBQ-Q00157,2026-01-20T13:30:00,2026-01-22T19:30:00,approved,DESC1019,Alex Lee,residential,Catering - Backyard Party,1231.56,100.99,1332.55,medium
Desert Smoke BBQ & Catering,bbq_catering,Q_759c0d1de4,BBQ-Q00158,2026-01-20T09:45:00,,no_response,DESC1023,Alex Thomas,residential,Bulk Smoked Meats Pickup,2486.74,203.91,2690.65,large
Desert Smoke BBQ & Catering,bbq_catering,Q_007e9bd25e,BBQ-Q00159,2026-01-21T13:00:00,,sent,DESC1017,Taylor Smith,commercial,Bulk Smoked Meats Pickup,648.96,53.21,702.17,medium
Desert Smoke BBQ & Catering,bbq_catering,Q_8a9e2382b6,BBQ-Q00160,2026-01-21T14:15:00,2026-01-24T16:15:00,approved,DESC1023,Alex Thomas,residential,Catering - Office Lunch,617.92,50.67,668.59,medium
Desert Smoke BBQ & Catering,bbq_catering,Q_5a506e649b,BBQ-Q00161,2026-01-22T09:30:00,,declined,DESC1005,Taylor Moore,residential,Catering - Community Event,904.97,74.21,979.18,medium
Desert Smoke BBQ & Catering,bbq_catering,Q_80a65f78b2,BBQ-Q00162,2026-01-23T16:15:00,2026-01-25T00:15:00,approved,DESC1019,Alex Lee,residential,Catering - Wedding,1122.08,92.01,1214.09,medium
Desert Smoke BBQ & Catering,bbq_catering,Q_22c594333e,BBQ-Q00163,2026-01-23T08:15:00,,no_response,DESC1029,Alex Davis,residential,Bulk Smoked Meats Pickup,622.02,51.01,673.03,medium
Desert Smoke BBQ & Catering,bbq_catering,Q_54874dacf9,BBQ-Q00164,2026-01-23T13:45:00,2026-01-23T16:45:00,approved,DESC1034,Casey Smith,residential,Sausage & Sauce Gift Pack,403.72,33.11,436.83,small
Desert Smoke BBQ & Catering,bbq_catering,Q_0a300f41b6,BBQ-Q00165,2026-01-23T18:45:00,,no_response,DESC1003,Rowan Davis,residential,Catering - Wedding,1001.75,82.14,1083.89,medium
Desert Smoke BBQ & Catering,bbq_catering,Q_44f8949387,BBQ-Q00166,2026-01-24T16:00:00,2026-01-25T23:00:00,approved,DESC1027,Jamie Anderson,residential,Catering - Wedding,2269.62,186.11,2455.73,large
Desert Smoke BBQ & Catering,bbq_catering,Q_d3f622ec48,BBQ-Q00167,2026-01-24T07:45:00,2026-01-26T09:45:00,approved,DESC1007,Drew Hernandez,residential,Catering - Wedding,1027.01,84.21,1111.22,medium
Desert Smoke BBQ & Catering,bbq_catering,Q_ba71aa388c,BBQ-Q00168,2026-01-24T18:45:00,2026-01-26T00:45:00,approved,DESC1023,Alex Thomas,residential,Catering - Backyard Party,527.23,43.23,570.46,medium
Desert Smoke BBQ & Catering,bbq_catering,Q_bee395b9a6,BBQ-Q00169,2026-01-25T15:45:00,,sent,DESC1013,Jordan Thomas,residential,Catering - Office Lunch,290.72,23.84,314.56,small
Desert Smoke BBQ & Catering,bbq_catering,Q_50c231ca89,BBQ-Q00170,2026-01-25T18:15:00,,declined,DESC1032,Skyler Davis,commercial,Sausage & Sauce Gift Pack,809.82,66.41,876.23,medium
Desert Smoke BBQ & Catering,bbq_catering,Q_02eabd9f1f,BBQ-Q00171,2026-01-25T10:45:00,2026-01-28T12:45:00,approved,DESC1019,Alex Lee,residential,Catering - Wedding,1639.4,134.43,1773.83,large
Desert Smoke BBQ & Catering,bbq_catering,Q_c6731f5423,BBQ-Q00172,2026-01-25T11:00:00,,no_response,DESC1014,Parker Brown,residential,Catering - Wedding,3685.44,302.21,3987.65,large
Desert Smoke BBQ & Catering,bbq_catering,Q_370a3cf61f,BBQ-Q00173,2026-01-25T18:15:00,2026-01-28T01:15:00,approved,DESC1022,Jamie Martinez,residential,Catering - Community Event,236.82,19.42,256.24,small
Desert Smoke BBQ & Catering,bbq_catering,Q_c953c4aad1,BBQ-Q00174,2026-01-25T09:30:00,2026-01-26T17:30:00,approved,DESC1007,Drew Hernandez,residential,Bulk Smoked Meats Pickup,320.52,26.28,346.8,small
Desert Smoke BBQ & Catering,bbq_catering,Q_ddba756e13,BBQ-Q00175,2026-01-25T17:45:00,2026-01-27T00:45:00,approved,DESC1036,Cameron Jackson,residential,Sausage & Sauce Gift Pack,696.77,57.14,753.91,medium
Desert Smoke BBQ & Catering,bbq_catering,Q_87371de59e,BBQ-Q00176,2026-01-26T09:45:00,2026-01-26T17:45:00,approved,DESC1009,Cameron Jackson,residential,Bulk Smoked Meats Pickup,951.59,78.03,1029.62,medium
Desert Smoke BBQ & Catering,bbq_catering,Q_0850a35636,BBQ-Q00177,2026-01-27T13:00:00,2026-01-27T17:00:00,approved,DESC1022,Jamie Martinez,residential,Catering - Wedding,691.86,56.73,748.59,medium
Desert Smoke BBQ & Catering,bbq_catering,Q_ad88cadef6,BBQ-Q00178,2026-01-27T18:30:00,2026-01-29T01:30:00,approved,DESC1039,Jordan Nguyen,residential,Catering - Office Lunch,933.97,76.59,1010.56,medium
Desert Smoke BBQ & Catering,bbq_catering,Q_8a155e6d7a,BBQ-Q00179,2026-01-27T18:30:00,,declined,DESC1019,Alex Lee,residential,Catering - Wedding,2133.68,174.96,2308.64,large
Desert Smoke BBQ & Catering,bbq_catering,Q_677767c209,BBQ-Q00180,2026-01-27T17:15:00,,sent,DESC1027,Jamie Anderson,residential,Catering - Office Lunch,657.52,53.92,711.44,medium
Desert Smoke BBQ & Catering,bbq_catering,Q_bc979b2492,BBQ-Q00181,2026-01-28T17:30:00,2026-02-01T00:30:00,approved,DESC1003,Rowan Davis,residential,Catering - Community Event,904.94,74.21,979.15,medium
Desert Smoke BBQ & Catering,bbq_catering,Q_fbcfa9fe1a,BBQ-Q00182,2026-01-28T17:30:00,,sent,DESC1017,Taylor Smith,commercial,Bulk Smoked Meats Pickup,627.71,51.47,679.18,medium
Desert Smoke BBQ & Catering,bbq_catering,Q_0b34fb4169,BBQ-Q00183,2026-01-30T14:30:00,2026-01-31T15:30:00,approved,DESC1025,Skyler Johnson,commercial,Catering - Backyard Party,1024.09,83.98,1108.07,medium
Desert Smoke BBQ & Catering,bbq_catering,Q_5c477c9215,BBQ-Q00184,2026-01-31T10:15:00,2026-02-03T15:15:00,approved,DESC1039,Jordan Nguyen,residential,Catering - Office Lunch,1823.66,149.54,1973.2,large
