company,quote_id,line_index,item_name,category,qty,unit,unit_price,unit_cost_est,ext_price
Desert Smoke BBQ & Catering,Q_3931771d64,1,Smoked Brisket,food,3,lb,123.06,61.53,369.18
Desert Smoke BBQ & Catering,Q_3931771d64,2,Smoked Brisket,food,1,lb,369.2,184.6,369.2
Desert Smoke BBQ & Catering,Q_3931771d64,3,Smoked Brisket,food,1,lb,369.2,184.6,369.2
Desert Smoke BBQ & Catering,Q_2916f078d3,1,Sausage Links,food,1,lb,345.1,172.55,345.1
Desert Smoke BBQ & Catering,Q_2916f078d3,2,Pulled Pork,food,1,lb,345.1,172.55,345.1
Desert Smoke BBQ & Catering,Q_65835a4f49,1,Serving Staff,labor,1,hr,282.31,141.16,282.31
Desert Smoke BBQ & Catering,Q_65835a4f49,2,Catering Setup,service,1,each,282.31,141.16,282.31
Desert Smoke BBQ & Catering,Q_65835a4f49,3,Serving Staff,labor,2,hr,141.16,70.58,282.32
Desert Smoke BBQ & Catering,Q_65835a4f49,4,Sausage Links,food,1,lb,282.3,141.15,282.3
Desert Smoke BBQ & Catering,Q_571a2cb798,1,Serving Staff,labor,1,hr,227.63,113.81,227.63
Desert Smoke BBQ & Catering,Q_571a2cb798,2,Catering Setup,service,1,each,227.62,113.81,227.62
Desert Smoke BBQ & Catering,Q_571a2cb798,3,Sides Tray,food,1,tray,227.63,113.81,227.63
Desert Smoke BBQ & Catering,Q_51b4fb6e6d,1,Serving Staff,labor,1,hr,242.71,121.36,242.71
Desert Smoke BBQ & Catering,Q_51b4fb6e6d,2,Sausage Links,food,1,lb,242.7,121.35,242.7
Desert Smoke BBQ & Catering,Q_03e1d366d4,1,Catering Setup,service,1,each,514.31,267.44,514.31
Desert Smoke BBQ & Catering,Q_03e1d366d4,2,Serving Staff,labor,3,hr,171.44,89.15,514.32
Desert Smoke BBQ & Catering,Q_03e1d366d4,3,Disposable Servingware,supplies,1,kit,514.29,267.43,514.29
Desert Smoke BBQ & Catering,Q_7fae996242,1,Sausage Links,food,2,lb,163.56,81.78,327.12
Desert Smoke BBQ & Catering,Q_7fae996242,2,BBQ Sauce Bottles,merch,3,each,109.04,54.52,327.12
Desert Smoke BBQ & Catering,Q_7fae996242,3,Smoked Brisket,food,1,lb,327.12,163.56,327.12
Desert Smoke BBQ & Catering,Q_7fae996242,4,Pulled Pork,food,1,lb,327.13,163.56,327.13
Desert Smoke BBQ & Catering,Q_01b1366847,1,Smoked Brisket,food,1,lb,379.95,189.97,379.95
Desert Smoke BBQ & Catering,Q_01b1366847,2,Catering Setup,service,1,each,379.95,189.97,379.95
Desert Smoke BBQ & Catering,Q_01b1366847,3,Catering Setup,service,1,each,379.96,189.98,379.96
Desert Smoke BBQ & Catering,Q_2603efeb01,1,Sides Tray,food,1,tray,372.77,186.38,372.77
Desert Smoke BBQ & Catering,Q_2603efeb01,2,Sausage Links,food,2,lb,186.38,93.19,372.76
Desert Smoke BBQ & Catering,Q_2603efeb01,3,Smoked Brisket,food,1,lb,372.78,186.39,372.78
Desert Smoke BBQ & Catering,Q_978f5623a0,1,Pulled Pork,food,2,lb,190.7,95.35,381.4
Desert Smoke BBQ & Catering,Q_978f5623a0,2,Smoked Brisket,food,2,lb,190.7,95.35,381.4
Desert Smoke BBQ & Catering,Q_978f5623a0,3,Sides Tray,food,1,tray,381.4,190.7,381.4
Desert Smoke BBQ & Catering,Q_bd99761a17,1,BBQ Sauce Bottles,merch,1,each,205.15,102.58,205.15
Desert Smoke BBQ & Catering,Q_bd99761a17,2,Serving Staff,labor,1,hr,205.16,102.58,205.16
Desert Smoke BBQ & Catering,Q_bd99761a17,3,Serving Staff,labor,1,hr,205.15,102.58,205.15
Desert Smoke BBQ & Catering,Q_3dc947a37e,1,Sausage Links,food,3,lb,104.99,52.49,314.97
Desert Smoke BBQ & Catering,Q_3dc947a37e,2,Serving Staff,labor,1,hr,314.96,157.48,314.96
Desert Smoke BBQ & Catering,Q_3dc947a37e,3,Pulled Pork,food,3,lb,104.99,52.49,314.97
Desert Smoke BBQ & Catering,Q_3dc947a37e,4,BBQ Sauce Bottles,merch,1,each,314.96,157.48,314.96
Desert Smoke BBQ & Catering,Q_8f864d1a46,1,Serving Staff,labor,1,hr,262.27,131.13,262.27
Desert Smoke BBQ & Catering,Q_8f864d1a46,2,BBQ Sauce Bottles,merch,1,each,262.26,131.13,262.26
Desert Smoke BBQ & Catering,Q_8f864d1a46,3,Sides Tray,food,1,tray,262.27,131.13,262.27
Desert Smoke BBQ & Catering,Q_44296373ad,1,Serving Staff,labor,3,hr,446.8,232.34,1340.4
Desert Smoke BBQ & Catering,Q_44296373ad,2,Serving Staff,labor,2,hr,670.19,348.5,1340.38
Desert Smoke BBQ & Catering,Q_3779280eb2,1,Sausage Links,food,3,lb,49.92,24.96,149.76
Desert Smoke BBQ & Catering,Q_3779280eb2,2,Serving Staff,labor,2,hr,74.89,37.45,149.78
Desert Smoke BBQ & Catering,Q_3779280eb2,3,Smoked Brisket,food,1,lb,149.77,74.89,149.77
Desert Smoke BBQ & Catering,Q_3779280eb2,4,Serving Staff,labor,1,hr,149.77,74.89,149.77
Desert Smoke BBQ & Catering,Q_3779280eb2,5,BBQ Sauce Bottles,merch,3,each,49.92,24.96,149.76
Desert Smoke BBQ & Catering,Q_84b97d723d,1,Pulled Pork,food,1,lb,203.74,101.87,203.74
Desert Smoke BBQ & Catering,Q_84b97d723d,2,Catering Setup,service,1,each,203.74,101.87,203.74
Desert Smoke BBQ & Catering,Q_84b97d723d,3,Sides Tray,food,1,tray,203.74,101.87,203.74
Desert Smoke BBQ & Catering,Q_3d523947a2,1,Pulled Pork,food,2,lb,58.53,29.27,117.06
Desert Smoke BBQ & Catering,Q_3d523947a2,2,BBQ Sauce Bottles,merch,3,each,39.02,19.51,117.06
Desert Smoke BBQ & Catering,Q_3d523947a2,3,Sides Tray,food,2,tray,58.53,29.27,117.06
Desert Smoke BBQ & Catering,Q_3d523947a2,4,Disposable Servingware,supplies,2,kit,58.53,29.27,117.06
Desert Smoke BBQ & Catering,Q_3d523947a2,5,Sides Tray,food,1,tray,117.05,58.52,117.05
Desert Smoke BBQ & Catering,Q_14fcfbcf70,1,Sausage Links,food,3,lb,44.99,22.5,134.97
Desert Smoke BBQ & Catering,Q_14fcfbcf70,2,Disposable Servingware,supplies,1,kit,134.95,67.47,134.95
Desert Smoke BBQ & Catering,Q_14fcfbcf70,3,Sides Tray,food,1,tray,134.96,67.48,134.96
Desert Smoke BBQ & Catering,Q_c44ed74ddc,1,Disposable Servingware,supplies,1,kit,116.75,58.38,116.75
Desert Smoke BBQ & Catering,Q_c44ed74ddc,2,Disposable Servingware,supplies,2,kit,58.37,29.18,116.74
Desert Smoke BBQ & Catering,Q_c44ed74ddc,3,Serving Staff,labor,1,hr,116.75,58.38,116.75
Desert Smoke BBQ & Catering,Q_c44ed74ddc,4,Serving Staff,labor,3,hr,38.91,19.45,116.73
Desert Smoke BBQ & Catering,Q_c44ed74ddc,5,Disposable Servingware,supplies,1,kit,116.76,58.38,116.76
Desert Smoke BBQ & Catering,Q_1208bf74f9,1,Catering Setup,service,1,each,322.48,161.24,322.48
Desert Smoke BBQ & Catering,Q_1208bf74f9,2,Pulled Pork,food,1,lb,322.48,161.24,322.48
Desert Smoke BBQ & Catering,Q_1208bf74f9,3,Sausage Links,food,1,lb,322.48,161.24,322.48
Desert Smoke BBQ & Catering,Q_1208bf74f9,4,BBQ Sauce Bottles,merch,1,each,322.47,161.24,322.47
Desert Smoke BBQ & Catering,Q_6966fe5424,1,Sides Tray,food,2,tray,279.04,139.52,558.08
Desert Smoke BBQ & Catering,Q_6966fe5424,2,BBQ Sauce Bottles,merch,3,each,186.03,93.02,558.09
Desert Smoke BBQ & Catering,Q_a5227130c7,1,BBQ Sauce Bottles,merch,3,each,37.47,18.73,112.41
Desert Smoke BBQ & Catering,Q_a5227130c7,2,Sides Tray,food,2,tray,56.2,28.1,112.4
Desert Smoke BBQ & Catering,Q_a5227130c7,3,Sides Tray,food,1,tray,112.39,56.2,112.39
Desert Smoke BBQ & Catering,Q_a5227130c7,4,BBQ Sauce Bottles,merch,2,each,56.2,28.1,112.4
Desert Smoke BBQ & Catering,Q_a5227130c7,5,Smoked Brisket,food,2,lb,56.2,28.1,112.4
Desert Smoke BBQ & Catering,Q_9cc215eb24,1,BBQ Sauce Bottles,merch,3,each,184.36,92.18,553.08
Desert Smoke BBQ & Catering,Q_9cc215eb24,2,Smoked Brisket,food,1,lb,553.07,276.54,553.07
Desert Smoke BBQ & Catering,Q_94f4a1d73b,1,Serving Staff,labor,2,hr,205.33,102.67,410.66
Desert Smoke BBQ & Catering,Q_94f4a1d73b,2,Catering Setup,service,1,each,410.65,205.32,410.65
Desert Smoke BBQ & Catering,Q_974862db34,1,Pulled Pork,food,2,lb,178.43,92.78,356.86
Desert Smoke BBQ & Catering,Q_974862db34,2,Smoked Brisket,food,3,lb,118.96,61.86,356.88
Desert Smoke BBQ & Catering,Q_974862db34,3,Smoked Brisket,food,1,lb,356.86,185.57,356.86
Desert Smoke BBQ & Catering,Q_974862db34,4,Sides Tray,food,1,tray,356.86,185.57,356.86
Desert Smoke BBQ & Catering,Q_9b89d7e456,1,Smoked Brisket,food,3,lb,161.84,84.16,485.52
Desert Smoke BBQ & Catering,Q_9b89d7e456,2,Sausage Links,food,1,lb,485.52,252.47,485.52
Desert Smoke BBQ & Catering,Q_9b89d7e456,3,Sausage Links,food,2,lb,242.76,126.24,485.52
Desert Smoke BBQ & Catering,Q_dcba2941f0,1,Catering Setup,service,1,each,293.56,146.78,293.56
Desert Smoke BBQ & Catering,Q_dcba2941f0,2,Pulled Pork,food,1,lb,293.56,146.78,293.56
Desert Smoke BBQ & Catering,Q_dcba2941f0,3,Serving Staff,labor,1,hr,293.57,146.78,293.57
Desert Smoke BBQ & Catering,Q_dcba2941f0,4,Smoked Brisket,food,1,lb,293.56,146.78,293.56
Desert Smoke BBQ & Catering,Q_365ac0ecff,1,Pulled Pork,food,1,lb,374.39,187.19,374.39
Desert Smoke BBQ & Catering,Q_365ac0ecff,2,Pulled Pork,food,3,lb,124.8,62.4,374.4
Desert Smoke BBQ & Catering,Q_365ac0ecff,3,Smoked Brisket,food,1,lb,374.38,187.19,374.38
Desert Smoke BBQ & Catering,Q_a6a7ba7644,1,Smoked Brisket,food,2,lb,134.93,67.47,269.86
Desert Smoke BBQ & Catering,Q_a6a7ba7644,2,Disposable Servingware,supplies,1,kit,269.87,134.94,269.87
Desert Smoke BBQ & Catering,Q_a6a7ba7644,3,BBQ Sauce Bottles,merch,1,each,269.87,134.94,269.87
Desert Smoke BBQ & Catering,Q_a6a7ba7644,4,Disposable Servingware,supplies,1,kit,269.87,134.94,269.87
Desert Smoke BBQ & Catering,Q_1521b8d9d9,1,Serving Staff,labor,1,hr,68.04,34.02,68.04
Desert Smoke BBQ & Catering,Q_1521b8d9d9,2,Sides Tray,food,1,tray,68.03,34.02,68.03
Desert Smoke BBQ & Catering,Q_1521b8d9d9,3,Serving Staff,labor,2,hr,34.02,17.01,68.04
Desert Smoke BBQ & Catering,Q_1521b8d9d9,4,Sides Tray,food,2,tray,34.02,17.01,68.04
Desert Smoke BBQ & Catering,Q_1521b8d9d9,5,BBQ Sauce Bottles,merch,1,each,68.03,34.02,68.03
Desert Smoke BBQ & Catering,Q_21fd154969,1,Serving Staff,labor,3,hr,294.57,153.18,883.71
Desert Smoke BBQ & Catering,Q_21fd154969,2,Serving Staff,labor,3,hr,294.57,153.18,883.71
Desert Smoke BBQ & Catering,Q_21fd154969,3,Smoked Brisket,food,3,lb,294.57,153.18,883.71
Desert Smoke BBQ & Catering,Q_21fd154969,4,Sides Tray,food,1,tray,883.74,459.54,883.74
Desert Smoke BBQ & Catering,Q_38267738ce,1,Disposable Servingware,supplies,2,kit,110.03,55.02,220.06
Desert Smoke BBQ & Catering,Q_38267738ce,2,Disposable Servingware,supplies,1,kit,220.05,110.03,220.05
Desert Smoke BBQ & Catering,Q_38267738ce,3,Pulled Pork,food,1,lb,220.05,110.03,220.05
Desert Smoke BBQ & Catering,Q_bdb0322ee2,1,BBQ Sauce Bottles,merch,3,each,66.47,33.23,199.41
Desert Smoke BBQ & Catering,Q_bdb0322ee2,2,Catering Setup,service,1,each,199.41,99.7,199.41
Desert Smoke BBQ & Catering,Q_bdb0322ee2,3,Disposable Servingware,supplies,1,kit,199.41,99.7,199.41
Desert Smoke BBQ & Catering,Q_bdb0322ee2,4,Serving Staff,labor,1,hr,199.4,99.7,199.4
Desert Smoke BBQ & Catering,Q_38d4f1573f,1,Disposable Servingware,supplies,1,kit,635.65,330.54,635.65
Desert Smoke BBQ & Catering,Q_38d4f1573f,2,Serving Staff,labor,1,hr,635.65,330.54,635.65
Desert Smoke BBQ & Catering,Q_38d4f1573f,3,Sides Tray,food,1,tray,635.66,330.54,635.66
Desert Smoke BBQ & Catering,Q_20961d1fb4,1,Serving Staff,labor,1,hr,284.4,142.2,284.4
Desert Smoke BBQ & Catering,Q_20961d1fb4,2,Disposable Servingware,supplies,1,kit,284.4,142.2,284.4
Desert Smoke BBQ & Catering,Q_9864e4cf70,1,Disposable Servingware,supplies,1,kit,212.47,106.23,212.47
Desert Smoke BBQ & Catering,Q_9864e4cf70,2,Pulled Pork,food,2,lb,106.24,53.12,212.48
Desert Smoke BBQ & Catering,Q_9864e4cf70,3,Disposable Servingware,supplies,1,kit,212.47,106.23,212.47
Desert Smoke BBQ & Catering,Q_9864e4cf70,4,Smoked Brisket,food,1,lb,212.47,106.23,212.47
Desert Smoke BBQ & Catering,Q_120ea9453a,1,Disposable Servingware,supplies,2,kit,110.88,55.44,221.76
Desert Smoke BBQ & Catering,Q_120ea9453a,2,Serving Staff,labor,3,hr,73.92,36.96,221.76
Desert Smoke BBQ & Catering,Q_120ea9453a,3,BBQ Sauce Bottles,merch,1,each,221.75,110.88,221.75
Desert Smoke BBQ & Catering,Q_120ea9453a,4,Smoked Brisket,food,3,lb,73.92,36.96,221.76
Desert Smoke BBQ & Catering,Q_120ea9453a,5,Pulled Pork,food,1,lb,221.74,110.87,221.74
Desert Smoke BBQ & Catering,Q_93fe5ec0f9,1,Sausage Links,food,1,lb,1055.97,549.1,1055.97
Desert Smoke BBQ & Catering,Q_93fe5ec0f9,2,BBQ Sauce Bottles,merch,2,each,527.99,274.55,1055.98
Desert Smoke BBQ & Catering,Q_2bda75551c,1,Serving Staff,labor,1,hr,161.83,80.92,161.83
Desert Smoke BBQ & Catering,Q_2bda75551c,2,Disposable Servingware,supplies,1,kit,161.83,80.92,161.83
Desert Smoke BBQ & Catering,Q_2bda75551c,3,Sides Tray,food,1,tray,161.83,80.92,161.83
Desert Smoke BBQ & Catering,Q_49154f7d03,1,Pulled Pork,food,1,lb,460.78,230.39,460.78
Desert Smoke BBQ & Catering,Q_49154f7d03,2,Sausage Links,food,1,lb,460.78,230.39,460.78
Desert Smoke BBQ & Catering,Q_49154f7d03,3,Serving Staff,labor,2,hr,230.39,115.19,460.78
Desert Smoke BBQ & Catering,Q_f3a1125d8f,1,Disposable Servingware,supplies,1,kit,341.35,177.5,341.35
Desert Smoke BBQ & Catering,Q_f3a1125d8f,2,Smoked Brisket,food,2,lb,170.67,88.75,341.34
Desert Smoke BBQ & Catering,Q_f3a1125d8f,3,Catering Setup,service,3,each,113.78,59.17,341.34
Desert Smoke BBQ & Catering,Q_f3a1125d8f,4,Serving Staff,labor,1,hr,341.35,177.5,341.35
Desert Smoke BBQ & Catering,Q_f3a1125d8f,5,Pulled Pork,food,1,lb,341.35,177.5,341.35
Desert Smoke BBQ & Catering,Q_73081072ff,1,Sausage Links,food,2,lb,342.76,171.38,685.52
Desert Smoke BBQ & Catering,Q_73081072ff,2,Disposable Servingware,supplies,1,kit,685.54,342.77,685.54
Desert Smoke BBQ & Catering,Q_e341bb42a7,1,Catering Setup,service,1,each,258.41,129.21,258.41
Desert Smoke BBQ & Catering,Q_e341bb42a7,2,Pulled Pork,food,1,lb,258.4,129.2,258.4
Desert Smoke BBQ & Catering,Q_e341bb42a7,3,Catering Setup,service,2,each,129.2,64.6,258.4
Desert Smoke BBQ & Catering,Q_e341bb42a7,4,Disposable Servingware,supplies,1,kit,258.41,129.21,258.41
Desert Smoke BBQ & Catering,Q_e341bb42a7,5,BBQ Sauce Bottles,merch,3,each,86.14,43.07,258.42
Desert Smoke BBQ & Catering,Q_6719b111db,1,Disposable Servingware,supplies,2,kit,211.19,105.59,422.38
Desert Smoke BBQ & Catering,Q_6719b111db,2,Smoked Brisket,food,1,lb,422.39,211.19,422.39
Desert Smoke BBQ & Catering,Q_0045814319,1,Sausage Links,food,1,lb,311.42,155.71,311.42
Desert Smoke BBQ & Catering,Q_0045814319,2,Disposable Servingware,supplies,2,kit,155.71,77.86,311.42
Desert Smoke BBQ & Catering,Q_0045814319,3,Pulled Pork,food,1,lb,311.42,155.71,311.42
Desert Smoke BBQ & Catering,Q_0045814319,4,Sides Tray,food,1,tray,311.42,155.71,311.42
Desert Smoke BBQ & Catering,Q_f3b6730715,1,Pulled Pork,food,1,lb,191.32,95.66,191.32
Desert Smoke BBQ & Catering,Q_f3b6730715,2,Disposable Servingware,supplies,1,kit,191.32,95.66,191.32
Desert Smoke BBQ & Catering,Q_f3b6730715,3,Serving Staff,labor,2,hr,95.66,47.83,191.32
Desert Smoke BBQ & Catering,Q_f3b6730715,4,Disposable Servingware,supplies,2,kit,95.66,47.83,191.32
Desert Smoke BBQ & Catering,Q_f3b6730715,5,Sides Tray,food,2,tray,95.66,47.83,191.32
Desert Smoke BBQ & Catering,Q_241c18bdc4,1,Catering Setup,service,3,each,59.58,32.77,178.74
Desert Smoke BBQ & Catering,Q_241c18bdc4,2,Serving Staff,labor,1,hr,178.76,98.32,178.76
Desert Smoke BBQ & Catering,Q_241c18bdc4,3,Serving Staff,labor,1,hr,178.76,98.32,178.76
Desert Smoke BBQ & Catering,Q_241c18bdc4,4,Disposable Servingware,supplies,1,kit,178.75,98.31,178.75
Desert Smoke BBQ & Catering,Q_241c18bdc4,5,Disposable Servingware,supplies,3,kit,59.59,32.77,178.77
Desert Smoke BBQ & Catering,Q_a915023150,1,Sides Tray,food,3,tray,114.66,63.06,343.98
Desert Smoke BBQ & Catering,Q_a915023150,2,BBQ Sauce Bottles,merch,1,each,343.97,189.18,343.97
Desert Smoke BBQ & Catering,Q_a915023150,3,BBQ Sauce Bottles,merch,1,each,343.97,189.18,343.97
Desert Smoke BBQ & Catering,Q_81763d11d1,1,Sausage Links,food,2,lb,124.52,68.49,249.04
Desert Smoke BBQ & Catering,Q_81763d11d1,2,Smoked Brisket,food,1,lb,249.03,136.97,249.03
Desert Smoke BBQ & Catering,Q_81763d11d1,3,Catering Setup,service,1,each,249.03,136.97,249.03
Desert Smoke BBQ & Catering,Q_81763d11d1,4,Disposable Servingware,supplies,1,kit,249.03,136.97,249.03
Desert Smoke BBQ & Catering,Q_81763d11d1,5,Disposable Servingware,supplies,1,kit,249.03,136.97,249.03
Desert Smoke BBQ & Catering,Q_7019586090,1,Disposable Servingware,supplies,1,kit,1300.64,741.36,1300.64
Desert Smoke BBQ & Catering,Q_7019586090,2,Catering Setup,service,3,each,433.55,247.12,1300.65
Desert Smoke BBQ & Catering,Q_60a7bed144,1,Catering Setup,service,2,each,73.39,40.36,146.78
Desert Smoke BBQ & Catering,Q_60a7bed144,2,Smoked Brisket,food,3,lb,48.93,26.91,146.79
Desert Smoke BBQ & Catering,Q_60a7bed144,3,Pulled Pork,food,1,lb,146.79,80.73,146.79
Desert Smoke BBQ & Catering,Q_60a7bed144,4,Serving Staff,labor,1,hr,146.79,80.73,146.79
Desert Smoke BBQ & Catering,Q_60a7bed144,5,Pulled Pork,food,2,lb,73.39,40.36,146.78
Desert Smoke BBQ & Catering,Q_c61c437b25,1,Smoked Brisket,food,1,lb,253.75,139.56,253.75
Desert Smoke BBQ & Catering,Q_c61c437b25,2,Catering Setup,service,1,each,253.74,139.56,253.74
Desert Smoke BBQ & Catering,Q_c61c437b25,3,BBQ Sauce Bottles,merch,1,each,253.75,139.56,253.75
Desert Smoke BBQ & Catering,Q_c61c437b25,4,Sides Tray,food,3,tray,84.58,46.52,253.74
Desert Smoke BBQ & Catering,Q_1b89073fa8,1,Sides Tray,food,2,tray,488.22,278.29,976.44
Desert Smoke BBQ & Catering,Q_1b89073fa8,2,Serving Staff,labor,2,hr,488.23,278.29,976.46
Desert Smoke BBQ & Catering,Q_1b89073fa8,3,Serving Staff,labor,1,hr,976.44,556.57,976.44
Desert Smoke BBQ & Catering,Q_76af4996b2,1,BBQ Sauce Bottles,merch,1,each,338.7,186.28,338.7
Desert Smoke BBQ & Catering,Q_76af4996b2,2,Disposable Servingware,supplies,1,kit,338.7,186.28,338.7
Desert Smoke BBQ & Catering,Q_76af4996b2,3,Sides Tray,food,2,tray,169.35,93.14,338.7
Desert Smoke BBQ & Catering,Q_76af4996b2,4,Disposable Servingware,supplies,1,kit,338.71,186.29,338.71
Desert Smoke BBQ & Catering,Q_9978694a3d,1,Smoked Brisket,food,2,lb,212.54,121.15,425.08
Desert Smoke BBQ & Catering,Q_9978694a3d,2,Serving Staff,labor,1,hr,425.09,242.3,425.09
Desert Smoke BBQ & Catering,Q_9978694a3d,3,Smoked Brisket,food,3,lb,141.7,80.77,425.1
Desert Smoke BBQ & Catering,Q_9978694a3d,4,Disposable Servingware,supplies,1,kit,425.09,242.3,425.09
Desert Smoke BBQ & Catering,Q_e15b7a4d14,1,Smoked Brisket,food,1,lb,989.56,564.05,989.56
Desert Smoke BBQ & Catering,Q_e15b7a4d14,2,Disposable Servingware,supplies,1,kit,989.56,564.05,989.56
Desert Smoke BBQ & Catering,Q_c287316060,1,Sausage Links,food,1,lb,232.44,127.84,232.44
Desert Smoke BBQ & Catering,Q_c287316060,2,Sausage Links,food,3,lb,77.48,42.61,232.44
Desert Smoke BBQ & Catering,Q_c287316060,3,Catering Setup,service,3,each,77.48,42.61,232.44
Desert Smoke BBQ & Catering,Q_c287316060,4,Serving Staff,labor,1,hr,232.45,127.85,232.45
Desert Smoke BBQ & Catering,Q_c287316060,5,Serving Staff,labor,2,hr,116.22,63.92,232.44
Desert Smoke BBQ & Catering,Q_35aa4a8bd4,1,Catering Setup,service,1,each,146.26,80.44,146.26
Desert Smoke BBQ & Catering,Q_35aa4a8bd4,2,BBQ Sauce Bottles,merch,1,each,146.26,80.44,146.26
Desert Smoke BBQ & Catering,Q_35aa4a8bd4,3,Serving Staff,labor,3,hr,48.75,26.81,146.25
Desert Smoke BBQ & Catering,Q_35aa4a8bd4,4,Pulled Pork,food,2,lb,73.13,40.22,146.26
Desert Smoke BBQ & Catering,Q_35aa4a8bd4,5,Catering Setup,service,1,each,146.28,80.45,146.28
Desert Smoke BBQ & Catering,Q_5f2ce05816,1,Catering Setup,service,3,each,466.52,265.92,1399.56
Desert Smoke BBQ & Catering,Q_5f2ce05816,2,Sides Tray,food,1,tray,1399.56,797.75,1399.56
Desert Smoke BBQ & Catering,Q_085c569e6e,1,Smoked Brisket,food,1,lb,337.69,185.73,337.69
Desert Smoke BBQ & Catering,Q_085c569e6e,2,Disposable Servingware,supplies,1,kit,337.68,185.72,337.68
Desert Smoke BBQ & Catering,Q_8e376ccbe8,1,Sausage Links,food,2,lb,130.45,71.75,260.9
Desert Smoke BBQ & Catering,Q_8e376ccbe8,2,Pulled Pork,food,2,lb,130.45,71.75,260.9
Desert Smoke BBQ & Catering,Q_8e376ccbe8,3,BBQ Sauce Bottles,merch,1,each,260.9,143.5,260.9
Desert Smoke BBQ & Catering,Q_8e376ccbe8,4,Smoked Brisket,food,1,lb,260.9,143.5,260.9
Desert Smoke BBQ & Catering,Q_8e376ccbe8,5,Sides Tray,food,2,tray,130.45,71.75,260.9
Desert Smoke BBQ & Catering,Q_b1c20d2a27,1,Serving Staff,labor,1,hr,115.53,63.54,115.53
Desert Smoke BBQ & Catering,Q_b1c20d2a27,2,Pulled Pork,food,2,lb,57.77,31.77,115.54
Desert Smoke BBQ & Catering,Q_b1c20d2a27,3,Pulled Pork,food,1,lb,115.53,63.54,115.53
Desert Smoke BBQ & Catering,Q_b1c20d2a27,4,Smoked Brisket,food,1,lb,115.52,63.54,115.52
Desert Smoke BBQ & Catering,Q_b1c20d2a27,5,Catering Setup,service,1,each,115.53,63.54,115.53
Desert Smoke BBQ & Catering,Q_e7da5f15fa,1,Sausage Links,food,3,lb,63.95,35.17,191.85
Desert Smoke BBQ & Catering,Q_e7da5f15fa,2,Smoked Brisket,food,1,lb,191.85,105.52,191.85
Desert Smoke BBQ & Catering,Q_e7da5f15fa,3,Sausage Links,food,1,lb,191.85,105.52,191.85
Desert Smoke BBQ & Catering,Q_e7da5f15fa,4,Serving Staff,labor,1,hr,191.86,105.52,191.86
Desert Smoke BBQ & Catering,Q_820f6a5f24,1,Serving Staff,labor,1,hr,221.41,121.78,221.41
Desert Smoke BBQ & Catering,Q_820f6a5f24,2,Sausage Links,food,2,lb,110.7,60.89,221.4
Desert Smoke BBQ & Catering,Q_820f6a5f24,3,Pulled Pork,food,1,lb,221.41,121.78,221.41
Desert Smoke BBQ & Catering,Q_a40c5b72f6,1,Serving Staff,labor,2,hr,226.66,124.66,453.32
Desert Smoke BBQ & Catering,Q_a40c5b72f6,2,Smoked Brisket,food,1,lb,453.34,249.34,453.34
Desert Smoke BBQ & Catering,Q_8fbafe4cf7,1,Pulled Pork,food,1,lb,141.76,77.97,141.76
Desert Smoke BBQ & Catering,Q_8fbafe4cf7,2,Catering Setup,service,3,each,47.25,25.99,141.75
Desert Smoke BBQ & Catering,Q_8fbafe4cf7,3,Sausage Links,food,1,lb,141.76,77.97,141.76
Desert Smoke BBQ & Catering,Q_8fbafe4cf7,4,Sausage Links,food,1,lb,141.75,77.96,141.75
Desert Smoke BBQ & Catering,Q_8fbafe4cf7,5,Catering Setup,service,2,each,70.88,38.98,141.76
Desert Smoke BBQ & Catering,Q_504cc821aa,1,Pulled Pork,food,1,lb,109.5,60.23,109.5
Desert Smoke BBQ & Catering,Q_504cc821aa,2,Sides Tray,food,2,tray,54.75,30.11,109.5
Desert Smoke BBQ & Catering,Q_504cc821aa,3,Disposable Servingware,supplies,1,kit,109.5,60.23,109.5
Desert Smoke BBQ & Catering,Q_504cc821aa,4,BBQ Sauce Bottles,merch,1,each,109.5,60.23,109.5
Desert Smoke BBQ & Catering,Q_504cc821aa,5,Disposable Servingware,supplies,2,kit,54.75,30.11,109.5
Desert Smoke BBQ & Catering,Q_d287292f00,1,Pulled Pork,food,1,lb,132.76,73.02,132.76
Desert Smoke BBQ & Catering,Q_d287292f00,2,Pulled Pork,food,1,lb,132.75,73.01,132.75
Desert Smoke BBQ & Catering,Q_d287292f00,3,BBQ Sauce Bottles,merch,1,each,132.76,73.02,132.76
Desert Smoke BBQ & Catering,Q_d287292f00,4,Catering Setup,service,1,each,132.75,73.01,132.75
Desert Smoke BBQ & Catering,Q_d287292f00,5,Smoked Brisket,food,3,lb,44.25,24.34,132.75
Desert Smoke BBQ & Catering,Q_2624f6b656,1,Smoked Brisket,food,1,lb,290.45,165.56,290.45
Desert Smoke BBQ & Catering,Q_2624f6b656,2,Serving Staff,labor,1,hr,290.45,165.56,290.45
Desert Smoke BBQ & Catering,Q_2624f6b656,3,Pulled Pork,food,3,lb,96.82,55.19,290.46
Desert Smoke BBQ & Catering,Q_2624f6b656,4,Sides Tray,food,1,tray,290.44,165.55,290.44
Desert Smoke BBQ & Catering,Q_2624f6b656,5,Disposable Servingware,supplies,1,kit,290.44,165.55,290.44
Desert Smoke BBQ & Catering,Q_06ffcabc0b,1,Sides Tray,food,2,tray,85.19,46.85,170.38
Desert Smoke BBQ & Catering,Q_06ffcabc0b,2,Smoked Brisket,food,3,lb,56.79,31.23,170.37
Desert Smoke BBQ & Catering,Q_06ffcabc0b,3,Serving Staff,labor,1,hr,170.37,93.7,170.37
Desert Smoke BBQ & Catering,Q_06ffcabc0b,4,Sausage Links,food,1,lb,170.36,93.7,170.36
Desert Smoke BBQ & Catering,Q_01ff8ea1a5,1,Pulled Pork,food,1,lb,256.2,140.91,256.2
Desert Smoke BBQ & Catering,Q_01ff8ea1a5,2,Smoked Brisket,food,1,lb,256.19,140.9,256.19
Desert Smoke BBQ & Catering,Q_01ff8ea1a5,3,Sides Tray,food,2,tray,128.1,70.45,256.2
Desert Smoke BBQ & Catering,Q_01ff8ea1a5,4,BBQ Sauce Bottles,merch,2,each,128.1,70.45,256.2
Desert Smoke BBQ & Catering,Q_01ff8ea1a5,5,Catering Setup,service,1,each,256.19,140.9,256.19
Desert Smoke BBQ & Catering,Q_01726ac59b,1,Smoked Brisket,food,1,lb,181.89,100.04,181.89
Desert Smoke BBQ & Catering,Q_01726ac59b,2,Serving Staff,labor,2,hr,90.94,50.02,181.88
Desert Smoke BBQ & Catering,Q_01726ac59b,3,BBQ Sauce Bottles,merch,2,each,90.95,50.02,181.9
Desert Smoke BBQ & Catering,Q_587b196905,1,Serving Staff,labor,3,hr,209.53,115.24,628.59
Desert Smoke BBQ & Catering,Q_587b196905,2,Disposable Servingware,supplies,3,kit,209.53,115.24,628.59
Desert Smoke BBQ & Catering,Q_d6b94452b7,1,Sides Tray,food,1,tray,148.31,81.57,148.31
Desert Smoke BBQ & Catering,Q_d6b94452b7,2,Serving Staff,labor,1,hr,148.31,81.57,148.31
Desert Smoke BBQ & Catering,Q_d6b94452b7,3,Catering Setup,service,1,each,148.31,81.57,148.31
Desert Smoke BBQ & Catering,Q_d6b94452b7,4,Smoked Brisket,food,2,lb,74.16,40.79,148.32
Desert Smoke BBQ & Catering,Q_c441de0128,1,Pulled Pork,food,2,lb,93.87,51.63,187.74
Desert Smoke BBQ & Catering,Q_c441de0128,2,Smoked Brisket,food,2,lb,93.88,51.63,187.76
Desert Smoke BBQ & Catering,Q_c441de0128,3,Smoked Brisket,food,2,lb,93.87,51.63,187.74
Desert Smoke BBQ & Catering,Q_c441de0128,4,Pulled Pork,food,1,lb,187.75,103.26,187.75
Desert Smoke BBQ & Catering,Q_577e17628f,1,BBQ Sauce Bottles,merch,1,each,1017.97,580.24,1017.97
Desert Smoke BBQ & Catering,Q_577e17628f,2,Catering Setup,service,1,each,1017.96,580.24,1017.96
Desert Smoke BBQ & Catering,Q_b22337b310,1,BBQ Sauce Bottles,merch,3,each,240.34,136.99,721.02
Desert Smoke BBQ & Catering,Q_b22337b310,2,BBQ Sauce Bottles,merch,3,each,240.34,136.99,721.02
Desert Smoke BBQ & Catering,Q_b22337b310,3,Pulled Pork,food,2,lb,360.52,205.5,721.04
Desert Smoke BBQ & Catering,Q_0d326455ab,1,Pulled Pork,food,3,lb,236.01,134.53,708.03
Desert Smoke BBQ & Catering,Q_0d326455ab,2,Sides Tray,food,1,tray,708.03,403.58,708.03
Desert Smoke BBQ & Catering,Q_8ef85775c6,1,Serving Staff,labor,1,hr,410.41,225.73,410.41
Desert Smoke BBQ & Catering,Q_8ef85775c6,2,Sausage Links,food,3,lb,136.8,75.24,410.4
Desert Smoke BBQ & Catering,Q_8ef85775c6,3,Sausage Links,food,1,lb,410.42,225.73,410.42
Desert Smoke BBQ & Catering,Q_fd41579854,1,Sausage Links,food,2,lb,479.77,273.47,959.54
Desert Smoke BBQ & Catering,Q_fd41579854,2,Pulled Pork,food,2,lb,479.77,273.47,959.54
Desert Smoke BBQ & Catering,Q_fd41579854,3,Disposable Servingware,supplies,1,kit,959.53,546.93,959.53
Desert Smoke BBQ & Catering,Q_fd41579854,4,Serving Staff,labor,3,hr,319.84,182.31,959.52
Desert Smoke BBQ & Catering,Q_a03f333b0c,1,Serving Staff,labor,1,hr,95.58,52.57,95.58
Desert Smoke BBQ & Catering,Q_a03f333b0c,2,Pulled Pork,food,3,lb,31.86,17.52,95.58
Desert Smoke BBQ & Catering,Q_a03f333b0c,3,BBQ Sauce Bottles,merch,2,each,47.79,26.28,95.58
Desert Smoke BBQ & Catering,Q_a03f333b0c,4,Smoked Brisket,food,2,lb,47.8,26.29,95.6
Desert Smoke BBQ & Catering,Q_32dee00759,1,Sausage Links,food,1,lb,93.2,51.26,93.2
Desert Smoke BBQ & Catering,Q_32dee00759,2,Disposable Servingware,supplies,1,kit,93.2,51.26,93.2
Desert Smoke BBQ & Catering,Q_32dee00759,3,Catering Setup,service,1,each,93.2,51.26,93.2
Desert Smoke BBQ & Catering,Q_32dee00759,4,Sausage Links,food,1,lb,93.2,51.26,93.2
Desert Smoke BBQ & Catering,Q_32dee00759,5,Sides Tray,food,2,tray,46.6,25.63,93.2
Desert Smoke BBQ & Catering,Q_a14079e1c0,1,BBQ Sauce Bottles,merch,1,each,108.59,59.72,108.59
Desert Smoke BBQ & Catering,Q_a14079e1c0,2,Smoked Brisket,food,1,lb,108.59,59.72,108.59
Desert Smoke BBQ & Catering,Q_a14079e1c0,3,Pulled Pork,food,1,lb,108.59,59.72,108.59
Desert Smoke BBQ & Catering,Q_a14079e1c0,4,Pulled Pork,food,3,lb,36.2,19.91,108.6
Desert Smoke BBQ & Catering,Q_a14079e1c0,5,BBQ Sauce Bottles,merch,1,each,108.57,59.71,108.57
Desert Smoke BBQ & Catering,Q_e26b4676d2,1,Catering Setup,service,1,each,316.79,174.23,316.79
Desert Smoke BBQ & Catering,Q_e26b4676d2,2,BBQ Sauce Bottles,merch,1,each,316.79,174.23,316.79
Desert Smoke BBQ & Catering,Q_e26b4676d2,3,Pulled Pork,food,1,lb,316.79,174.23,316.79
Desert Smoke BBQ & Catering,Q_6193d88cbd,1,BBQ Sauce Bottles,merch,3,each,117.2,64.46,351.6
Desert Smoke BBQ & Catering,Q_6193d88cbd,2,Catering Setup,service,1,each,351.63,193.4,351.63
Desert Smoke BBQ & Catering,Q_9c4ebe0982,1,Sides Tray,food,1,tray,44.01,24.21,44.01
Desert Smoke BBQ & Catering,Q_9c4ebe0982,2,Sausage Links,food,1,lb,44.01,24.21,44.01
Desert Smoke BBQ & Catering,Q_9c4ebe0982,3,Pulled Pork,food,1,lb,44.01,24.21,44.01
Desert Smoke BBQ & Catering,Q_9c4ebe0982,4,Pulled Pork,food,3,lb,14.67,8.07,44.01
Desert Smoke BBQ & Catering,Q_9c4ebe0982,5,Smoked Brisket,food,1,lb,44.0,24.2,44.0
Desert Smoke BBQ & Catering,Q_656e392d71,1,Disposable Servingware,supplies,1,kit,413.55,227.45,413.55
Desert Smoke BBQ & Catering,Q_656e392d71,2,BBQ Sauce Bottles,merch,1,each,413.55,227.45,413.55
Desert Smoke BBQ & Catering,Q_656e392d71,3,Sides Tray,food,2,tray,206.77,113.72,413.54
Desert Smoke BBQ & Catering,Q_206bb96c34,1,Sides Tray,food,1,tray,248.68,136.77,248.68
Desert Smoke BBQ & Catering,Q_206bb96c34,2,Disposable Servingware,supplies,2,kit,124.34,68.39,248.68
Desert Smoke BBQ & Catering,Q_206bb96c34,3,Serving Staff,labor,2,hr,124.34,68.39,248.68
Desert Smoke BBQ & Catering,Q_206bb96c34,4,BBQ Sauce Bottles,merch,1,each,248.69,136.78,248.69
Desert Smoke BBQ & Catering,Q_206bb96c34,5,Sides Tray,food,3,tray,82.9,45.6,248.7
Desert Smoke BBQ & Catering,Q_a0f16e5b08,1,Serving Staff,labor,1,hr,189.6,104.28,189.6
Desert Smoke BBQ & Catering,Q_a0f16e5b08,2,Sausage Links,food,1,lb,189.61,104.29,189.61
Desert Smoke BBQ & Catering,Q_f412767914,1,Disposable Servingware,supplies,1,kit,159.98,87.99,159.98
Desert Smoke BBQ & Catering,Q_f412767914,2,Smoked Brisket,food,2,lb,79.99,43.99,159.98
Desert Smoke BBQ & Catering,Q_f412767914,3,Smoked Brisket,food,2,lb,79.99,43.99,159.98
Desert Smoke BBQ & Catering,Q_cdbbabca21,1,Catering Setup,service,1,each,1207.57,688.31,1207.57
Desert Smoke BBQ & Catering,Q_cdbbabca21,2,Sausage Links,food,1,lb,1207.57,688.31,1207.57
Desert Smoke BBQ & Catering,Q_b311793c9b,1,Pulled Pork,food,1,lb,591.61,325.39,591.61
Desert Smoke BBQ & Catering,Q_b311793c9b,2,Serving Staff,labor,1,hr,591.6,325.38,591.6
Desert Smoke BBQ & Catering,Q_35653c3452,1,Serving Staff,labor,1,hr,352.68,193.97,352.68
Desert Smoke BBQ & Catering,Q_35653c3452,2,Smoked Brisket,food,1,lb,352.68,193.97,352.68
Desert Smoke BBQ & Catering,Q_35653c3452,3,BBQ Sauce Bottles,merch,3,each,117.56,64.66,352.68
Desert Smoke BBQ & Catering,Q_0663aafd74,1,Serving Staff,labor,2,hr,375.58,214.08,751.16
Desert Smoke BBQ & Catering,Q_0663aafd74,2,Smoked Brisket,food,3,lb,250.39,142.72,751.17
Desert Smoke BBQ & Catering,Q_0663aafd74,3,Catering Setup,service,1,each,751.16,428.16,751.16
Desert Smoke BBQ & Catering,Q_c93c8c20a2,1,BBQ Sauce Bottles,merch,2,each,169.66,93.31,339.32
Desert Smoke BBQ & Catering,Q_c93c8c20a2,2,Smoked Brisket,food,2,lb,169.67,93.32,339.34
Desert Smoke BBQ & Catering,Q_c5065ccab9,1,Catering Setup,service,1,each,663.47,364.91,663.47
Desert Smoke BBQ & Catering,Q_c5065ccab9,2,Smoked Brisket,food,1,lb,663.46,364.9,663.46
Desert Smoke BBQ & Catering,Q_0d77248738,1,Sausage Links,food,1,lb,838.65,478.03,838.65
Desert Smoke BBQ & Catering,Q_0d77248738,2,Disposable Servingware,supplies,1,kit,838.64,478.02,838.64
Desert Smoke BBQ & Catering,Q_0d77248738,3,Serving Staff,labor,1,hr,838.65,478.03,838.65
Desert Smoke BBQ & Catering,Q_1f310fb3e8,1,Disposable Servingware,supplies,1,kit,324.38,184.9,324.38
Desert Smoke BBQ & Catering,Q_1f310fb3e8,2,Smoked Brisket,food,1,lb,324.38,184.9,324.38
Desert Smoke BBQ & Catering,Q_1f310fb3e8,3,Serving Staff,labor,1,hr,324.39,184.9,324.39
Desert Smoke BBQ & Catering,Q_1f310fb3e8,4,Smoked Brisket,food,1,lb,324.38,184.9,324.38
Desert Smoke BBQ & Catering,Q_1f310fb3e8,5,Serving Staff,labor,1,hr,324.39,184.9,324.39
Desert Smoke BBQ & Catering,Q_64d9b9e41b,1,BBQ Sauce Bottles,merch,1,each,167.77,92.27,167.77
Desert Smoke BBQ & Catering,Q_64d9b9e41b,2,Sausage Links,food,2,lb,83.89,46.14,167.78
Desert Smoke BBQ & Catering,Q_64d9b9e41b,3,Disposable Servingware,supplies,1,kit,167.77,92.27,167.77
Desert Smoke BBQ & Catering,Q_64d9b9e41b,4,Serving Staff,labor,1,hr,167.77,92.27,167.77
Desert Smoke BBQ & Catering,Q_64d9b9e41b,5,BBQ Sauce Bottles,merch,1,each,167.76,92.27,167.76
Desert Smoke BBQ & Catering,Q_0870e49f63,1,Pulled Pork,food,1,lb,667.52,367.14,667.52
Desert Smoke BBQ & Catering,Q_0870e49f63,2,Serving Staff,labor,1,hr,667.53,367.14,667.53
Desert Smoke BBQ & Catering,Q_e9329af30f,1,Catering Setup,service,2,each,106.5,58.58,213.0
Desert Smoke BBQ & Catering,Q_e9329af30f,2,Smoked Brisket,food,1,lb,212.99,117.14,212.99
Desert Smoke BBQ & Catering,Q_e9329af30f,3,BBQ Sauce Bottles,merch,1,each,212.99,117.14,212.99
Desert Smoke BBQ & Catering,Q_e9329af30f,4,Smoked Brisket,food,1,lb,212.99,117.14,212.99
Desert Smoke BBQ & Catering,Q_e9329af30f,5,BBQ Sauce Bottles,merch,1,each,212.99,117.14,212.99
Desert Smoke BBQ & Catering,Q_9460c4406e,1,Catering Setup,service,1,each,245.15,134.83,245.15
Desert Smoke BBQ & Catering,Q_9460c4406e,2,BBQ Sauce Bottles,merch,3,each,81.72,44.95,245.16
Desert Smoke BBQ & Catering,Q_9460c4406e,3,Smoked Brisket,food,3,lb,81.71,44.94,245.13
Desert Smoke BBQ & Catering,Q_503fb3ba0b,1,Pulled Pork,food,3,lb,29.24,16.08,87.72
Desert Smoke BBQ & Catering,Q_503fb3ba0b,2,Sausage Links,food,3,lb,29.24,16.08,87.72
Desert Smoke BBQ & Catering,Q_503fb3ba0b,3,Catering Setup,service,2,each,43.86,24.12,87.72
Desert Smoke BBQ & Catering,Q_503fb3ba0b,4,Catering Setup,service,1,each,87.73,48.25,87.73
Desert Smoke BBQ & Catering,Q_503fb3ba0b,5,Sides Tray,food,1,tray,87.73,48.25,87.73
Desert Smoke BBQ & Catering,Q_bcca4a5764,1,Sides Tray,food,3,tray,49.73,27.35,149.19
Desert Smoke BBQ & Catering,Q_bcca4a5764,2,Serving Staff,labor,2,hr,74.59,41.02,149.18
Desert Smoke BBQ & Catering,Q_bcca4a5764,3,Sides Tray,food,1,tray,149.18,82.05,149.18
Desert Smoke BBQ & Catering,Q_bcca4a5764,4,Sausage Links,food,1,lb,149.18,82.05,149.18
Desert Smoke BBQ & Catering,Q_bcca4a5764,5,Disposable Servingware,supplies,1,kit,149.18,82.05,149.18
Desert Smoke BBQ & Catering,Q_d9ad2fde2c,1,Serving Staff,labor,1,hr,787.78,449.03,787.78
Desert Smoke BBQ & Catering,Q_d9ad2fde2c,2,Sausage Links,food,1,lb,787.78,449.03,787.78
Desert Smoke BBQ & Catering,Q_c956e37d8d,1,Sides Tray,food,2,tray,62.78,34.53,125.56
Desert Smoke BBQ & Catering,Q_c956e37d8d,2,Smoked Brisket,food,1,lb,125.57,69.06,125.57
Desert Smoke BBQ & Catering,Q_c956e37d8d,3,Catering Setup,service,2,each,62.78,34.53,125.56
Desert Smoke BBQ & Catering,Q_b378090c7b,1,BBQ Sauce Bottles,merch,2,each,100.67,55.37,201.34
Desert Smoke BBQ & Catering,Q_b378090c7b,2,BBQ Sauce Bottles,merch,2,each,100.67,55.37,201.34
Desert Smoke BBQ & Catering,Q_b378090c7b,3,Pulled Pork,food,1,lb,201.33,110.73,201.33
Desert Smoke BBQ & Catering,Q_b378090c7b,4,Catering Setup,service,1,each,201.33,110.73,201.33
Desert Smoke BBQ & Catering,Q_6fc7b56bb6,1,Smoked Brisket,food,1,lb,168.9,92.9,168.9
Desert Smoke BBQ & Catering,Q_6fc7b56bb6,2,Sausage Links,food,1,lb,168.91,92.9,168.91
Desert Smoke BBQ & Catering,Q_6fc7b56bb6,3,Sausage Links,food,1,lb,168.9,92.9,168.9
Desert Smoke BBQ & Catering,Q_6fc7b56bb6,4,Catering Setup,service,1,each,168.91,92.9,168.91
Desert Smoke BBQ & Catering,Q_6fc7b56bb6,5,Catering Setup,service,3,each,56.3,30.96,168.9
Desert Smoke BBQ & Catering,Q_13b9ca08da,1,Pulled Pork,food,3,lb,82.45,45.35,247.35
Desert Smoke BBQ & Catering,Q_13b9ca08da,2,Sausage Links,food,3,lb,82.45,45.35,247.35
Desert Smoke BBQ & Catering,Q_13b9ca08da,3,Sausage Links,food,1,lb,247.37,136.05,247.37
Desert Smoke BBQ & Catering,Q_13b9ca08da,4,Catering Setup,service,3,each,82.46,45.35,247.38
Desert Smoke BBQ & Catering,Q_e4b099761d,1,Smoked Brisket,food,2,lb,106.22,58.42,212.44
Desert Smoke BBQ & Catering,Q_e4b099761d,2,Serving Staff,labor,1,hr,212.43,116.84,212.43
Desert Smoke BBQ & Catering,Q_e4b099761d,3,Disposable Servingware,supplies,1,kit,212.43,116.84,212.43
Desert Smoke BBQ & Catering,Q_e4b099761d,4,BBQ Sauce Bottles,merch,1,each,212.43,116.84,212.43
Desert Smoke BBQ & Catering,Q_e4b099761d,5,Disposable Servingware,supplies,1,kit,212.44,116.84,212.44
Desert Smoke BBQ & Catering,Q_3f952f3482,1,Sausage Links,food,1,lb,431.02,245.68,431.02
Desert Smoke BBQ & Catering,Q_3f952f3482,2,Catering Setup,service,1,each,431.02,245.68,431.02
Desert Smoke BBQ & Catering,Q_3f952f3482,3,BBQ Sauce Bottles,merch,1,each,431.02,245.68,431.02
Desert Smoke BBQ & Catering,Q_3f952f3482,4,Catering Setup,service,3,each,143.67,81.89,431.01
Desert Smoke BBQ & Catering,Q_ba83e6e6be,1,Sausage Links,food,1,lb,614.58,350.31,614.58
Desert Smoke BBQ & Catering,Q_ba83e6e6be,2,Smoked Brisket,food,1,lb,614.59,350.32,614.59
Desert Smoke BBQ & Catering,Q_ba83e6e6be,3,BBQ Sauce Bottles,merch,3,each,204.86,116.77,614.58
Desert Smoke BBQ & Catering,Q_fec3907b31,1,Disposable Servingware,supplies,2,kit,174.8,99.64,349.6
Desert Smoke BBQ & Catering,Q_fec3907b31,2,Serving Staff,labor,2,hr,174.81,99.64,349.62
Desert Smoke BBQ & Catering,Q_fec3907b31,3,Smoked Brisket,food,1,lb,349.61,199.28,349.61
Desert Smoke BBQ & Catering,Q_fec3907b31,4,BBQ Sauce Bottles,merch,3,each,116.54,66.43,349.62
Desert Smoke BBQ & Catering,Q_fec3907b31,5,Disposable Servingware,supplies,1,kit,349.59,199.27,349.59
Desert Smoke BBQ & Catering,Q_fa59fdffa5,1,Disposable Servingware,supplies,3,kit,104.64,57.55,313.92
Desert Smoke BBQ & Catering,Q_fa59fdffa5,2,Disposable Servingware,supplies,1,kit,313.93,172.66,313.93
Desert Smoke BBQ & Catering,Q_fa59fdffa5,3,Smoked Brisket,food,1,lb,313.93,172.66,313.93
Desert Smoke BBQ & Catering,Q_fa59fdffa5,4,BBQ Sauce Bottles,merch,1,each,313.94,172.67,313.94
Desert Smoke BBQ & Catering,Q_a2740211f9,1,Catering Setup,service,3,each,72.24,39.73,216.72
Desert Smoke BBQ & Catering,Q_a2740211f9,2,Serving Staff,labor,1,hr,216.72,119.2,216.72
Desert Smoke BBQ & Catering,Q_a2740211f9,3,BBQ Sauce Bottles,merch,3,each,72.24,39.73,216.72
Desert Smoke BBQ & Catering,Q_5bbaff9604,1,Sausage Links,food,1,lb,744.77,424.52,744.77
Desert Smoke BBQ & Catering,Q_5bbaff9604,2,BBQ Sauce Bottles,merch,1,each,744.77,424.52,744.77
Desert Smoke BBQ & Catering,Q_de2d919801,1,Smoked Brisket,food,1,lb,160.41,88.23,160.41
Desert Smoke BBQ & Catering,Q_de2d919801,2,Smoked Brisket,food,1,lb,160.41,88.23,160.41
Desert Smoke BBQ & Catering,Q_de2d919801,3,Catering Setup,service,2,each,80.21,44.12,160.42
Desert Smoke BBQ & Catering,Q_de2d919801,4,Disposable Servingware,supplies,1,kit,160.41,88.23,160.41
Desert Smoke BBQ & Catering,Q_de2d919801,5,Sausage Links,food,1,lb,160.41,88.23,160.41
Desert Smoke BBQ & Catering,Q_7f4f5714c8,1,Catering Setup,service,3,each,75.12,41.32,225.36
Desert Smoke BBQ & Catering,Q_7f4f5714c8,2,Disposable Servingware,supplies,3,kit,75.13,41.32,225.39
Desert Smoke BBQ & Catering,Q_7f4f5714c8,3,Serving Staff,labor,2,hr,112.69,61.98,225.38
Desert Smoke BBQ & Catering,Q_7f4f5714c8,4,Smoked Brisket,food,1,lb,225.36,123.95,225.36
Desert Smoke BBQ & Catering,Q_809ffa1b0a,1,Smoked Brisket,food,3,lb,116.2,63.91,348.6
Desert Smoke BBQ & Catering,Q_809ffa1b0a,2,Disposable Servingware,supplies,1,kit,348.59,191.72,348.59
Desert Smoke BBQ & Catering,Q_809ffa1b0a,3,BBQ Sauce Bottles,merch,1,each,348.59,191.72,348.59
Desert Smoke BBQ & Catering,Q_58ad046376,1,Sides Tray,food,1,tray,584.51,321.48,584.51
Desert Smoke BBQ & Catering,Q_58ad046376,2,Disposable Servingware,supplies,1,kit,584.52,321.49,584.52
Desert Smoke BBQ & Catering,Q_79cd5979ad,1,Sausage Links,food,3,lb,293.45,152.59,880.35
Desert Smoke BBQ & Catering,Q_79cd5979ad,2,Sides Tray,food,3,tray,293.46,152.6,880.38
Desert Smoke BBQ & Catering,Q_3d5c998aeb,1,Catering Setup,service,1,each,131.84,65.92,131.84
Desert Smoke BBQ & Catering,Q_3d5c998aeb,2,Disposable Servingware,supplies,1,kit,131.85,65.92,131.85
Desert Smoke BBQ & Catering,Q_3d5c998aeb,3,Sides Tray,food,1,tray,131.84,65.92,131.84
Desert Smoke BBQ & Catering,Q_3d5c998aeb,4,Serving Staff,labor,1,hr,131.85,65.92,131.85
Desert Smoke BBQ & Catering,Q_28bf4fcae0,1,Serving Staff,labor,1,hr,313.62,156.81,313.62
Desert Smoke BBQ & Catering,Q_28bf4fcae0,2,Pulled Pork,food,3,lb,104.54,52.27,313.62
Desert Smoke BBQ & Catering,Q_28bf4fcae0,3,BBQ Sauce Bottles,merch,2,each,156.81,78.41,313.62
Desert Smoke BBQ & Catering,Q_28bf4fcae0,4,Catering Setup,service,1,each,313.63,156.81,313.63
Desert Smoke BBQ & Catering,Q_e37eaabfcd,1,Disposable Servingware,supplies,1,kit,493.34,256.54,493.34
Desert Smoke BBQ & Catering,Q_e37eaabfcd,2,Sides Tray,food,3,tray,164.45,85.51,493.35
Desert Smoke BBQ & Catering,Q_e37eaabfcd,3,Serving Staff,labor,3,hr,164.45,85.51,493.35
Desert Smoke BBQ & Catering,Q_e37eaabfcd,4,Serving Staff,labor,1,hr,493.33,256.53,493.33
Desert Smoke BBQ & Catering,Q_99672ad227,1,BBQ Sauce Bottles,merch,1,each,335.05,167.53,335.05
Desert Smoke BBQ & Catering,Q_99672ad227,2,Disposable Servingware,supplies,1,kit,335.05,167.53,335.05
Desert Smoke BBQ & Catering,Q_65ca88a6b0,1,Sides Tray,food,1,tray,288.66,150.1,288.66
Desert Smoke BBQ & Catering,Q_65ca88a6b0,2,Catering Setup,service,1,each,288.66,150.1,288.66
Desert Smoke BBQ & Catering,Q_65ca88a6b0,3,Smoked Brisket,food,1,lb,288.66,150.1,288.66
Desert Smoke BBQ & Catering,Q_65ca88a6b0,4,Sides Tray,food,3,tray,96.22,50.03,288.66
Desert Smoke BBQ & Catering,Q_65ca88a6b0,5,Smoked Brisket,food,1,lb,288.66,150.1,288.66
Desert Smoke BBQ & Catering,Q_7cec4400e6,1,Sausage Links,food,1,lb,185.08,92.54,185.08
Desert Smoke BBQ & Catering,Q_7cec4400e6,2,Smoked Brisket,food,1,lb,185.08,92.54,185.08
Desert Smoke BBQ & Catering,Q_7cec4400e6,3,Serving Staff,labor,3,hr,61.69,30.84,185.07
Desert Smoke BBQ & Catering,Q_7cec4400e6,4,Pulled Pork,food,1,lb,185.08,92.54,185.08
Desert Smoke BBQ & Catering,Q_7cec4400e6,5,Serving Staff,labor,2,hr,92.54,46.27,185.08
Desert Smoke BBQ & Catering,Q_ccfc153811,1,Serving Staff,labor,1,hr,100.48,50.24,100.48
Desert Smoke BBQ & Catering,Q_ccfc153811,2,Pulled Pork,food,1,lb,100.47,50.23,100.47
Desert Smoke BBQ & Catering,Q_ccfc153811,3,Sausage Links,food,2,lb,50.24,25.12,100.48
Desert Smoke BBQ & Catering,Q_ccfc153811,4,Serving Staff,labor,1,hr,100.47,50.23,100.47
Desert Smoke BBQ & Catering,Q_ccfc153811,5,Smoked Brisket,food,1,lb,100.48,50.24,100.48
Desert Smoke BBQ & Catering,Q_da4e00c981,1,Pulled Pork,food,2,lb,319.18,165.97,638.36
Desert Smoke BBQ & Catering,Q_da4e00c981,2,Pulled Pork,food,1,lb,638.35,331.94,638.35
Desert Smoke BBQ & Catering,Q_da4e00c981,3,Sausage Links,food,2,lb,319.18,165.97,638.36
Desert Smoke BBQ & Catering,Q_da4e00c981,4,Catering Setup,service,1,each,638.35,331.94,638.35
Desert Smoke BBQ & Catering,Q_e94d718544,1,Serving Staff,labor,3,hr,214.46,111.52,643.38
Desert Smoke BBQ & Catering,Q_e94d718544,2,Smoked Brisket,food,1,lb,643.4,334.57,643.4
Desert Smoke BBQ & Catering,Q_e94d718544,3,Catering Setup,service,1,each,643.39,334.56,643.39
Desert Smoke BBQ & Catering,Q_e94d718544,4,Smoked Brisket,food,1,lb,643.4,334.57,643.4
Desert Smoke BBQ & Catering,Q_97c0d07fd4,1,Pulled Pork,food,1,lb,172.69,86.34,172.69
Desert Smoke BBQ & Catering,Q_97c0d07fd4,2,Catering Setup,service,3,each,57.56,28.78,172.68
Desert Smoke BBQ & Catering,Q_97c0d07fd4,3,Sides Tray,food,1,tray,172.68,86.34,172.68
Desert Smoke BBQ & Catering,Q_97c0d07fd4,4,Sausage Links,food,2,lb,86.34,43.17,172.68
Desert Smoke BBQ & Catering,Q_733003dc8a,1,Sides Tray,food,1,tray,155.06,77.53,155.06
Desert Smoke BBQ & Catering,Q_733003dc8a,2,Pulled Pork,food,3,lb,51.69,25.84,155.07
Desert Smoke BBQ & Catering,Q_733003dc8a,3,Disposable Servingware,supplies,3,kit,51.68,25.84,155.04
Desert Smoke BBQ & Catering,Q_733003dc8a,4,Catering Setup,service,1,each,155.06,77.53,155.06
Desert Smoke BBQ & Catering,Q_733003dc8a,5,Pulled Pork,food,1,lb,155.05,77.53,155.05
Desert Smoke BBQ & Catering,Q_c7322fdfa9,1,Pulled Pork,food,1,lb,617.25,320.97,617.25
Desert Smoke BBQ & Catering,Q_c7322fdfa9,2,Disposable Servingware,supplies,1,kit,617.25,320.97,617.25
Desert Smoke BBQ & Catering,Q_c7322fdfa9,3,Disposable Servingware,supplies,1,kit,617.25,320.97,617.25
Desert Smoke BBQ & Catering,Q_c7322fdfa9,4,Disposable Servingware,supplies,1,kit,617.25,320.97,617.25
Desert Smoke BBQ & Catering,Q_c7322fdfa9,5,BBQ Sauce Bottles,merch,2,each,308.62,160.48,617.24
Desert Smoke BBQ & Catering,Q_222e90266f,1,BBQ Sauce Bottles,merch,1,each,507.42,253.71,507.42
Desert Smoke BBQ & Catering,Q_222e90266f,2,Smoked Brisket,food,1,lb,507.41,253.71,507.41
Desert Smoke BBQ & Catering,Q_cf2c9938dc,1,Smoked Brisket,food,1,lb,189.73,94.86,189.73
Desert Smoke BBQ & Catering,Q_cf2c9938dc,2,Disposable Servingware,supplies,1,kit,189.73,94.86,189.73
Desert Smoke BBQ & Catering,Q_238e47fcaa,1,Catering Setup,service,2,each,225.78,117.41,451.56
Desert Smoke BBQ & Catering,Q_238e47fcaa,2,Disposable Servingware,supplies,2,kit,225.78,117.41,451.56
Desert Smoke BBQ & Catering,Q_238e47fcaa,3,BBQ Sauce Bottles,merch,1,each,451.57,234.82,451.57
Desert Smoke BBQ & Catering,Q_238e47fcaa,4,Sausage Links,food,1,lb,451.57,234.82,451.57
Desert Smoke BBQ & Catering,Q_238e47fcaa,5,Pulled Pork,food,1,lb,451.56,234.81,451.56
Desert Smoke BBQ & Catering,Q_c498827707,1,Disposable Servingware,supplies,3,kit,178.33,92.73,534.99
Desert Smoke BBQ & Catering,Q_c498827707,2,BBQ Sauce Bottles,merch,3,each,178.33,92.73,534.99
Desert Smoke BBQ & Catering,Q_c498827707,3,BBQ Sauce Bottles,merch,1,each,535.01,278.21,535.01
Desert Smoke BBQ & Catering,Q_c498827707,4,Sides Tray,food,2,tray,267.5,139.1,535.0
Desert Smoke BBQ & Catering,Q_f041e04e6f,1,Smoked Brisket,food,2,lb,311.65,155.82,623.3
Desert Smoke BBQ & Catering,Q_f041e04e6f,2,Smoked Brisket,food,1,lb,623.3,311.65,623.3
Desert Smoke BBQ & Catering,Q_aa1710204f,1,BBQ Sauce Bottles,merch,2,each,426.02,221.53,852.04
Desert Smoke BBQ & Catering,Q_aa1710204f,2,Sides Tray,food,3,tray,284.01,147.69,852.03
Desert Smoke BBQ & Catering,Q_2118fc67a0,1,Catering Setup,service,1,each,183.63,91.81,183.63
Desert Smoke BBQ & Catering,Q_2118fc67a0,2,Serving Staff,labor,1,hr,183.63,91.81,183.63
Desert Smoke BBQ & Catering,Q_2118fc67a0,3,Sides Tray,food,2,tray,91.82,45.91,183.64
Desert Smoke BBQ & Catering,Q_2118fc67a0,4,Serving Staff,labor,1,hr,183.63,91.81,183.63
Desert Smoke BBQ & Catering,Q_33d1423d16,1,Smoked Brisket,food,1,lb,198.2,99.1,198.2
Desert Smoke BBQ & Catering,Q_33d1423d16,2,BBQ Sauce Bottles,merch,3,each,66.07,33.03,198.21
Desert Smoke BBQ & Catering,Q_33d1423d16,3,Catering Setup,service,2,each,99.1,49.55,198.2
Desert Smoke BBQ & Catering,Q_33d1423d16,4,BBQ Sauce Bottles,merch,1,each,198.19,99.09,198.19
Desert Smoke BBQ & Catering,Q_33d1423d16,5,Serving Staff,labor,2,hr,99.1,49.55,198.2
Desert Smoke BBQ & Catering,Q_b537b2a335,1,Smoked Brisket,food,3,lb,84.33,42.16,252.99
Desert Smoke BBQ & Catering,Q_b537b2a335,2,BBQ Sauce Bottles,merch,2,each,126.5,63.25,253.0
Desert Smoke BBQ & Catering,Q_b537b2a335,3,Sausage Links,food,2,lb,126.5,63.25,253.0
Desert Smoke BBQ & Catering,Q_b537b2a335,4,Sides Tray,food,1,tray,253.0,126.5,253.0
Desert Smoke BBQ & Catering,Q_b537b2a335,5,Sides Tray,food,1,tray,253.01,126.5,253.01
Desert Smoke BBQ & Catering,Q_d9f190d537,1,Smoked Brisket,food,1,lb,301.45,150.72,301.45
Desert Smoke BBQ & Catering,Q_d9f190d537,2,BBQ Sauce Bottles,merch,3,each,100.49,50.24,301.47
Desert Smoke BBQ & Catering,Q_d9f190d537,3,Smoked Brisket,food,1,lb,301.44,150.72,301.44
Desert Smoke BBQ & Catering,Q_ccee6ebbb8,1,Sides Tray,food,1,tray,229.07,114.53,229.07
Desert Smoke BBQ & Catering,Q_ccee6ebbb8,2,Disposable Servingware,supplies,1,kit,229.07,114.53,229.07
Desert Smoke BBQ & Catering,Q_ccee6ebbb8,3,Sides Tray,food,2,tray,114.54,57.27,229.08
Desert Smoke BBQ & Catering,Q_3b5a5c0947,1,Serving Staff,labor,1,hr,48.29,24.14,48.29
Desert Smoke BBQ & Catering,Q_3b5a5c0947,2,Catering Setup,service,3,each,16.1,8.05,48.3
Desert Smoke BBQ & Catering,Q_3b5a5c0947,3,Disposable Servingware,supplies,2,kit,24.14,12.07,48.28
Desert Smoke BBQ & Catering,Q_3b5a5c0947,4,Pulled Pork,food,2,lb,24.15,12.07,48.3
Desert Smoke BBQ & Catering,Q_a49c64ea0a,1,Smoked Brisket,food,1,lb,311.33,155.66,311.33
Desert Smoke BBQ & Catering,Q_a49c64ea0a,2,BBQ Sauce Bottles,merch,1,each,311.34,155.67,311.34
Desert Smoke BBQ & Catering,Q_a49c64ea0a,3,Sausage Links,food,1,lb,311.33,155.66,311.33
Desert Smoke BBQ & Catering,Q_de394954d5,1,Serving Staff,labor,2,hr,228.12,118.62,456.24
Desert Smoke BBQ & Catering,Q_de394954d5,2,Disposable Servingware,supplies,2,kit,228.12,118.62,456.24
Desert Smoke BBQ & Catering,Q_de394954d5,3,Sausage Links,food,1,lb,456.25,237.25,456.25
Desert Smoke BBQ & Catering,Q_de394954d5,4,Sausage Links,food,1,lb,456.26,237.26,456.26
Desert Smoke BBQ & Catering,Q_e81a0353d1,1,Smoked Brisket,food,1,lb,569.14,284.57,569.14
Desert Smoke BBQ & Catering,Q_e81a0353d1,2,Smoked Brisket,food,1,lb,569.15,284.57,569.15
Desert Smoke BBQ & Catering,Q_ad3c485b2f,1,Smoked Brisket,food,1,lb,406.38,203.19,406.38
Desert Smoke BBQ & Catering,Q_ad3c485b2f,2,Disposable Servingware,supplies,1,kit,406.39,203.19,406.39
Desert Smoke BBQ & Catering,Q_ad3c485b2f,3,Smoked Brisket,food,3,lb,135.46,67.73,406.38
Desert Smoke BBQ & Catering,Q_c84dbdeb34,1,Serving Staff,labor,3,hr,86.64,43.32,259.92
Desert Smoke BBQ & Catering,Q_c84dbdeb34,2,Serving Staff,labor,1,hr,259.91,129.96,259.91
Desert Smoke BBQ & Catering,Q_f78adc5296,1,Catering Setup,service,1,each,170.65,85.33,170.65
Desert Smoke BBQ & Catering,Q_f78adc5296,2,BBQ Sauce Bottles,merch,1,each,170.65,85.33,170.65
Desert Smoke BBQ & Catering,Q_f78adc5296,3,Catering Setup,service,2,each,85.33,42.66,170.66
Desert Smoke BBQ & Catering,Q_f78adc5296,4,Disposable Servingware,supplies,3,kit,56.88,28.44,170.64
Desert Smoke BBQ & Catering,Q_f4cc8ca010,1,Disposable Servingware,supplies,1,kit,683.87,355.61,683.87
Desert Smoke BBQ & Catering,Q_f4cc8ca010,2,Smoked Brisket,food,1,lb,683.87,355.61,683.87
Desert Smoke BBQ & Catering,Q_f4cc8ca010,3,Pulled Pork,food,2,lb,341.93,177.8,683.86
Desert Smoke BBQ & Catering,Q_f4cc8ca010,4,BBQ Sauce Bottles,merch,1,each,683.87,355.61,683.87
Desert Smoke BBQ & Catering,Q_f4cc8ca010,5,Pulled Pork,food,3,lb,227.96,118.54,683.88
Desert Smoke BBQ & Catering,Q_6c7b07b850,1,Serving Staff,labor,1,hr,165.35,82.67,165.35
Desert Smoke BBQ & Catering,Q_6c7b07b850,2,Pulled Pork,food,1,lb,165.35,82.67,165.35
Desert Smoke BBQ & Catering,Q_6c7b07b850,3,Smoked Brisket,food,1,lb,165.35,82.67,165.35
Desert Smoke BBQ & Catering,Q_6c7b07b850,4,Catering Setup,service,1,each,165.34,82.67,165.34
Desert Smoke BBQ & Catering,Q_6c7b07b850,5,Sides Tray,food,3,tray,55.12,27.56,165.36
Desert Smoke BBQ & Catering,Q_450243804d,1,Sides Tray,food,3,tray,95.14,47.57,285.42
Desert Smoke BBQ & Catering,Q_450243804d,2,BBQ Sauce Bottles,merch,3,each,95.14,47.57,285.42
Desert Smoke BBQ & Catering,Q_450243804d,3,Catering Setup,service,2,each,142.71,71.36,285.42
Desert Smoke BBQ & Catering,Q_c37a314c3b,1,Sides Tray,food,1,tray,408.55,212.45,408.55
Desert Smoke BBQ & Catering,Q_c37a314c3b,2,Catering Setup,service,3,each,136.19,70.82,408.57
Desert Smoke BBQ & Catering,Q_c37a314c3b,3,BBQ Sauce Bottles,merch,1,each,408.55,212.45,408.55
Desert Smoke BBQ & Catering,Q_c37a314c3b,4,Smoked Brisket,food,1,lb,408.55,212.45,408.55
Desert Smoke BBQ & Catering,Q_c37a314c3b,5,Disposable Servingware,supplies,2,kit,204.28,106.23,408.56
Desert Smoke BBQ & Catering,Q_147cda78f7,1,Pulled Pork,food,3,lb,26.37,13.19,79.11
Desert Smoke BBQ & Catering,Q_147cda78f7,2,Serving Staff,labor,1,hr,79.11,39.55,79.11
Desert Smoke BBQ & Catering,Q_147cda78f7,3,Pulled Pork,food,1,lb,79.12,39.56,79.12
Desert Smoke BBQ & Catering,Q_147cda78f7,4,Serving Staff,labor,1,hr,79.11,39.55,79.11
Desert Smoke BBQ & Catering,Q_147cda78f7,5,BBQ Sauce Bottles,merch,1,each,79.12,39.56,79.12
Desert Smoke BBQ & Catering,Q_3cc97e7a6e,1,Smoked Brisket,food,1,lb,615.78,307.89,615.78
Desert Smoke BBQ & Catering,Q_3cc97e7a6e,2,Disposable Servingware,supplies,1,kit,615.78,307.89,615.78
Desert Smoke BBQ & Catering,Q_759c0d1de4,1,Pulled Pork,food,1,lb,497.35,258.62,497.35
Desert Smoke BBQ & Catering,Q_759c0d1de4,2,Pulled Pork,food,1,lb,497.35,258.62,497.35
Desert Smoke BBQ & Catering,Q_759c0d1de4,3,Pulled Pork,food,3,lb,165.78,86.21,497.34
Desert Smoke BBQ & Catering,Q_759c0d1de4,4,Catering Setup,service,2,each,248.68,129.31,497.36
Desert Smoke BBQ & Catering,Q_759c0d1de4,5,Smoked Brisket,food,1,lb,497.34,258.62,497.34
Desert Smoke BBQ & Catering,Q_007e9bd25e,1,Sausage Links,food,2,lb,108.16,54.08,216.32
Desert Smoke BBQ & Catering,Q_007e9bd25e,2,Sausage Links,food,1,lb,216.32,108.16,216.32
Desert Smoke BBQ & Catering,Q_007e9bd25e,3,Serving Staff,labor,1,hr,216.32,108.16,216.32
Desert Smoke BBQ & Catering,Q_8a9e2382b6,1,Serving Staff,labor,2,hr,61.79,30.89,123.58
Desert Smoke BBQ & Catering,Q_8a9e2382b6,2,Serving Staff,labor,2,hr,61.79,30.89,123.58
Desert Smoke BBQ & Catering,Q_8a9e2382b6,3,Pulled Pork,food,1,lb,123.59,61.8,123.59
Desert Smoke BBQ & Catering,Q_8a9e2382b6,4,Serving Staff,labor,1,hr,123.58,61.79,123.58
Desert Smoke BBQ & Catering,Q_8a9e2382b6,5,Disposable Servingware,supplies,3,kit,41.2,20.6,123.6
Desert Smoke BBQ & Catering,Q_5a506e649b,1,BBQ Sauce Bottles,merch,1,each,226.24,113.12,226.24
Desert Smoke BBQ & Catering,Q_5a506e649b,2,Disposable Servingware,supplies,1,kit,226.24,113.12,226.24
Desert Smoke BBQ & Catering,Q_5a506e649b,3,BBQ Sauce Bottles,merch,3,each,75.42,37.71,226.26
Desert Smoke BBQ & Catering,Q_5a506e649b,4,Sausage Links,food,1,lb,226.23,113.11,226.23
Desert Smoke BBQ & Catering,Q_80a65f78b2,1,BBQ Sauce Bottles,merch,1,each,374.03,187.01,374.03
Desert Smoke BBQ & Catering,Q_80a65f78b2,2,Serving Staff,labor,2,hr,187.01,93.5,374.02
Desert Smoke BBQ & Catering,Q_80a65f78b2,3,Sides Tray,food,1,tray,374.03,187.01,374.03
Desert Smoke BBQ & Catering,Q_22c594333e,1,Smoked Brisket,food,2,lb,103.67,51.84,207.34
Desert Smoke BBQ & Catering,Q_22c594333e,2,Sides Tray,food,2,tray,103.67,51.84,207.34
Desert Smoke BBQ & Catering,Q_22c594333e,3,Serving Staff,labor,1,hr,207.34,103.67,207.34
Desert Smoke BBQ & Catering,Q_54874dacf9,1,Sides Tray,food,1,tray,100.93,50.47,100.93
Desert Smoke BBQ & Catering,Q_54874dacf9,2,Sausage Links,food,2,lb,50.47,25.23,100.94
Desert Smoke BBQ & Catering,Q_54874dacf9,3,BBQ Sauce Bottles,merch,1,each,100.93,50.47,100.93
Desert Smoke BBQ & Catering,Q_54874dacf9,4,Disposable Servingware,supplies,3,kit,33.64,16.82,100.92
Desert Smoke BBQ & Catering,Q_0a300f41b6,1,Pulled Pork,food,1,lb,500.88,250.44,500.88
Desert Smoke BBQ & Catering,Q_0a300f41b6,2,Catering Setup,service,1,each,500.87,250.44,500.87
Desert Smoke BBQ & Catering,Q_44f8949387,1,Pulled Pork,food,1,lb,453.92,236.04,453.92
Desert Smoke BBQ & Catering,Q_44f8949387,2,Pulled Pork,food,1,lb,453.92,236.04,453.92
Desert Smoke BBQ & Catering,Q_44f8949387,3,Sides Tray,food,3,tray,151.31,78.68,453.93
Desert Smoke BBQ & Catering,Q_44f8949387,4,Sides Tray,food,2,tray,226.96,118.02,453.92
Desert Smoke BBQ & Catering,Q_44f8949387,5,Catering Setup,service,2,each,226.96,118.02,453.92
Desert Smoke BBQ & Catering,Q_d3f622ec48,1,Pulled Pork,food,1,lb,205.4,102.7,205.4
Desert Smoke BBQ & Catering,Q_d3f622ec48,2,Sausage Links,food,1,lb,205.4,102.7,205.4
Desert Smoke BBQ & Catering,Q_d3f622ec48,3,Serving Staff,labor,1,hr,205.4,102.7,205.4
Desert Smoke BBQ & Catering,Q_d3f622ec48,4,Disposable Servingware,supplies,1,kit,205.41,102.7,205.41
Desert Smoke BBQ & Catering,Q_d3f622ec48,5,Disposable Servingware,supplies,1,kit,205.4,102.7,205.4
Desert Smoke BBQ & Catering,Q_ba71aa388c,1,Smoked Brisket,food,1,lb,131.81,65.91,131.81
Desert Smoke BBQ & Catering,Q_ba71aa388c,2,Smoked Brisket,food,1,lb,131.81,65.91,131.81
Desert Smoke BBQ & Catering,Q_ba71aa388c,3,Pulled Pork,food,1,lb,131.81,65.91,131.81
Desert Smoke BBQ & Catering,Q_ba71aa388c,4,Sides Tray,food,3,tray,43.93,21.96,131.79
Desert Smoke BBQ & Catering,Q_bee395b9a6,1,Sausage Links,food,1,lb,58.14,29.07,58.14
Desert Smoke BBQ & Catering,Q_bee395b9a6,2,BBQ Sauce Bottles,merch,2,each,29.07,14.54,58.14
Desert Smoke BBQ & Catering,Q_bee395b9a6,3,Smoked Brisket,food,3,lb,19.38,9.69,58.14
Desert Smoke BBQ & Catering,Q_bee395b9a6,4,Sides Tray,food,2,tray,29.08,14.54,58.16
Desert Smoke BBQ & Catering,Q_bee395b9a6,5,BBQ Sauce Bottles,merch,2,each,29.07,14.54,58.14
Desert Smoke BBQ & Catering,Q_50c231ca89,1,Pulled Pork,food,3,lb,134.97,67.48,404.91
Desert Smoke BBQ & Catering,Q_50c231ca89,2,Sausage Links,food,1,lb,404.91,202.46,404.91
Desert Smoke BBQ & Catering,Q_02eabd9f1f,1,Catering Setup,service,3,each,109.29,56.83,327.87
Desert Smoke BBQ & Catering,Q_02eabd9f1f,2,BBQ Sauce Bottles,merch,3,each,109.29,56.83,327.87
Desert Smoke BBQ & Catering,Q_02eabd9f1f,3,BBQ Sauce Bottles,merch,3,each,109.3,56.84,327.9
Desert Smoke BBQ & Catering,Q_02eabd9f1f,4,Pulled Pork,food,1,lb,327.88,170.5,327.88
Desert Smoke BBQ & Catering,Q_02eabd9f1f,5,Catering Setup,service,2,each,163.94,85.25,327.88
Desert Smoke BBQ & Catering,Q_c6731f5423,1,Sides Tray,food,1,tray,1842.72,958.21,1842.72
Desert Smoke BBQ & Catering,Q_c6731f5423,2,Pulled Pork,food,1,lb,1842.72,958.21,1842.72
Desert Smoke BBQ & Catering,Q_370a3cf61f,1,BBQ Sauce Bottles,merch,2,each,39.47,19.73,78.94
Desert Smoke BBQ & Catering,Q_370a3cf61f,2,Sausage Links,food,2,lb,39.47,19.73,78.94
Desert Smoke BBQ & Catering,Q_370a3cf61f,3,Sausage Links,food,3,lb,26.31,13.15,78.93
Desert Smoke BBQ & Catering,Q_c953c4aad1,1,Catering Setup,service,1,each,160.26,80.13,160.26
Desert Smoke BBQ & Catering,Q_c953c4aad1,2,Disposable Servingware,supplies,1,kit,160.26,80.13,160.26
Desert Smoke BBQ & Catering,Q_ddba756e13,1,BBQ Sauce Bottles,merch,2,each,69.68,34.84,139.36
Desert Smoke BBQ & Catering,Q_ddba756e13,2,Disposable Servingware,supplies,1,kit,139.35,69.67,139.35
Desert Smoke BBQ & Catering,Q_ddba756e13,3,Pulled Pork,food,3,lb,46.45,23.23,139.35
Desert Smoke BBQ & Catering,Q_ddba756e13,4,Smoked Brisket,food,1,lb,139.35,69.67,139.35
Desert Smoke BBQ & Catering,Q_ddba756e13,5,Serving Staff,labor,1,hr,139.36,69.68,139.36
Desert Smoke BBQ & Catering,Q_87371de59e,1,Pulled Pork,food,1,lb,475.8,237.9,475.8
Desert Smoke BBQ & Catering,Q_87371de59e,2,Catering Setup,service,3,each,158.6,79.3,475.8
Desert Smoke BBQ & Catering,Q_0850a35636,1,Disposable Servingware,supplies,1,kit,345.93,172.97,345.93
Desert Smoke BBQ & Catering,Q_0850a35636,2,Catering Setup,service,1,each,345.93,172.97,345.93
Desert Smoke BBQ & Catering,Q_ad88cadef6,1,Sides Tray,food,1,tray,311.32,155.66,311.32
Desert Smoke BBQ & Catering,Q_ad88cadef6,2,Smoked Brisket,food,3,lb,103.78,51.89,311.34
Desert Smoke BBQ & Catering,Q_ad88cadef6,3,Catering Setup,service,3,each,103.77,51.88,311.31
Desert Smoke BBQ & Catering,Q_8a155e6d7a,1,Sausage Links,food,2,lb,533.42,277.38,1066.84
Desert Smoke BBQ & Catering,Q_8a155e6d7a,2,Smoked Brisket,food,1,lb,1066.84,554.76,1066.84
Desert Smoke BBQ & Catering,Q_677767c209,1,Sausage Links,food,1,lb,219.17,109.58,219.17
Desert Smoke BBQ & Catering,Q_677767c209,2,Sides Tray,food,2,tray,109.59,54.8,219.18
Desert Smoke BBQ & Catering,Q_677767c209,3,Disposable Servingware,supplies,1,kit,219.17,109.58,219.17
Desert Smoke BBQ & Catering,Q_bc979b2492,1,Pulled Pork,food,1,lb,180.99,90.5,180.99
Desert Smoke BBQ & Catering,Q_bc979b2492,2,BBQ Sauce Bottles,merch,3,each,60.33,30.16,180.99
Desert Smoke BBQ & Catering,Q_bc979b2492,3,Serving Staff,labor,1,hr,180.99,90.5,180.99
Desert Smoke BBQ & Catering,Q_bc979b2492,4,Disposable Servingware,supplies,2,kit,90.49,45.24,180.98
Desert Smoke BBQ & Catering,Q_bc979b2492,5,Catering Setup,service,3,each,60.33,30.16,180.99
Desert Smoke BBQ & Catering,Q_fbcfa9fe1a,1,Sides Tray,food,2,tray,62.77,31.39,125.54
Desert Smoke BBQ & Catering,Q_fbcfa9fe1a,2,Sides Tray,food,2,tray,62.77,31.39,125.54
Desert Smoke BBQ & Catering,Q_fbcfa9fe1a,3,Serving Staff,labor,1,hr,125.54,62.77,125.54
Desert Smoke BBQ & Catering,Q_fbcfa9fe1a,4,Serving Staff,labor,1,hr,125.54,62.77,125.54
Desert Smoke BBQ & Catering,Q_fbcfa9fe1a,5,Sausage Links,food,3,lb,41.85,20.93,125.55
Desert Smoke BBQ & Catering,Q_0b34fb4169,1,Disposable Servingware,supplies,1,kit,512.04,256.02,512.04
Desert Smoke BBQ & Catering,Q_0b34fb4169,2,Pulled Pork,food,1,lb,512.05,256.02,512.05
Desert Smoke BBQ & Catering,Q_5c477c9215,1,Pulled Pork,food,1,lb,455.92,237.08,455.92
Desert Smoke BBQ & Catering,Q_5c477c9215,2,Serving Staff,labor,1,hr,455.91,237.07,455.91
Desert Smoke BBQ & Catering,Q_5c477c9215,3,Catering Setup,service,1,each,455.91,237.07,455.91
Desert Smoke BBQ & Catering,Q_5c477c9215,4,Smoked Brisket,food,2,lb,227.96,118.54,455.92
