customer_id,customer_name,customer_type,email,phone,city
CACC1000,Taylor Thompson,residential,taylor.thompson@example.com,(480) 456-7251,Apache Junction
CACC1001,Casey Davis,residential,casey.davis@example.com,(480) 653-5049,Apache Junction
CACC1002,Jamie Jackson,residential,jamie.jackson@example.com,(480) 296-9538,Mesa
CACC1003,Skyler Moore,residential,skyler.moore@example.com,(480) 519-6293,Mesa
CACC1004,Jordan Lee,residential,jordan.lee@example.com,(480) 853-5895,Mesa
CACC1005,Quinn Smith,commercial,quinn.smith@example.com,(480) 423-2850,Mesa
CACC1006,Rowan Thomas,residential,rowan.thomas@example.com,(480) 482-2960,Tempe
CACC1007,Avery Garcia,commercial,avery.garcia@example.com,(480) 795-8786,Scottsdale
CACC1008,Morgan Hernandez,commercial,morgan.hernandez@example.com,(480) 454-3583,Tempe
CACC1009,Taylor Thomas,commercial,taylor.thomas@example.com,(480) 977-1983,Apache Junction
CACC1010,Quinn Martinez,residential,quinn.martinez@example.com,(480) 309-3061,Tempe
CACC1011,Avery Thomas,commercial,avery.thomas@example.com,(480) 860-6690,Tempe
CACC1012,Jamie Garcia,residential,jamie.garcia@example.com,(480) 566-3207,Gilbert
CACC1013,Jordan Thompson,residential,jordan.thompson@example.com,(480) 772-5828,Scottsdale
CACC1014,Skyler Brown,residential,skyler.brown@example.com,(480) 756-6696,Gilbert
CACC1015,Sam Wilson,commercial,sam.wilson@example.com,(480) 813-3627,Apache Junction
CACC1016,Blake Martinez,residential,blake.martinez@example.com,(480) 469-9873,Gilbert
CACC1017,Sam Garcia,commercial,sam.garcia@example.com,(480) 718-7210,Mesa
CACC1018,Alex Hernandez,commercial,alex.hernandez@example.com,(480) 444-6254,Apache Junction
CACC1019,Reese Brown,residential,reese.brown@example.com,(480) 709-3525,Scottsdale
CACC1020,Drew Thomas,residential,drew.thomas@example.com,(480) 529-2809,Apache Junction
CACC1021,Blake Johnson,residential,blake.johnson@example.com,(480) 332-3926,Apache Junction
CACC1022,Jamie Lee,residential,jamie.lee@example.com,(480) 301-1521,Scottsdale
CACC1023,Reese Thompson,residential,reese.thompson@example.com,(480) 918-5193,Apache Junction
CACC1024,Quinn Davis,residential,quinn.davis@example.com,(480) 272-1214,Mesa
CACC1025,Skyler Johnson,residential,skyler.johnson@example.com,(480) 854-1994,Gilbert
CACC1026,Rowan Hernandez,commercial,rowan.hernandez@example.com,(480) 259-5355,Scottsdale
CACC1027,Jordan Johnson,commercial,jordan.johnson@example.com,(480) 279-4537,Scottsdale
CACC1028,Casey Lee,residential,casey.lee@example.com,(480) 744-7313,Mesa
CACC1029,Jamie Davis,residential,jamie.davis@example.com,(480) 383-7802,Apache Junction
CACC1030,Quinn Jackson,residential,quinn.jackson@example.com,(480) 637-2705,Mesa
CACC1031,Riley Moore,residential,riley.moore@example.com,(480) 873-3591,Scottsdale
CACC1032,Sam Hernandez,commercial,sam.hernandez@example.com,(480) 763-6319,Gilbert
CACC1033,Rowan Martin,commercial,rowan.martin@example.com,(480) 531-4943,Scottsdale
CACC1034,Jamie Moore,commercial,jamie.moore@example.com,(480) 962-5162,Gilbert
CACC1035,Sam Jackson,commercial,sam.jackson@example.com,(480) 200-1567,Gilbert
CACC1036,Alex Martinez,commercial,alex.martinez@example.com,(480) 509-1107,Gilbert
CACC1037,Avery Brown,commercial,avery.brown@example.com,(480) 222-5521,Scottsdale
CACC1038,Blake Martinez,residential,blake.martinez@example.com,(480) 671-6827,Mesa
CACC1039,Morgan Wilson,residential,morgan.wilson@example.com,(480) 796-5093,Mesa
