company,industry,invoice_id,invoice_number,quote_id,issued_at,paid_at,status,customer_id,customer_name,customer_type,job_title,subtotal,tax,total
Cactus Stitch Handmade Co.,handmade_products,I_be1c960553,HAND-I00001,Q_3e98c805f7,2025-11-08T19:00:00,2025-11-09T23:00:00,paid,CACC1014,Skyler Brown,residential,Custom Crochet Order,68.89,5.65,74.54
Cactus Stitch Handmade Co.,handmade_products,I_54ba0a34e7,HAND-I00002,Q_54ef67432c,2025-11-08T21:00:00,2025-11-12T05:00:00,paid,CACC1011,Avery Thomas,commercial,Custom Crochet Order,185.62,15.22,200.84
Cactus Stitch Handmade Co.,handmade_products,I_633fcd9881,HAND-I00003,Q_62f3948d92,2025-11-05T23:00:00,2025-11-08T07:00:00,paid,CACC1016,Blake Martinez,residential,Holiday Gift Bundle,238.81,19.58,258.39
Cactus Stitch Handmade Co.,handmade_products,I_a09a85f783,HAND-I00004,Q_7d86c5c393,2025-11-09T18:15:00,2025-11-10T22:15:00,paid,CACC1023,Reese Thompson,residential,Custom Crochet Order,158.39,12.99,171.38
Cactus Stitch Handmade Co.,handmade_products,I_ceb90a7f52,HAND-I00005,Q_1180537519,2025-11-12T12:30:00,2025-11-12T16:30:00,paid,CACC1023,Reese Thompson,residential,Logo Patch Run,100.66,8.25,108.91
Cactus Stitch Handmade Co.,handmade_products,I_0a2eb73138,HAND-I00006,Q_241702fc56,2025-11-09T00:00:00,2025-11-11T00:00:00,paid,CACC1016,Blake Martinez,residential,Custom Crochet Order,714.14,58.56,772.7
Cactus Stitch Handmade Co.,handmade_products,I_c35be2e93b,HAND-I00007,Q_f491124eae,2025-11-12T19:00:00,2025-11-24T01:00:00,paid,CACC1015,Sam Wilson,commercial,Holiday Gift Bundle,179.38,14.71,194.09
Cactus Stitch Handmade Co.,handmade_products,I_1565b85882,HAND-I00008,Q_6fca4d1c20,2025-11-15T02:45:00,2025-11-16T10:45:00,paid,CACC1039,Morgan Wilson,residential,Holiday Gift Bundle,109.43,8.97,118.4
Cactus Stitch Handmade Co.,handmade_products,I_4982aa83d8,HAND-I00009,Q_cccad5ebfa,2025-11-15T14:30:00,2025-11-16T20:30:00,paid,CACC1003,Skyler Moore,residential,Logo Patch Run,96.4,7.91,104.31
Cactus Stitch Handmade Co.,handmade_products,I_7564eb1482,HAND-I00010,Q_0b6fae40be,2025-11-15T20:15:00,2025-11-16T03:15:00,paid,CACC1007,Avery Garcia,commercial,Wholesale Inquiry,117.0,9.59,126.59
Cactus Stitch Handmade Co.,handmade_products,I_c14b772b4b,HAND-I00011,Q_9f484dafb9,2025-11-20T18:45:00,2025-11-24T01:45:00,paid,CACC1019,Reese Brown,residential,Holiday Gift Bundle,102.91,8.44,111.35
Cactus Stitch Handmade Co.,handmade_products,I_8b33f8156d,HAND-I00012,Q_20bd195c58,2025-11-18T18:00:00,2025-11-18T18:00:00,paid,CACC1025,Skyler Johnson,residential,Holiday Gift Bundle,309.64,25.39,335.03
Cactus Stitch Handmade Co.,handmade_products,I_9d235798b7,HAND-I00013,Q_95baa57837,2025-11-22T00:45:00,2025-11-29T04:45:00,paid,CACC1015,Sam Wilson,commercial,Logo Patch Run,250.65,20.55,271.2
Cactus Stitch Handmade Co.,handmade_products,I_a42a95debf,HAND-I00014,Q_2a5612d290,2025-11-25T23:15:00,2025-11-27T07:15:00,paid,CACC1016,Blake Martinez,residential,Custom Crochet Order,62.56,5.13,67.69
Cactus Stitch Handmade Co.,handmade_products,I_1f70ee5c19,HAND-I00015,Q_db3379d81a,2025-11-20T23:15:00,2025-11-22T07:15:00,paid,CACC1022,Jamie Lee,residential,Holiday Gift Bundle,64.06,5.25,69.31
Cactus Stitch Handmade Co.,handmade_products,I_15a12ffe04,HAND-I00016,Q_f8008b29f9,2025-12-01T19:30:00,2025-12-02T21:30:00,paid,CACC1031,Riley Moore,residential,Custom Crochet Order,1249.4,102.45,1351.85
Cactus Stitch Handmade Co.,handmade_products,I_fb84ba5c5f,HAND-I00017,Q_90aa76ea56,2025-12-03T08:45:00,2025-12-14T09:45:00,paid,CACC1011,Avery Thomas,commercial,Holiday Gift Bundle,123.97,10.17,134.14
Cactus Stitch Handmade Co.,handmade_products,I_359efbb94d,HAND-I00018,Q_1b7563e671,2025-12-05T02:45:00,2025-12-05T06:45:00,paid,CACC1021,Blake Johnson,residential,Small Batch Restock,73.49,6.03,79.52
Cactus Stitch Handmade Co.,handmade_products,I_b038f4ac83,HAND-I00019,Q_72d1016a96,2025-12-02T05:45:00,2025-12-07T05:45:00,paid,CACC1009,Taylor Thomas,commercial,Small Batch Restock,53.84,4.41,58.25
Cactus Stitch Handmade Co.,handmade_products,I_97493794ba,HAND-I00020,Q_682b4fb38b,2025-12-01T19:30:00,2025-12-02T01:30:00,paid,CACC1010,Quinn Martinez,residential,Holiday Gift Bundle,178.83,14.66,193.49
Cactus Stitch Handmade Co.,handmade_products,I_ec4de50f21,HAND-I00021,Q_ca1c82c71f,2025-12-06T19:30:00,2025-12-07T23:30:00,paid,CACC1024,Quinn Davis,residential,Holiday Gift Bundle,78.74,6.46,85.2
Cactus Stitch Handmade Co.,handmade_products,I_45ab62489a,HAND-I00022,Q_e746186df6,2025-12-04T20:00:00,2025-12-06T23:00:00,paid,CACC1024,Quinn Davis,residential,Small Batch Restock,158.32,12.98,171.3
Cactus Stitch Handmade Co.,handmade_products,I_4252f64582,HAND-I00023,Q_78f490ce82,2025-12-06T00:30:00,2025-12-07T00:30:00,paid,CACC1025,Skyler Johnson,residential,Holiday Gift Bundle,174.55,14.31,188.86
Cactus Stitch Handmade Co.,handmade_products,I_214fa75aa3,HAND-I00024,Q_df4b069274,2025-12-06T23:45:00,2025-12-08T06:45:00,paid,CACC1038,Blake Martinez,residential,Wholesale Inquiry,45.26,3.71,48.97
Cactus Stitch Handmade Co.,handmade_products,I_677ae5e771,HAND-I00025,Q_21cc978bbe,2025-12-05T21:15:00,2025-12-11T22:15:00,paid,CACC1009,Taylor Thomas,commercial,Small Batch Restock,154.14,12.64,166.78
Cactus Stitch Handmade Co.,handmade_products,I_31a95628d4,HAND-I00026,Q_c56592d941,2025-12-09T23:00:00,2025-12-14T00:00:00,paid,CACC1033,Rowan Martin,commercial,Small Batch Restock,51.34,4.21,55.55
Cactus Stitch Handmade Co.,handmade_products,I_eed4a07a96,HAND-I00027,Q_f1a8400a9b,2025-12-06T23:30:00,2025-12-07T01:30:00,paid,CACC1019,Reese Brown,residential,Logo Patch Run,79.86,6.55,86.41
Cactus Stitch Handmade Co.,handmade_products,I_8f8886b399,HAND-I00028,Q_c74baf97a8,2025-12-12T23:45:00,2025-12-13T06:45:00,paid,CACC1013,Jordan Thompson,residential,Logo Patch Run,171.32,14.05,185.37
Cactus Stitch Handmade Co.,handmade_products,I_1ca3f42f09,HAND-I00029,Q_754e6a5323,2025-12-15T20:15:00,2025-12-24T02:15:00,paid,CACC1032,Sam Hernandez,commercial,Small Batch Restock,148.37,12.17,160.54
Cactus Stitch Handmade Co.,handmade_products,I_2b667370fd,HAND-I00030,Q_778e697f28,2025-12-14T14:00:00,2025-12-18T22:00:00,paid,CACC1033,Rowan Martin,commercial,Small Batch Restock,30.69,2.52,33.21
Cactus Stitch Handmade Co.,handmade_products,I_dde3f7ef6d,HAND-I00031,Q_9125dbfa51,2025-12-15T16:45:00,2025-12-16T21:45:00,paid,CACC1024,Quinn Davis,residential,Logo Patch Run,77.38,6.34,83.72
Cactus Stitch Handmade Co.,handmade_products,I_c4d987ddac,HAND-I00032,Q_894d589c72,2025-12-10T20:30:00,2025-12-12T00:30:00,paid,CACC1006,Rowan Thomas,residential,Small Batch Restock,83.83,6.87,90.7
Cactus Stitch Handmade Co.,handmade_products,I_543961dce0,HAND-I00033,Q_daab41f59e,2025-12-11T16:45:00,2025-12-15T20:45:00,paid,CACC1017,Sam Garcia,commercial,Wholesale Inquiry,118.99,9.76,128.75
Cactus Stitch Handmade Co.,handmade_products,I_acea65cec3,HAND-I00034,Q_cf71db5cde,2025-12-10T21:15:00,2025-12-13T04:15:00,paid,CACC1018,Alex Hernandez,commercial,Small Batch Restock,176.52,14.47,190.99
Cactus Stitch Handmade Co.,handmade_products,I_93a4ccc683,HAND-I00035,Q_8cccff0a86,2025-12-13T00:30:00,2025-12-14T05:30:00,paid,CACC1030,Quinn Jackson,residential,Holiday Gift Bundle,153.27,12.57,165.84
Cactus Stitch Handmade Co.,handmade_products,I_3dda8816d2,HAND-I00036,Q_1b0259f9ff,2025-12-13T22:00:00,2025-12-16T05:00:00,paid,CACC1026,Rowan Hernandez,commercial,Wholesale Inquiry,93.21,7.64,100.85
Cactus Stitch Handmade Co.,handmade_products,I_1533329cbe,HAND-I00037,Q_ac48b727ff,2025-12-15T04:30:00,2025-12-18T07:30:00,paid,CACC1010,Quinn Martinez,residential,Small Batch Restock,101.04,8.28,109.32
Cactus Stitch Handmade Co.,handmade_products,I_af3c877445,HAND-I00038,Q_b3e66c73e6,2025-12-20T22:00:00,2025-12-21T06:00:00,paid,CACC1019,Reese Brown,residential,Holiday Gift Bundle,104.84,8.6,113.44
Cactus Stitch Handmade Co.,handmade_products,I_809a50d40c,HAND-I00039,Q_27fadca5d4,2025-12-21T00:15:00,2025-12-23T02:15:00,paid,CACC1029,Jamie Davis,residential,Custom Crochet Order,379.88,31.15,411.03
Cactus Stitch Handmade Co.,handmade_products,I_62182a9cca,HAND-I00040,Q_d353fe608e,2025-12-18T23:00:00,2025-12-25T02:00:00,paid,CACC1035,Sam Jackson,commercial,Logo Patch Run,133.86,10.98,144.84
Cactus Stitch Handmade Co.,handmade_products,I_3ec9ca25c2,HAND-I00041,Q_8e807762ec,2025-12-21T01:45:00,2025-12-26T02:45:00,paid,CACC1018,Alex Hernandez,commercial,Wholesale Inquiry,39.08,3.2,42.28
Cactus Stitch Handmade Co.,handmade_products,I_d8aa3b94e0,HAND-I00042,Q_fecc6d0cae,2025-12-21T22:45:00,2025-12-22T00:45:00,paid,CACC1025,Skyler Johnson,residential,Wholesale Inquiry,76.68,6.29,82.97
Cactus Stitch Handmade Co.,handmade_products,I_d51157d716,HAND-I00043,Q_2758407ccf,2025-12-23T19:45:00,2025-12-24T23:45:00,paid,CACC1002,Jamie Jackson,residential,Wholesale Inquiry,263.63,21.62,285.25
Cactus Stitch Handmade Co.,handmade_products,I_b811985101,HAND-I00044,Q_d040cc7f6b,2025-12-19T13:15:00,2026-01-01T20:15:00,paid,CACC1036,Alex Martinez,commercial,Holiday Gift Bundle,275.8,22.62,298.42
Cactus Stitch Handmade Co.,handmade_products,I_8092d4758b,HAND-I00045,Q_e7abf76ca4,2025-12-26T12:15:00,2025-12-27T19:15:00,paid,CACC1025,Skyler Johnson,residential,Custom Crochet Order,26.23,2.15,28.38
Cactus Stitch Handmade Co.,handmade_products,I_58f7906ede,HAND-I00046,Q_3bddb246ad,2025-12-31T23:45:00,2026-01-10T00:45:00,paid,CACC1033,Rowan Martin,commercial,Logo Patch Run,243.52,19.97,263.49
Cactus Stitch Handmade Co.,handmade_products,I_b1fc22bc60,HAND-I00047,Q_bd0245f167,2025-12-29T00:45:00,2025-12-31T02:45:00,paid,CACC1004,Jordan Lee,residential,Small Batch Restock,46.01,3.77,49.78
Cactus Stitch Handmade Co.,handmade_products,I_b7343da2d4,HAND-I00048,Q_cd4feea5d3,2025-12-23T09:45:00,2025-12-24T17:45:00,paid,CACC1010,Quinn Martinez,residential,Custom Crochet Order,274.03,22.47,296.5
Cactus Stitch Handmade Co.,handmade_products,I_12079dcd29,HAND-I00049,Q_0e69b7f71b,2025-12-23T04:00:00,2025-12-24T09:00:00,paid,CACC1034,Jamie Moore,commercial,Small Batch Restock,63.07,5.17,68.24
Cactus Stitch Handmade Co.,handmade_products,I_f55f74d6ab,HAND-I00050,Q_7ad10a116a,2025-12-23T17:45:00,2025-12-24T18:45:00,paid,CACC1022,Jamie Lee,residential,Logo Patch Run,402.78,33.03,435.81
Cactus Stitch Handmade Co.,handmade_products,I_8a5c0a8a32,HAND-I00051,Q_5ad911abf5,2025-12-24T22:00:00,2025-12-28T06:00:00,paid,CACC1017,Sam Garcia,commercial,Custom Crochet Order,58.72,4.82,63.54
Cactus Stitch Handmade Co.,handmade_products,I_c76f7e91e3,HAND-I00052,Q_b963468058,2025-12-27T22:15:00,2026-01-01T05:15:00,paid,CACC1008,Morgan Hernandez,commercial,Small Batch Restock,136.64,11.2,147.84
Cactus Stitch Handmade Co.,handmade_products,I_2865227a0e,HAND-I00053,Q_38aea0693c,2026-01-01T22:30:00,2026-01-03T23:30:00,paid,CACC1000,Taylor Thompson,residential,Custom Crochet Order,110.7,9.08,119.78
Cactus Stitch Handmade Co.,handmade_products,I_c503b41256,HAND-I00054,Q_fd801f075b,2025-12-30T11:45:00,2025-12-31T18:45:00,paid,CACC1004,Jordan Lee,residential,Wholesale Inquiry,179.87,14.75,194.62
Cactus Stitch Handmade Co.,handmade_products,I_d677d98fb8,HAND-I00055,Q_c355b5351f,2026-01-08T04:00:00,2026-01-09T09:00:00,paid,CACC1034,Jamie Moore,commercial,Custom Crochet Order,59.72,4.9,64.62
Cactus Stitch Handmade Co.,handmade_products,I_582b6286b2,HAND-I00056,Q_4976413398,2026-01-03T20:30:00,2026-01-04T22:30:00,paid,CACC1039,Morgan Wilson,residential,Logo Patch Run,109.22,8.96,118.18
Cactus Stitch Handmade Co.,handmade_products,I_54c37bab6f,HAND-I00057,Q_f054c22eda,2026-01-02T19:15:00,2026-01-05T20:15:00,paid,CACC1031,Riley Moore,residential,Custom Crochet Order,125.47,10.29,135.76
Cactus Stitch Handmade Co.,handmade_products,I_9af70720a2,HAND-I00058,Q_61599cb533,2026-01-06T05:30:00,2026-01-06T09:30:00,paid,CACC1031,Riley Moore,residential,Logo Patch Run,98.54,8.08,106.62
Cactus Stitch Handmade Co.,handmade_products,I_95e7973674,HAND-I00059,Q_1b125b3dd7,2026-01-17T01:00:00,2026-02-02T05:00:00,paid,CACC1035,Sam Jackson,commercial,Wholesale Inquiry,105.77,8.67,114.44
Cactus Stitch Handmade Co.,handmade_products,I_d834b9165b,HAND-I00060,Q_950d4cfb11,2026-01-17T16:30:00,2026-01-17T20:30:00,paid,CACC1012,Jamie Garcia,residential,Small Batch Restock,54.21,4.45,58.66
Cactus Stitch Handmade Co.,handmade_products,I_7be529dab1,HAND-I00061,Q_a437e843a0,2026-01-15T19:00:00,2026-01-26T23:00:00,paid,CACC1034,Jamie Moore,commercial,Logo Patch Run,381.64,31.29,412.93
Cactus Stitch Handmade Co.,handmade_products,I_1799f1e586,HAND-I00062,Q_59725a61cd,2026-01-21T22:45:00,2026-01-22T23:45:00,paid,CACC1023,Reese Thompson,residential,Holiday Gift Bundle,146.82,12.04,158.86
Cactus Stitch Handmade Co.,handmade_products,I_4bdba576db,HAND-I00063,Q_a4431721b6,2026-01-22T23:45:00,2026-01-23T06:45:00,paid,CACC1021,Blake Johnson,residential,Wholesale Inquiry,181.21,14.86,196.07
Cactus Stitch Handmade Co.,handmade_products,I_335f414f91,HAND-I00064,Q_07e8748306,2026-02-03T23:30:00,2026-02-06T02:30:00,paid,CACC1012,Jamie Garcia,residential,Logo Patch Run,219.21,17.97,237.18
