company,invoice_id,line_index,item_name,category,qty,unit,unit_price,unit_cost_actual,ext_price,ext_cost
Cactus Stitch Handmade Co.,I_be1c960553,1,Handmade Plushie,product,1,each,22.63,8.6,22.63,8.6
Cactus Stitch Handmade Co.,I_be1c960553,2,Gift Packaging,supplies,1,each,22.63,8.6,22.63,8.6
Cactus Stitch Handmade Co.,I_be1c960553,3,Gift Packaging,supplies,3,each,7.54,2.87,22.62,8.61
Cactus Stitch Handmade Co.,I_54ba0a34e7,1,Custom Blanket,product,3,each,20.68,7.86,62.04,23.58
Cactus Stitch Handmade Co.,I_54ba0a34e7,2,Crochet Hat,product,1,each,62.06,23.58,62.06,23.58
Cactus Stitch Handmade Co.,I_54ba0a34e7,3,Handmade Plushie,product,2,each,31.03,11.79,62.06,23.58
Cactus Stitch Handmade Co.,I_633fcd9881,1,Crochet Hat,product,1,each,45.93,17.45,45.93,17.45
Cactus Stitch Handmade Co.,I_633fcd9881,2,Gift Packaging,supplies,3,each,15.31,5.82,45.93,17.46
Cactus Stitch Handmade Co.,I_633fcd9881,3,Crochet Hat,product,2,each,22.96,8.72,45.92,17.44
Cactus Stitch Handmade Co.,I_633fcd9881,4,Gift Packaging,supplies,3,each,15.31,5.82,45.93,17.46
Cactus Stitch Handmade Co.,I_633fcd9881,5,Crochet Hat,product,3,each,15.31,5.82,45.93,17.46
Cactus Stitch Handmade Co.,I_a09a85f783,1,Handmade Plushie,product,1,each,74.81,28.43,74.81,28.43
Cactus Stitch Handmade Co.,I_a09a85f783,2,Crochet Hat,product,3,each,24.94,9.48,74.82,28.44
Cactus Stitch Handmade Co.,I_ceb90a7f52,1,Handmade Plushie,product,2,each,12.27,4.66,24.54,9.32
Cactus Stitch Handmade Co.,I_ceb90a7f52,2,Handmade Plushie,product,1,each,24.53,9.32,24.53,9.32
Cactus Stitch Handmade Co.,I_ceb90a7f52,3,Gift Packaging,supplies,1,each,24.53,9.32,24.53,9.32
Cactus Stitch Handmade Co.,I_ceb90a7f52,4,Custom Blanket,product,1,each,24.54,9.33,24.54,9.33
Cactus Stitch Handmade Co.,I_0a2eb73138,1,Crochet Hat,product,1,each,376.73,143.16,376.73,143.16
Cactus Stitch Handmade Co.,I_0a2eb73138,2,Shipping,shipping,2,each,188.36,71.58,376.72,143.16
Cactus Stitch Handmade Co.,I_c35be2e93b,1,Shipping,shipping,1,each,87.53,33.26,87.53,33.26
Cactus Stitch Handmade Co.,I_c35be2e93b,2,Crochet Hat,product,1,each,87.54,33.27,87.54,33.27
Cactus Stitch Handmade Co.,I_1565b85882,1,Shipping,shipping,1,each,37.22,14.14,37.22,14.14
Cactus Stitch Handmade Co.,I_1565b85882,2,Gift Packaging,supplies,1,each,37.22,14.14,37.22,14.14
Cactus Stitch Handmade Co.,I_1565b85882,3,Shipping,shipping,1,each,37.22,14.14,37.22,14.14
Cactus Stitch Handmade Co.,I_4982aa83d8,1,Crochet Hat,product,1,each,47.73,18.14,47.73,18.14
Cactus Stitch Handmade Co.,I_4982aa83d8,2,Crochet Hat,product,1,each,47.72,18.13,47.72,18.13
Cactus Stitch Handmade Co.,I_7564eb1482,1,Custom Blanket,product,1,each,60.66,23.05,60.66,23.05
Cactus Stitch Handmade Co.,I_7564eb1482,2,Gift Packaging,supplies,1,each,60.65,23.05,60.65,23.05
Cactus Stitch Handmade Co.,I_c14b772b4b,1,Handmade Plushie,product,3,each,6.79,2.58,20.37,7.74
Cactus Stitch Handmade Co.,I_c14b772b4b,2,Gift Packaging,supplies,3,each,6.79,2.58,20.37,7.74
Cactus Stitch Handmade Co.,I_c14b772b4b,3,Handmade Plushie,product,1,each,20.37,7.74,20.37,7.74
Cactus Stitch Handmade Co.,I_c14b772b4b,4,Custom Blanket,product,2,each,10.19,3.87,20.38,7.74
Cactus Stitch Handmade Co.,I_c14b772b4b,5,Gift Packaging,supplies,1,each,20.37,7.74,20.37,7.74
Cactus Stitch Handmade Co.,I_8b33f8156d,1,Handmade Plushie,product,3,each,21.22,8.06,63.66,24.18
Cactus Stitch Handmade Co.,I_8b33f8156d,2,Handmade Plushie,product,1,each,63.66,24.19,63.66,24.19
Cactus Stitch Handmade Co.,I_8b33f8156d,3,Shipping,shipping,3,each,21.22,8.06,63.66,24.18
Cactus Stitch Handmade Co.,I_8b33f8156d,4,Crochet Hat,product,2,each,31.84,12.1,63.68,24.2
Cactus Stitch Handmade Co.,I_8b33f8156d,5,Gift Packaging,supplies,1,each,63.66,24.19,63.66,24.19
Cactus Stitch Handmade Co.,I_9d235798b7,1,Handmade Plushie,product,1,each,49.84,18.94,49.84,18.94
Cactus Stitch Handmade Co.,I_9d235798b7,2,Custom Blanket,product,3,each,16.61,6.31,49.83,18.93
Cactus Stitch Handmade Co.,I_9d235798b7,3,Crochet Hat,product,1,each,49.84,18.94,49.84,18.94
Cactus Stitch Handmade Co.,I_9d235798b7,4,Crochet Hat,product,1,each,49.84,18.94,49.84,18.94
Cactus Stitch Handmade Co.,I_9d235798b7,5,Handmade Plushie,product,2,each,24.92,9.47,49.84,18.94
Cactus Stitch Handmade Co.,I_a42a95debf,1,Handmade Plushie,product,3,each,7.42,2.82,22.26,8.46
Cactus Stitch Handmade Co.,I_a42a95debf,2,Custom Blanket,product,1,each,22.24,8.45,22.24,8.45
Cactus Stitch Handmade Co.,I_a42a95debf,3,Gift Packaging,supplies,2,each,11.12,4.23,22.24,8.46
Cactus Stitch Handmade Co.,I_1f70ee5c19,1,Gift Packaging,supplies,2,each,6.84,2.6,13.68,5.2
Cactus Stitch Handmade Co.,I_1f70ee5c19,2,Gift Packaging,supplies,1,each,13.68,5.2,13.68,5.2
Cactus Stitch Handmade Co.,I_1f70ee5c19,3,Shipping,shipping,3,each,5.0,1.9,15.0,5.7
Cactus Stitch Handmade Co.,I_1f70ee5c19,4,Handmade Plushie,product,1,each,13.02,4.95,13.02,4.95
Cactus Stitch Handmade Co.,I_1f70ee5c19,5,Shipping,shipping,1,each,13.03,4.95,13.03,4.95
Cactus Stitch Handmade Co.,I_15a12ffe04,1,Custom Blanket,product,1,each,316.38,120.22,316.38,120.22
Cactus Stitch Handmade Co.,I_15a12ffe04,2,Gift Packaging,supplies,1,each,316.38,120.22,316.38,120.22
Cactus Stitch Handmade Co.,I_15a12ffe04,3,Gift Packaging,supplies,3,each,105.46,40.07,316.38,120.21
Cactus Stitch Handmade Co.,I_15a12ffe04,4,Handmade Plushie,product,1,each,316.37,120.22,316.37,120.22
Cactus Stitch Handmade Co.,I_fb84ba5c5f,1,Custom Blanket,product,1,each,42.83,16.28,42.83,16.28
Cactus Stitch Handmade Co.,I_fb84ba5c5f,2,Handmade Plushie,product,1,each,42.83,16.28,42.83,16.28
Cactus Stitch Handmade Co.,I_fb84ba5c5f,3,Handmade Plushie,product,2,each,21.42,8.14,42.84,16.28
Cactus Stitch Handmade Co.,I_359efbb94d,1,Custom Blanket,product,3,each,5.86,2.23,17.58,6.69
Cactus Stitch Handmade Co.,I_359efbb94d,2,Crochet Hat,product,1,each,17.6,6.69,17.6,6.69
Cactus Stitch Handmade Co.,I_359efbb94d,3,Crochet Hat,product,1,each,17.6,6.69,17.6,6.69
Cactus Stitch Handmade Co.,I_359efbb94d,4,Custom Blanket,product,1,each,17.6,6.69,17.6,6.69
Cactus Stitch Handmade Co.,I_b038f4ac83,1,Gift Packaging,supplies,1,each,18.88,7.17,18.88,7.17
Cactus Stitch Handmade Co.,I_b038f4ac83,2,Gift Packaging,supplies,3,each,6.29,2.39,18.87,7.17
Cactus Stitch Handmade Co.,I_b038f4ac83,3,Custom Blanket,product,2,each,9.45,3.59,18.9,7.18
Cactus Stitch Handmade Co.,I_97493794ba,1,Custom Blanket,product,1,each,43.92,16.69,43.92,16.69
Cactus Stitch Handmade Co.,I_97493794ba,2,Crochet Hat,product,1,each,43.93,16.69,43.93,16.69
Cactus Stitch Handmade Co.,I_97493794ba,3,Handmade Plushie,product,1,each,43.92,16.69,43.92,16.69
Cactus Stitch Handmade Co.,I_97493794ba,4,Gift Packaging,supplies,3,each,14.64,5.56,43.92,16.68
Cactus Stitch Handmade Co.,I_ec4de50f21,1,Gift Packaging,supplies,1,each,20.82,7.91,20.82,7.91
Cactus Stitch Handmade Co.,I_ec4de50f21,2,Gift Packaging,supplies,1,each,20.82,7.91,20.82,7.91
Cactus Stitch Handmade Co.,I_ec4de50f21,3,Custom Blanket,product,2,each,10.41,3.96,20.82,7.92
Cactus Stitch Handmade Co.,I_ec4de50f21,4,Custom Blanket,product,1,each,20.83,7.92,20.83,7.92
Cactus Stitch Handmade Co.,I_45ab62489a,1,Custom Blanket,product,1,each,52.93,20.11,52.93,20.11
Cactus Stitch Handmade Co.,I_45ab62489a,2,Handmade Plushie,product,3,each,17.64,6.7,52.92,20.1
Cactus Stitch Handmade Co.,I_45ab62489a,3,Shipping,shipping,3,each,17.64,6.7,52.92,20.1
Cactus Stitch Handmade Co.,I_4252f64582,1,Shipping,shipping,1,each,43.05,18.62,43.05,18.62
Cactus Stitch Handmade Co.,I_4252f64582,2,Crochet Hat,product,1,each,43.06,18.63,43.06,18.63
Cactus Stitch Handmade Co.,I_4252f64582,3,Custom Blanket,product,3,each,14.35,6.21,43.05,18.63
Cactus Stitch Handmade Co.,I_4252f64582,4,Custom Blanket,product,3,each,14.35,6.21,43.05,18.63
Cactus Stitch Handmade Co.,I_214fa75aa3,1,Crochet Hat,product,3,each,5.0,2.16,15.0,6.48
Cactus Stitch Handmade Co.,I_214fa75aa3,2,Handmade Plushie,product,2,each,5.4,2.34,10.8,4.68
Cactus Stitch Handmade Co.,I_214fa75aa3,3,Shipping,shipping,1,each,10.81,4.68,10.81,4.68
Cactus Stitch Handmade Co.,I_214fa75aa3,4,Handmade Plushie,product,2,each,5.41,2.34,10.82,4.68
Cactus Stitch Handmade Co.,I_677ae5e771,1,Handmade Plushie,product,1,each,31.38,13.58,31.38,13.58
Cactus Stitch Handmade Co.,I_677ae5e771,2,Crochet Hat,product,3,each,10.46,4.52,31.38,13.56
Cactus Stitch Handmade Co.,I_677ae5e771,3,Gift Packaging,supplies,2,each,15.69,6.79,31.38,13.58
Cactus Stitch Handmade Co.,I_677ae5e771,4,Shipping,shipping,1,each,31.38,13.58,31.38,13.58
Cactus Stitch Handmade Co.,I_677ae5e771,5,Shipping,shipping,1,each,31.38,13.58,31.38,13.58
Cactus Stitch Handmade Co.,I_31a95628d4,1,Gift Packaging,supplies,1,each,26.34,11.39,26.34,11.39
Cactus Stitch Handmade Co.,I_31a95628d4,2,Custom Blanket,product,2,each,13.17,5.7,26.34,11.4
Cactus Stitch Handmade Co.,I_eed4a07a96,1,Crochet Hat,product,1,each,39.91,17.26,39.91,17.26
Cactus Stitch Handmade Co.,I_eed4a07a96,2,Shipping,shipping,1,each,39.92,17.27,39.92,17.27
Cactus Stitch Handmade Co.,I_8f8886b399,1,Custom Blanket,product,1,each,62.07,26.85,62.07,26.85
Cactus Stitch Handmade Co.,I_8f8886b399,2,Crochet Hat,product,1,each,62.06,26.85,62.06,26.85
Cactus Stitch Handmade Co.,I_8f8886b399,3,Handmade Plushie,product,1,each,62.07,26.85,62.07,26.85
Cactus Stitch Handmade Co.,I_1ca3f42f09,1,Shipping,shipping,2,each,38.59,16.7,77.18,33.4
Cactus Stitch Handmade Co.,I_1ca3f42f09,2,Crochet Hat,product,3,each,25.73,11.13,77.19,33.39
Cactus Stitch Handmade Co.,I_2b667370fd,1,Custom Blanket,product,1,each,6.23,2.7,6.23,2.7
Cactus Stitch Handmade Co.,I_2b667370fd,2,Shipping,shipping,2,each,5.0,2.16,10.0,4.32
Cactus Stitch Handmade Co.,I_2b667370fd,3,Handmade Plushie,product,1,each,5.0,2.16,5.0,2.16
Cactus Stitch Handmade Co.,I_2b667370fd,4,Shipping,shipping,1,each,5.0,2.16,5.0,2.16
Cactus Stitch Handmade Co.,I_2b667370fd,5,Gift Packaging,supplies,3,each,5.0,2.16,15.0,6.48
Cactus Stitch Handmade Co.,I_dde3f7ef6d,1,Shipping,shipping,1,each,19.06,8.25,19.06,8.25
Cactus Stitch Handmade Co.,I_dde3f7ef6d,2,Custom Blanket,product,3,each,6.35,2.75,19.05,8.25
Cactus Stitch Handmade Co.,I_dde3f7ef6d,3,Handmade Plushie,product,2,each,9.54,4.13,19.08,8.26
Cactus Stitch Handmade Co.,I_dde3f7ef6d,4,Gift Packaging,supplies,3,each,6.35,2.75,19.05,8.25
Cactus Stitch Handmade Co.,I_c4d987ddac,1,Shipping,shipping,1,each,21.01,9.08,21.01,9.08
Cactus Stitch Handmade Co.,I_c4d987ddac,2,Handmade Plushie,product,2,each,10.5,4.54,21.0,9.08
Cactus Stitch Handmade Co.,I_c4d987ddac,3,Shipping,shipping,1,each,21.01,9.08,21.01,9.08
Cactus Stitch Handmade Co.,I_c4d987ddac,4,Shipping,shipping,1,each,21.01,9.08,21.01,9.08
Cactus Stitch Handmade Co.,I_543961dce0,1,Custom Blanket,product,1,each,58.66,25.38,58.66,25.38
Cactus Stitch Handmade Co.,I_543961dce0,2,Crochet Hat,product,3,each,19.56,8.47,58.68,25.41
Cactus Stitch Handmade Co.,I_acea65cec3,1,Handmade Plushie,product,1,each,45.04,19.49,45.04,19.49
Cactus Stitch Handmade Co.,I_acea65cec3,2,Handmade Plushie,product,1,each,45.04,19.49,45.04,19.49
Cactus Stitch Handmade Co.,I_acea65cec3,3,Crochet Hat,product,2,each,22.52,9.74,45.04,19.48
Cactus Stitch Handmade Co.,I_acea65cec3,4,Gift Packaging,supplies,2,each,22.53,9.74,45.06,19.48
Cactus Stitch Handmade Co.,I_93a4ccc683,1,Handmade Plushie,product,1,each,39.44,17.06,39.44,17.06
Cactus Stitch Handmade Co.,I_93a4ccc683,2,Shipping,shipping,2,each,19.72,8.53,39.44,17.06
Cactus Stitch Handmade Co.,I_93a4ccc683,3,Gift Packaging,supplies,1,each,39.44,17.06,39.44,17.06
Cactus Stitch Handmade Co.,I_93a4ccc683,4,Shipping,shipping,1,each,39.43,17.06,39.43,17.06
Cactus Stitch Handmade Co.,I_3dda8816d2,1,Gift Packaging,supplies,1,each,45.28,19.59,45.28,19.59
Cactus Stitch Handmade Co.,I_3dda8816d2,2,Shipping,shipping,1,each,45.28,19.59,45.28,19.59
Cactus Stitch Handmade Co.,I_1533329cbe,1,Handmade Plushie,product,3,each,16.4,7.1,49.2,21.3
Cactus Stitch Handmade Co.,I_1533329cbe,2,Handmade Plushie,product,1,each,49.2,21.28,49.2,21.28
Cactus Stitch Handmade Co.,I_af3c877445,1,Handmade Plushie,product,1,each,21.17,9.16,21.17,9.16
Cactus Stitch Handmade Co.,I_af3c877445,2,Custom Blanket,product,1,each,21.17,9.16,21.17,9.16
Cactus Stitch Handmade Co.,I_af3c877445,3,Custom Blanket,product,1,each,21.17,9.16,21.17,9.16
Cactus Stitch Handmade Co.,I_af3c877445,4,Gift Packaging,supplies,1,each,21.17,9.16,21.17,9.16
Cactus Stitch Handmade Co.,I_af3c877445,5,Crochet Hat,product,3,each,7.06,3.06,21.18,9.18
Cactus Stitch Handmade Co.,I_809a50d40c,1,Gift Packaging,supplies,1,each,125.93,54.48,125.93,54.48
Cactus Stitch Handmade Co.,I_809a50d40c,2,Gift Packaging,supplies,3,each,41.98,18.16,125.94,54.48
Cactus Stitch Handmade Co.,I_809a50d40c,3,Handmade Plushie,product,1,each,125.92,54.48,125.92,54.48
Cactus Stitch Handmade Co.,I_62182a9cca,1,Shipping,shipping,1,each,27.0,11.68,27.0,11.68
Cactus Stitch Handmade Co.,I_62182a9cca,2,Shipping,shipping,1,each,27.0,11.68,27.0,11.68
Cactus Stitch Handmade Co.,I_62182a9cca,3,Handmade Plushie,product,1,each,27.0,11.68,27.0,11.68
Cactus Stitch Handmade Co.,I_62182a9cca,4,Gift Packaging,supplies,3,each,9.0,3.89,27.0,11.67
Cactus Stitch Handmade Co.,I_62182a9cca,5,Shipping,shipping,1,each,27.0,11.68,27.0,11.68
Cactus Stitch Handmade Co.,I_3ec9ca25c2,1,Custom Blanket,product,1,each,13.12,5.68,13.12,5.68
Cactus Stitch Handmade Co.,I_3ec9ca25c2,2,Handmade Plushie,product,3,each,5.0,2.16,15.0,6.48
Cactus Stitch Handmade Co.,I_3ec9ca25c2,3,Crochet Hat,product,1,each,11.24,4.86,11.24,4.86
Cactus Stitch Handmade Co.,I_d8aa3b94e0,1,Handmade Plushie,product,1,each,15.21,6.58,15.21,6.58
Cactus Stitch Handmade Co.,I_d8aa3b94e0,2,Handmade Plushie,product,1,each,15.21,6.58,15.21,6.58
Cactus Stitch Handmade Co.,I_d8aa3b94e0,3,Handmade Plushie,product,3,each,5.07,2.19,15.21,6.57
Cactus Stitch Handmade Co.,I_d8aa3b94e0,4,Custom Blanket,product,2,each,7.6,3.29,15.2,6.58
Cactus Stitch Handmade Co.,I_d8aa3b94e0,5,Gift Packaging,supplies,1,each,15.22,6.58,15.22,6.58
Cactus Stitch Handmade Co.,I_d51157d716,1,Shipping,shipping,1,each,135.31,58.53,135.31,58.53
Cactus Stitch Handmade Co.,I_d51157d716,2,Gift Packaging,supplies,3,each,45.11,19.52,135.33,58.56
Cactus Stitch Handmade Co.,I_b811985101,1,Shipping,shipping,1,each,140.51,60.78,140.51,60.78
Cactus Stitch Handmade Co.,I_b811985101,2,Shipping,shipping,3,each,46.84,20.26,140.52,60.78
Cactus Stitch Handmade Co.,I_8092d4758b,1,Gift Packaging,supplies,1,each,5.39,2.33,5.39,2.33
Cactus Stitch Handmade Co.,I_8092d4758b,2,Crochet Hat,product,1,each,5.39,2.33,5.39,2.33
Cactus Stitch Handmade Co.,I_8092d4758b,3,Handmade Plushie,product,1,each,5.4,2.34,5.4,2.34
Cactus Stitch Handmade Co.,I_8092d4758b,4,Custom Blanket,product,1,each,5.39,2.33,5.39,2.33
Cactus Stitch Handmade Co.,I_8092d4758b,5,Gift Packaging,supplies,1,each,5.4,2.34,5.4,2.34
Cactus Stitch Handmade Co.,I_58f7906ede,1,Crochet Hat,product,1,each,60.91,26.35,60.91,26.35
Cactus Stitch Handmade Co.,I_58f7906ede,2,Shipping,shipping,1,each,60.92,26.36,60.92,26.36
Cactus Stitch Handmade Co.,I_58f7906ede,3,Shipping,shipping,1,each,60.91,26.35,60.91,26.35
Cactus Stitch Handmade Co.,I_58f7906ede,4,Shipping,shipping,3,each,20.31,8.79,60.93,26.37
Cactus Stitch Handmade Co.,I_b1fc22bc60,1,Gift Packaging,supplies,1,each,9.49,4.11,9.49,4.11
Cactus Stitch Handmade Co.,I_b1fc22bc60,2,Handmade Plushie,product,2,each,5.0,2.16,10.0,4.32
Cactus Stitch Handmade Co.,I_b1fc22bc60,3,Crochet Hat,product,1,each,9.33,4.04,9.33,4.04
Cactus Stitch Handmade Co.,I_b1fc22bc60,4,Custom Blanket,product,2,each,5.0,2.16,10.0,4.32
Cactus Stitch Handmade Co.,I_b1fc22bc60,5,Shipping,shipping,1,each,8.65,3.74,8.65,3.74
Cactus Stitch Handmade Co.,I_b7343da2d4,1,Shipping,shipping,1,each,56.46,24.42,56.46,24.42
Cactus Stitch Handmade Co.,I_b7343da2d4,2,Gift Packaging,supplies,3,each,18.82,8.14,56.46,24.42
Cactus Stitch Handmade Co.,I_b7343da2d4,3,Gift Packaging,supplies,2,each,28.23,12.22,56.46,24.44
Cactus Stitch Handmade Co.,I_b7343da2d4,4,Handmade Plushie,product,2,each,28.23,12.22,56.46,24.44
Cactus Stitch Handmade Co.,I_b7343da2d4,5,Gift Packaging,supplies,1,each,56.48,24.43,56.48,24.43
Cactus Stitch Handmade Co.,I_12079dcd29,1,Gift Packaging,supplies,1,each,22.22,9.61,22.22,9.61
Cactus Stitch Handmade Co.,I_12079dcd29,2,Custom Blanket,product,2,each,11.11,4.81,22.22,9.62
Cactus Stitch Handmade Co.,I_12079dcd29,3,Handmade Plushie,product,1,each,22.22,9.61,22.22,9.61
Cactus Stitch Handmade Co.,I_f55f74d6ab,1,Handmade Plushie,product,3,each,44.08,19.07,132.24,57.21
Cactus Stitch Handmade Co.,I_f55f74d6ab,2,Custom Blanket,product,1,each,132.23,57.21,132.23,57.21
Cactus Stitch Handmade Co.,I_f55f74d6ab,3,Shipping,shipping,1,each,132.23,57.21,132.23,57.21
Cactus Stitch Handmade Co.,I_8a5c0a8a32,1,Shipping,shipping,1,each,19.53,8.45,19.53,8.45
Cactus Stitch Handmade Co.,I_8a5c0a8a32,2,Shipping,shipping,1,each,19.52,8.45,19.52,8.45
Cactus Stitch Handmade Co.,I_8a5c0a8a32,3,Crochet Hat,product,1,each,19.53,8.45,19.53,8.45
Cactus Stitch Handmade Co.,I_c76f7e91e3,1,Custom Blanket,product,3,each,11.36,4.91,34.08,14.73
Cactus Stitch Handmade Co.,I_c76f7e91e3,2,Gift Packaging,supplies,1,each,34.08,14.74,34.08,14.74
Cactus Stitch Handmade Co.,I_c76f7e91e3,3,Handmade Plushie,product,1,each,34.08,14.74,34.08,14.74
Cactus Stitch Handmade Co.,I_c76f7e91e3,4,Custom Blanket,product,1,each,34.08,14.74,34.08,14.74
Cactus Stitch Handmade Co.,I_2865227a0e,1,Shipping,shipping,1,each,36.62,15.84,36.62,15.84
Cactus Stitch Handmade Co.,I_2865227a0e,2,Crochet Hat,product,1,each,36.62,15.84,36.62,15.84
Cactus Stitch Handmade Co.,I_2865227a0e,3,Crochet Hat,product,1,each,36.63,15.84,36.63,15.84
Cactus Stitch Handmade Co.,I_c503b41256,1,Custom Blanket,product,1,each,91.06,39.4,91.06,39.4
Cactus Stitch Handmade Co.,I_c503b41256,2,Gift Packaging,supplies,3,each,30.36,13.13,91.08,39.39
Cactus Stitch Handmade Co.,I_d677d98fb8,1,Custom Blanket,product,3,each,5.0,2.16,15.0,6.48
Cactus Stitch Handmade Co.,I_d677d98fb8,2,Shipping,shipping,3,each,5.0,2.16,15.0,6.48
Cactus Stitch Handmade Co.,I_d677d98fb8,3,Handmade Plushie,product,1,each,9.8,4.24,9.8,4.24
Cactus Stitch Handmade Co.,I_d677d98fb8,4,Gift Packaging,supplies,1,each,9.8,4.24,9.8,4.24
Cactus Stitch Handmade Co.,I_d677d98fb8,5,Gift Packaging,supplies,1,each,9.81,4.24,9.81,4.24
Cactus Stitch Handmade Co.,I_582b6286b2,1,Crochet Hat,product,2,each,28.4,12.29,56.8,24.58
Cactus Stitch Handmade Co.,I_582b6286b2,2,Gift Packaging,supplies,2,each,28.4,12.29,56.8,24.58
Cactus Stitch Handmade Co.,I_54c37bab6f,1,Custom Blanket,product,2,each,21.64,9.36,43.28,18.72
Cactus Stitch Handmade Co.,I_54c37bab6f,2,Shipping,shipping,1,each,43.27,18.72,43.27,18.72
Cactus Stitch Handmade Co.,I_54c37bab6f,3,Handmade Plushie,product,3,each,14.42,6.24,43.26,18.72
Cactus Stitch Handmade Co.,I_9af70720a2,1,Shipping,shipping,1,each,19.32,8.35,19.32,8.35
Cactus Stitch Handmade Co.,I_9af70720a2,2,Crochet Hat,product,1,each,19.32,8.35,19.32,8.35
Cactus Stitch Handmade Co.,I_9af70720a2,3,Gift Packaging,supplies,1,each,19.32,8.35,19.32,8.35
Cactus Stitch Handmade Co.,I_9af70720a2,4,Shipping,shipping,2,each,9.66,4.18,19.32,8.36
Cactus Stitch Handmade Co.,I_9af70720a2,5,Handmade Plushie,product,1,each,19.33,8.36,19.33,8.36
Cactus Stitch Handmade Co.,I_95e7973674,1,Handmade Plushie,product,1,each,50.61,19.23,50.61,19.23
Cactus Stitch Handmade Co.,I_95e7973674,2,Handmade Plushie,product,2,each,25.3,9.61,50.6,19.22
Cactus Stitch Handmade Co.,I_d834b9165b,1,Shipping,shipping,1,each,28.0,10.64,28.0,10.64
Cactus Stitch Handmade Co.,I_d834b9165b,2,Gift Packaging,supplies,1,each,28.01,10.64,28.01,10.64
Cactus Stitch Handmade Co.,I_7be529dab1,1,Gift Packaging,supplies,1,each,183.46,69.71,183.46,69.71
Cactus Stitch Handmade Co.,I_7be529dab1,2,Gift Packaging,supplies,3,each,61.15,23.24,183.45,69.72
Cactus Stitch Handmade Co.,I_1799f1e586,1,Handmade Plushie,product,1,each,73.41,27.9,73.41,27.9
Cactus Stitch Handmade Co.,I_1799f1e586,2,Gift Packaging,supplies,2,each,36.7,13.95,73.4,27.9
Cactus Stitch Handmade Co.,I_4bdba576db,1,Shipping,shipping,1,each,47.45,18.03,47.45,18.03
Cactus Stitch Handmade Co.,I_4bdba576db,2,Shipping,shipping,3,each,15.82,6.01,47.46,18.03
Cactus Stitch Handmade Co.,I_4bdba576db,3,Handmade Plushie,product,1,each,47.45,18.03,47.45,18.03
Cactus Stitch Handmade Co.,I_4bdba576db,4,Gift Packaging,supplies,1,each,47.44,18.03,47.44,18.03
Cactus Stitch Handmade Co.,I_335f414f91,1,Custom Blanket,product,3,each,14.0,5.32,42.0,15.96
Cactus Stitch Handmade Co.,I_335f414f91,2,Shipping,shipping,2,each,21.01,7.98,42.02,15.96
Cactus Stitch Handmade Co.,I_335f414f91,3,Shipping,shipping,1,each,42.01,15.96,42.01,15.96
Cactus Stitch Handmade Co.,I_335f414f91,4,Handmade Plushie,product,3,each,14.0,5.32,42.0,15.96
Cactus Stitch Handmade Co.,I_335f414f91,5,Crochet Hat,product,3,each,14.01,5.32,42.03,15.96
