company,industry,purchase_id,date,vendor,category,item,qty,unit,unit_cost,total_cost
Cactus Stitch Handmade Co.,handmade_products,P_3611a5b984,2025-11-05,Craft Supply Hub,shipping,Postage Labels,2.79,roll,18.07,50.42
Cactus Stitch Handmade Co.,handmade_products,P_c2457b9742,2025-11-05,Shipping Supply Mart,supplies,Gift Boxes,113.7,box,1.11,126.21
Cactus Stitch Handmade Co.,handmade_products,P_6e5b3a5508,2025-11-12,Shipping Supply Mart,materials,Yarn (assorted),16.92,skein,5.51,93.23
Cactus Stitch Handmade Co.,handmade_products,P_18dedc9cc6,2025-11-12,Shipping Supply Mart,materials,Stuffing,4.0,bag,11.82,47.28
Cactus Stitch Handmade Co.,handmade_products,P_96277a62bd,2025-11-19,Craft Supply Hub,supplies,Gift Boxes,95.99,box,1.14,109.43
Cactus Stitch Handmade Co.,handmade_products,P_4c0a307c0f,2025-11-19,Yarn & Co.,materials,Stuffing,3.57,bag,12.45,44.45
Cactus Stitch Handmade Co.,handmade_products,P_93d10904ad,2025-11-26,Yarn & Co.,materials,Safety Eyes,6.58,pack,9.48,62.38
Cactus Stitch Handmade Co.,handmade_products,P_325d9d26aa,2025-12-03,Craft Supply Hub,supplies,Gift Boxes,127.29,box,1.21,154.02
Cactus Stitch Handmade Co.,handmade_products,P_1101ed05dc,2025-12-03,Craft Supply Hub,materials,Yarn (assorted),31.76,skein,5.76,182.94
Cactus Stitch Handmade Co.,handmade_products,P_99734ad6a8,2025-12-10,Shipping Supply Mart,materials,Stuffing,3.63,bag,12.72,46.17
Cactus Stitch Handmade Co.,handmade_products,P_e3511e4e67,2025-12-31,Craft Supply Hub,materials,Safety Eyes,3.2,pack,9.82,31.42
Cactus Stitch Handmade Co.,handmade_products,P_3cf5f2fe22,2025-12-31,Craft Supply Hub,materials,Stuffing,7.79,bag,13.17,102.59
Cactus Stitch Handmade Co.,handmade_products,P_2d72d163b9,2025-12-31,Craft Supply Hub,shipping,Postage Labels,3.15,roll,18.68,58.84
Cactus Stitch Handmade Co.,handmade_products,P_73059203e6,2026-01-07,Yarn & Co.,supplies,Gift Boxes,87.47,box,1.13,98.84
Cactus Stitch Handmade Co.,handmade_products,P_cc249ca01c,2026-01-14,Yarn & Co.,materials,Yarn (assorted),11.78,skein,5.51,64.91
