company,industry,quote_id,quote_number,created_at,approved_at,status,customer_id,customer_name,customer_type,job_title,subtotal,tax,total,size_band
Cactus Stitch Handmade Co.,handmade_products,Q_3e98c805f7,HAND-Q00001,2025-11-01T11:00:00,2025-11-07T18:00:00,approved,CACC1014,Skyler Brown,residential,Small Batch Restock,67.89,5.57,73.46,small
Cactus Stitch Handmade Co.,handmade_products,Q_80bedc7176,HAND-Q00002,2025-11-01T16:45:00,,declined,CACC1003,Skyler Moore,residential,Custom Crochet Order,102.45,8.4,110.85,medium
Cactus Stitch Handmade Co.,handmade_products,Q_54ef67432c,HAND-Q00003,2025-11-02T11:00:00,2025-11-07T17:00:00,approved,CACC1011,Avery Thomas,commercial,Small Batch Restock,186.16,15.27,201.43,large
Cactus Stitch Handmade Co.,handmade_products,Q_0225b282aa,HAND-Q00004,2025-11-02T13:30:00,,sent,CACC1001,Casey Davis,residential,Holiday Gift Bundle,117.2,9.61,126.81,medium
Cactus Stitch Handmade Co.,handmade_products,Q_62f3948d92,HAND-Q00005,2025-11-02T11:00:00,2025-11-03T18:00:00,approved,CACC1016,Blake Martinez,residential,Small Batch Restock,229.65,18.83,248.48,large
Cactus Stitch Handmade Co.,handmade_products,Q_20aa7fffce,HAND-Q00006,2025-11-02T08:30:00,,sent,CACC1001,Casey Davis,residential,Wholesale Inquiry,403.24,33.07,436.31,large
Cactus Stitch Handmade Co.,handmade_products,Q_04e8498011,HAND-Q00007,2025-11-03T10:30:00,,declined,CACC1003,Skyler Moore,residential,Custom Crochet Order,161.97,13.28,175.25,medium
Cactus Stitch Handmade Co.,handmade_products,Q_7d86c5c393,HAND-Q00008,2025-11-03T10:15:00,2025-11-07T16:15:00,approved,CACC1023,Reese Thompson,residential,Holiday Gift Bundle,149.62,12.27,161.89,medium
Cactus Stitch Handmade Co.,handmade_products,Q_ac0b674f31,HAND-Q00009,2025-11-04T18:00:00,,declined,CACC1006,Rowan Thomas,residential,Logo Patch Run,389.57,31.94,421.51,large
Cactus Stitch Handmade Co.,handmade_products,Q_01ce611e69,HAND-Q00010,2025-11-04T15:30:00,,no_response,CACC1023,Reese Thompson,residential,Small Batch Restock,76.86,6.3,83.16,medium
Cactus Stitch Handmade Co.,handmade_products,Q_1180537519,HAND-Q00011,2025-11-06T07:30:00,2025-11-09T11:30:00,approved,CACC1023,Reese Thompson,residential,Small Batch Restock,98.14,8.05,106.19,medium
Cactus Stitch Handmade Co.,handmade_products,Q_241702fc56,HAND-Q00012,2025-11-06T13:00:00,2025-11-06T19:00:00,approved,CACC1016,Blake Martinez,residential,Logo Patch Run,753.45,61.78,815.23,large
Cactus Stitch Handmade Co.,handmade_products,Q_89aa5eb89d,HAND-Q00013,2025-11-08T15:30:00,,declined,CACC1013,Jordan Thompson,residential,Logo Patch Run,209.86,17.21,227.07,large
Cactus Stitch Handmade Co.,handmade_products,Q_f491124eae,HAND-Q00014,2025-11-09T11:00:00,2025-11-10T16:00:00,approved,CACC1015,Sam Wilson,commercial,Logo Patch Run,175.07,14.36,189.43,medium
Cactus Stitch Handmade Co.,handmade_products,Q_6fca4d1c20,HAND-Q00015,2025-11-09T18:45:00,2025-11-12T22:45:00,approved,CACC1039,Morgan Wilson,residential,Logo Patch Run,111.66,9.16,120.82,medium
Cactus Stitch Handmade Co.,handmade_products,Q_fb90712076,HAND-Q00016,2025-11-11T17:15:00,,no_response,CACC1016,Blake Martinez,residential,Holiday Gift Bundle,43.21,3.54,46.75,small
Cactus Stitch Handmade Co.,handmade_products,Q_cccad5ebfa,HAND-Q00017,2025-11-12T09:30:00,2025-11-14T11:30:00,approved,CACC1003,Skyler Moore,residential,Small Batch Restock,95.45,7.83,103.28,medium
Cactus Stitch Handmade Co.,handmade_products,Q_6c2e2e03e7,HAND-Q00018,2025-11-13T14:30:00,,declined,CACC1004,Jordan Lee,residential,Holiday Gift Bundle,72.13,5.91,78.04,medium
Cactus Stitch Handmade Co.,handmade_products,Q_0b6fae40be,HAND-Q00019,2025-11-13T11:15:00,2025-11-14T15:15:00,approved,CACC1007,Avery Garcia,commercial,Holiday Gift Bundle,121.31,9.95,131.26,medium
Cactus Stitch Handmade Co.,handmade_products,Q_92a03065c7,HAND-Q00020,2025-11-14T13:45:00,,no_response,CACC1033,Rowan Martin,commercial,Holiday Gift Bundle,250.09,20.51,270.6,large
Cactus Stitch Handmade Co.,handmade_products,Q_6db032a4da,HAND-Q00021,2025-11-14T18:15:00,,sent,CACC1026,Rowan Hernandez,commercial,Custom Crochet Order,58.96,4.83,63.79,small
Cactus Stitch Handmade Co.,handmade_products,Q_02741f92fd,HAND-Q00022,2025-11-14T13:00:00,,no_response,CACC1006,Rowan Thomas,residential,Logo Patch Run,18.0,1.48,19.48,small
Cactus Stitch Handmade Co.,handmade_products,Q_9f484dafb9,HAND-Q00023,2025-11-14T14:45:00,2025-11-19T15:45:00,approved,CACC1019,Reese Brown,residential,Holiday Gift Bundle,101.86,8.35,110.21,medium
Cactus Stitch Handmade Co.,handmade_products,Q_20bd195c58,HAND-Q00024,2025-11-15T11:00:00,2025-11-16T14:00:00,approved,CACC1025,Skyler Johnson,residential,Logo Patch Run,318.32,26.1,344.42,large
Cactus Stitch Handmade Co.,handmade_products,Q_e8e090cdb3,HAND-Q00025,2025-11-15T16:15:00,,sent,CACC1020,Drew Thomas,residential,Custom Crochet Order,86.36,7.08,93.44,medium
Cactus Stitch Handmade Co.,handmade_products,Q_95baa57837,HAND-Q00026,2025-11-16T18:45:00,2025-11-18T21:45:00,approved,CACC1015,Sam Wilson,commercial,Logo Patch Run,249.2,20.43,269.63,large
Cactus Stitch Handmade Co.,handmade_products,Q_2a5612d290,HAND-Q00027,2025-11-18T17:15:00,2025-11-22T19:15:00,approved,CACC1016,Blake Martinez,residential,Holiday Gift Bundle,66.74,5.47,72.21,small
Cactus Stitch Handmade Co.,handmade_products,Q_db3379d81a,HAND-Q00028,2025-11-19T14:15:00,2025-11-20T18:15:00,approved,CACC1022,Jamie Lee,residential,Small Batch Restock,68.41,5.61,74.02,small
Cactus Stitch Handmade Co.,handmade_products,Q_7495184dfd,HAND-Q00029,2025-11-19T09:15:00,,declined,CACC1013,Jordan Thompson,residential,Wholesale Inquiry,57.92,4.75,62.67,small
Cactus Stitch Handmade Co.,handmade_products,Q_a411e36c32,HAND-Q00030,2025-11-22T12:00:00,,declined,CACC1001,Casey Davis,residential,Logo Patch Run,96.38,7.9,104.28,medium
Cactus Stitch Handmade Co.,handmade_products,Q_f8008b29f9,HAND-Q00031,2025-11-22T14:30:00,2025-11-30T15:30:00,approved,CACC1031,Riley Moore,residential,Custom Crochet Order,1265.51,103.77,1369.28,large
Cactus Stitch Handmade Co.,handmade_products,Q_be992e50ef,HAND-Q00032,2025-11-23T11:30:00,,no_response,CACC1006,Rowan Thomas,residential,Small Batch Restock,70.2,5.76,75.96,medium
Cactus Stitch Handmade Co.,handmade_products,Q_cf6139e50d,HAND-Q00033,2025-11-24T14:30:00,,no_response,CACC1039,Morgan Wilson,residential,Wholesale Inquiry,82.97,6.8,89.77,medium
Cactus Stitch Handmade Co.,handmade_products,Q_90aa76ea56,HAND-Q00034,2025-11-27T18:45:00,2025-12-02T02:45:00,approved,CACC1011,Avery Thomas,commercial,Holiday Gift Bundle,128.49,10.54,139.03,medium
Cactus Stitch Handmade Co.,handmade_products,Q_1b7563e671,HAND-Q00035,2025-11-27T16:45:00,2025-12-02T23:45:00,approved,CACC1021,Blake Johnson,residential,Custom Crochet Order,70.38,5.77,76.15,medium
Cactus Stitch Handmade Co.,handmade_products,Q_1e7778e0ff,HAND-Q00036,2025-11-27T12:00:00,,declined,CACC1003,Skyler Moore,residential,Wholesale Inquiry,55.69,4.57,60.26,small
Cactus Stitch Handmade Co.,handmade_products,Q_72d1016a96,HAND-Q00037,2025-11-28T17:45:00,2025-11-30T01:45:00,approved,CACC1009,Taylor Thomas,commercial,Custom Crochet Order,56.64,4.64,61.28,small
Cactus Stitch Handmade Co.,handmade_products,Q_682b4fb38b,HAND-Q00038,2025-11-29T16:30:00,2025-11-30T17:30:00,approved,CACC1010,Quinn Martinez,residential,Holiday Gift Bundle,175.7,14.41,190.11,medium
Cactus Stitch Handmade Co.,handmade_products,Q_ca1c82c71f,HAND-Q00039,2025-11-29T08:30:00,2025-12-05T14:30:00,approved,CACC1024,Quinn Davis,residential,Custom Crochet Order,83.29,6.83,90.12,medium
Cactus Stitch Handmade Co.,handmade_products,Q_665b8807b4,HAND-Q00040,2025-11-29T12:00:00,,sent,CACC1001,Casey Davis,residential,Custom Crochet Order,191.66,15.72,207.38,large
Cactus Stitch Handmade Co.,handmade_products,Q_0c1ae015e4,HAND-Q00041,2025-11-29T12:15:00,,sent,CACC1003,Skyler Moore,residential,Custom Crochet Order,129.18,10.59,139.77,medium
Cactus Stitch Handmade Co.,handmade_products,Q_0b596a08b0,HAND-Q00042,2025-11-29T11:00:00,,no_response,CACC1014,Skyler Brown,residential,Small Batch Restock,200.1,16.41,216.51,large
Cactus Stitch Handmade Co.,handmade_products,Q_0f4c797731,HAND-Q00043,2025-11-29T17:30:00,,declined,CACC1000,Taylor Thompson,residential,Wholesale Inquiry,377.34,30.94,408.28,large
Cactus Stitch Handmade Co.,handmade_products,Q_e746186df6,HAND-Q00044,2025-11-30T14:00:00,2025-12-04T19:00:00,approved,CACC1024,Quinn Davis,residential,Holiday Gift Bundle,158.78,13.02,171.8,medium
Cactus Stitch Handmade Co.,handmade_products,Q_78f490ce82,HAND-Q00045,2025-12-01T15:30:00,2025-12-04T20:30:00,approved,CACC1025,Skyler Johnson,residential,Holiday Gift Bundle,172.22,14.12,186.34,medium
Cactus Stitch Handmade Co.,handmade_products,Q_1358489a14,HAND-Q00046,2025-12-01T14:00:00,,declined,CACC1019,Reese Brown,residential,Custom Crochet Order,372.45,30.54,402.99,large
Cactus Stitch Handmade Co.,handmade_products,Q_df4b069274,HAND-Q00047,2025-12-02T16:45:00,2025-12-03T22:45:00,approved,CACC1038,Blake Martinez,residential,Wholesale Inquiry,47.42,3.89,51.31,small
Cactus Stitch Handmade Co.,handmade_products,Q_56f2c91ba2,HAND-Q00048,2025-12-02T17:45:00,,no_response,CACC1022,Jamie Lee,residential,Holiday Gift Bundle,54.96,4.51,59.47,small
Cactus Stitch Handmade Co.,handmade_products,Q_ad27b09d00,HAND-Q00049,2025-12-02T12:45:00,,no_response,CACC1005,Quinn Smith,commercial,Custom Crochet Order,31.37,2.57,33.94,small
Cactus Stitch Handmade Co.,handmade_products,Q_0f71d563a2,HAND-Q00050,2025-12-03T08:45:00,,sent,CACC1014,Skyler Brown,residential,Custom Crochet Order,388.31,31.84,420.15,large
Cactus Stitch Handmade Co.,handmade_products,Q_21cc978bbe,HAND-Q00051,2025-12-03T16:15:00,2025-12-04T19:15:00,approved,CACC1009,Taylor Thomas,commercial,Logo Patch Run,156.9,12.87,169.77,medium
Cactus Stitch Handmade Co.,handmade_products,Q_c56592d941,HAND-Q00052,2025-12-04T14:00:00,2025-12-05T22:00:00,approved,CACC1033,Rowan Martin,commercial,Wholesale Inquiry,52.69,4.32,57.01,small
Cactus Stitch Handmade Co.,handmade_products,Q_f1a8400a9b,HAND-Q00053,2025-12-04T13:30:00,2025-12-05T21:30:00,approved,CACC1019,Reese Brown,residential,Custom Crochet Order,79.83,6.55,86.38,medium
Cactus Stitch Handmade Co.,handmade_products,Q_2abbb36166,HAND-Q00054,2025-12-04T11:45:00,,no_response,CACC1006,Rowan Thomas,residential,Logo Patch Run,137.37,11.26,148.63,medium
Cactus Stitch Handmade Co.,handmade_products,Q_ff7900ea5b,HAND-Q00055,2025-12-04T12:00:00,,no_response,CACC1032,Sam Hernandez,commercial,Small Batch Restock,135.49,11.11,146.6,medium
Cactus Stitch Handmade Co.,handmade_products,Q_ff9f73434f,HAND-Q00056,2025-12-05T11:00:00,,declined,CACC1036,Alex Martinez,commercial,Small Batch Restock,131.45,10.78,142.23,medium
Cactus Stitch Handmade Co.,handmade_products,Q_c74baf97a8,HAND-Q00057,2025-12-05T15:45:00,2025-12-07T21:45:00,approved,CACC1013,Jordan Thompson,residential,Logo Patch Run,186.2,15.27,201.47,large
Cactus Stitch Handmade Co.,handmade_products,Q_7db81b7b5c,HAND-Q00058,2025-12-06T08:15:00,,no_response,CACC1009,Taylor Thomas,commercial,Logo Patch Run,189.3,15.52,204.82,large
Cactus Stitch Handmade Co.,handmade_products,Q_754e6a5323,HAND-Q00059,2025-12-07T10:15:00,2025-12-12T17:15:00,approved,CACC1032,Sam Hernandez,commercial,Small Batch Restock,154.36,12.66,167.02,medium
Cactus Stitch Handmade Co.,handmade_products,Q_778e697f28,HAND-Q00060,2025-12-07T12:00:00,2025-12-11T13:00:00,approved,CACC1033,Rowan Martin,commercial,Small Batch Restock,31.14,2.55,33.69,small
Cactus Stitch Handmade Co.,handmade_products,Q_9125dbfa51,HAND-Q00061,2025-12-07T10:45:00,2025-12-11T12:45:00,approved,CACC1024,Quinn Davis,residential,Small Batch Restock,76.25,6.25,82.5,medium
Cactus Stitch Handmade Co.,handmade_products,Q_894d589c72,HAND-Q00062,2025-12-07T11:30:00,2025-12-09T14:30:00,approved,CACC1006,Rowan Thomas,residential,Custom Crochet Order,84.03,6.89,90.92,medium
Cactus Stitch Handmade Co.,handmade_products,Q_daab41f59e,HAND-Q00063,2025-12-07T11:45:00,2025-12-09T13:45:00,approved,CACC1017,Sam Garcia,commercial,Holiday Gift Bundle,117.33,9.62,126.95,medium
Cactus Stitch Handmade Co.,handmade_products,Q_62d27e0c69,HAND-Q00064,2025-12-08T18:00:00,,no_response,CACC1038,Blake Martinez,residential,Small Batch Restock,248.05,20.34,268.39,large
Cactus Stitch Handmade Co.,handmade_products,Q_2422333015,HAND-Q00065,2025-12-09T15:00:00,,declined,CACC1003,Skyler Moore,residential,Custom Crochet Order,36.46,2.99,39.45,small
Cactus Stitch Handmade Co.,handmade_products,Q_cf71db5cde,HAND-Q00066,2025-12-09T14:15:00,2025-12-10T18:15:00,approved,CACC1018,Alex Hernandez,commercial,Small Batch Restock,180.17,14.77,194.94,large
Cactus Stitch Handmade Co.,handmade_products,Q_2e2d74677d,HAND-Q00067,2025-12-09T13:45:00,,no_response,CACC1005,Quinn Smith,commercial,Holiday Gift Bundle,128.14,10.51,138.65,medium
Cactus Stitch Handmade Co.,handmade_products,Q_8cccff0a86,HAND-Q00068,2025-12-10T13:30:00,2025-12-11T19:30:00,approved,CACC1030,Quinn Jackson,residential,Wholesale Inquiry,157.75,12.94,170.69,medium
Cactus Stitch Handmade Co.,handmade_products,Q_1b0259f9ff,HAND-Q00069,2025-12-11T15:00:00,2025-12-11T16:00:00,approved,CACC1026,Rowan Hernandez,commercial,Custom Crochet Order,90.56,7.43,97.99,medium
Cactus Stitch Handmade Co.,handmade_products,Q_ac48b727ff,HAND-Q00070,2025-12-11T18:30:00,2025-12-12T23:30:00,approved,CACC1010,Quinn Martinez,residential,Holiday Gift Bundle,98.4,8.07,106.47,medium
Cactus Stitch Handmade Co.,handmade_products,Q_3068ab4f6c,HAND-Q00071,2025-12-11T08:00:00,,declined,CACC1013,Jordan Thompson,residential,Small Batch Restock,101.43,8.32,109.75,medium
Cactus Stitch Handmade Co.,handmade_products,Q_1b1131e5d8,HAND-Q00072,2025-12-12T14:00:00,,no_response,CACC1027,Jordan Johnson,commercial,Wholesale Inquiry,95.98,7.87,103.85,medium
Cactus Stitch Handmade Co.,handmade_products,Q_ae0eb50b21,HAND-Q00073,2025-12-12T11:15:00,,no_response,CACC1001,Casey Davis,residential,Logo Patch Run,137.12,11.24,148.36,medium
Cactus Stitch Handmade Co.,handmade_products,Q_f914253649,HAND-Q00074,2025-12-13T13:15:00,,no_response,CACC1021,Blake Johnson,residential,Custom Crochet Order,67.77,5.56,73.33,small
Cactus Stitch Handmade Co.,handmade_products,Q_4d2168d6d3,HAND-Q00075,2025-12-14T17:00:00,,sent,CACC1035,Sam Jackson,commercial,Logo Patch Run,91.43,7.5,98.93,medium
Cactus Stitch Handmade Co.,handmade_products,Q_60c31defb2,HAND-Q00076,2025-12-14T13:00:00,,no_response,CACC1007,Avery Garcia,commercial,Custom Crochet Order,317.81,26.06,343.87,large
Cactus Stitch Handmade Co.,handmade_products,Q_1fd857b168,HAND-Q00077,2025-12-15T15:30:00,,declined,CACC1020,Drew Thomas,residential,Logo Patch Run,63.91,5.24,69.15,small
Cactus Stitch Handmade Co.,handmade_products,Q_67f1396c10,HAND-Q00078,2025-12-15T08:30:00,,no_response,CACC1008,Morgan Hernandez,commercial,Logo Patch Run,142.27,11.67,153.94,medium
Cactus Stitch Handmade Co.,handmade_products,Q_b3e66c73e6,HAND-Q00079,2025-12-16T13:00:00,2025-12-19T18:00:00,approved,CACC1019,Reese Brown,residential,Logo Patch Run,105.86,8.68,114.54,medium
Cactus Stitch Handmade Co.,handmade_products,Q_27fadca5d4,HAND-Q00080,2025-12-16T16:15:00,2025-12-20T18:15:00,approved,CACC1029,Jamie Davis,residential,Custom Crochet Order,377.79,30.98,408.77,large
Cactus Stitch Handmade Co.,handmade_products,Q_d353fe608e,HAND-Q00081,2025-12-17T17:00:00,2025-12-18T22:00:00,approved,CACC1035,Sam Jackson,commercial,Custom Crochet Order,135.0,11.07,146.07,medium
Cactus Stitch Handmade Co.,handmade_products,Q_8e807762ec,HAND-Q00082,2025-12-18T18:45:00,2025-12-20T00:45:00,approved,CACC1018,Alex Hernandez,commercial,Custom Crochet Order,39.36,3.23,42.59,small
Cactus Stitch Handmade Co.,handmade_products,Q_6cfd93d6b3,HAND-Q00083,2025-12-18T13:15:00,,no_response,CACC1004,Jordan Lee,residential,Small Batch Restock,241.41,19.8,261.21,large
Cactus Stitch Handmade Co.,handmade_products,Q_fecc6d0cae,HAND-Q00084,2025-12-18T17:45:00,2025-12-20T20:45:00,approved,CACC1025,Skyler Johnson,residential,Custom Crochet Order,76.05,6.24,82.29,medium
Cactus Stitch Handmade Co.,handmade_products,Q_2758407ccf,HAND-Q00085,2025-12-18T14:45:00,2025-12-22T18:45:00,approved,CACC1002,Jamie Jackson,residential,Holiday Gift Bundle,270.63,22.19,292.82,large
Cactus Stitch Handmade Co.,handmade_products,Q_d040cc7f6b,HAND-Q00086,2025-12-18T07:15:00,2025-12-18T11:15:00,approved,CACC1036,Alex Martinez,commercial,Custom Crochet Order,281.02,23.04,304.06,large
Cactus Stitch Handmade Co.,handmade_products,Q_e7abf76ca4,HAND-Q00087,2025-12-19T07:15:00,2025-12-23T09:15:00,approved,CACC1025,Skyler Johnson,residential,Holiday Gift Bundle,26.97,2.21,29.18,small
Cactus Stitch Handmade Co.,handmade_products,Q_d3d34c9365,HAND-Q00088,2025-12-19T18:00:00,,sent,CACC1009,Taylor Thomas,commercial,Holiday Gift Bundle,232.29,19.05,251.34,large
Cactus Stitch Handmade Co.,handmade_products,Q_a1a5137bae,HAND-Q00089,2025-12-19T14:30:00,,no_response,CACC1008,Morgan Hernandez,commercial,Wholesale Inquiry,345.23,28.31,373.54,large
Cactus Stitch Handmade Co.,handmade_products,Q_9284e2bd4b,HAND-Q00090,2025-12-19T10:45:00,,sent,CACC1018,Alex Hernandez,commercial,Custom Crochet Order,419.52,34.4,453.92,large
Cactus Stitch Handmade Co.,handmade_products,Q_73cb6c8686,HAND-Q00091,2025-12-20T09:45:00,,sent,CACC1013,Jordan Thompson,residential,Wholesale Inquiry,555.74,45.57,601.31,large
Cactus Stitch Handmade Co.,handmade_products,Q_3bddb246ad,HAND-Q00092,2025-12-20T14:45:00,2025-12-27T21:45:00,approved,CACC1033,Rowan Martin,commercial,Holiday Gift Bundle,243.66,19.98,263.64,large
Cactus Stitch Handmade Co.,handmade_products,Q_bd0245f167,HAND-Q00093,2025-12-21T15:45:00,2025-12-24T19:45:00,approved,CACC1004,Jordan Lee,residential,Small Batch Restock,47.47,3.89,51.36,small
Cactus Stitch Handmade Co.,handmade_products,Q_cd4feea5d3,HAND-Q00094,2025-12-21T07:45:00,2025-12-22T08:45:00,approved,CACC1010,Quinn Martinez,residential,Custom Crochet Order,282.32,23.15,305.47,large
Cactus Stitch Handmade Co.,handmade_products,Q_4913862f23,HAND-Q00095,2025-12-21T18:45:00,,sent,CACC1033,Rowan Martin,commercial,Holiday Gift Bundle,108.65,8.91,117.56,medium
Cactus Stitch Handmade Co.,handmade_products,Q_0e69b7f71b,HAND-Q00096,2025-12-21T16:00:00,2025-12-23T00:00:00,approved,CACC1034,Jamie Moore,commercial,Logo Patch Run,66.66,5.47,72.13,small
Cactus Stitch Handmade Co.,handmade_products,Q_7ad10a116a,HAND-Q00097,2025-12-21T11:45:00,2025-12-22T16:45:00,approved,CACC1022,Jamie Lee,residential,Small Batch Restock,396.7,32.53,429.23,large
Cactus Stitch Handmade Co.,handmade_products,Q_5ad911abf5,HAND-Q00098,2025-12-22T14:00:00,2025-12-23T20:00:00,approved,CACC1017,Sam Garcia,commercial,Wholesale Inquiry,58.58,4.8,63.38,small
Cactus Stitch Handmade Co.,handmade_products,Q_b963468058,HAND-Q00099,2025-12-22T14:15:00,2025-12-26T18:15:00,approved,CACC1008,Morgan Hernandez,commercial,Wholesale Inquiry,136.32,11.18,147.5,medium
Cactus Stitch Handmade Co.,handmade_products,Q_df8da01b79,HAND-Q00100,2025-12-24T08:45:00,,sent,CACC1015,Sam Wilson,commercial,Small Batch Restock,194.39,15.94,210.33,large
Cactus Stitch Handmade Co.,handmade_products,Q_e0134f3526,HAND-Q00101,2025-12-26T09:30:00,,sent,CACC1007,Avery Garcia,commercial,Custom Crochet Order,293.23,24.04,317.27,large
Cactus Stitch Handmade Co.,handmade_products,Q_3e71fef204,HAND-Q00102,2025-12-26T09:15:00,,no_response,CACC1003,Skyler Moore,residential,Custom Crochet Order,26.26,2.15,28.41,small
Cactus Stitch Handmade Co.,handmade_products,Q_4c769448aa,HAND-Q00103,2025-12-26T10:00:00,,declined,CACC1020,Drew Thomas,residential,Holiday Gift Bundle,409.78,33.6,443.38,large
Cactus Stitch Handmade Co.,handmade_products,Q_9b90d4f0df,HAND-Q00104,2025-12-26T14:30:00,,no_response,CACC1017,Sam Garcia,commercial,Wholesale Inquiry,94.22,7.73,101.95,medium
Cactus Stitch Handmade Co.,handmade_products,Q_38aea0693c,HAND-Q00105,2025-12-27T12:30:00,2025-12-30T20:30:00,approved,CACC1000,Taylor Thompson,residential,Holiday Gift Bundle,109.87,9.01,118.88,medium
Cactus Stitch Handmade Co.,handmade_products,Q_624c5a47ff,HAND-Q00106,2025-12-27T16:15:00,,no_response,CACC1016,Blake Martinez,residential,Wholesale Inquiry,252.69,20.72,273.41,large
Cactus Stitch Handmade Co.,handmade_products,Q_5166081f46,HAND-Q00107,2025-12-27T14:15:00,,no_response,CACC1000,Taylor Thompson,residential,Custom Crochet Order,123.79,10.15,133.94,medium
Cactus Stitch Handmade Co.,handmade_products,Q_2344940aa5,HAND-Q00108,2025-12-28T12:15:00,,declined,CACC1005,Quinn Smith,commercial,Small Batch Restock,130.95,10.74,141.69,medium
Cactus Stitch Handmade Co.,handmade_products,Q_fd801f075b,HAND-Q00109,2025-12-28T08:45:00,2025-12-29T09:45:00,approved,CACC1004,Jordan Lee,residential,Holiday Gift Bundle,182.13,14.93,197.06,large
Cactus Stitch Handmade Co.,handmade_products,Q_ed0e96d186,HAND-Q00110,2025-12-29T12:00:00,,no_response,CACC1017,Sam Garcia,commercial,Holiday Gift Bundle,110.61,9.07,119.68,medium
Cactus Stitch Handmade Co.,handmade_products,Q_c355b5351f,HAND-Q00111,2025-12-29T17:00:00,2026-01-04T00:00:00,approved,CACC1034,Jamie Moore,commercial,Holiday Gift Bundle,59.41,4.87,64.28,small
Cactus Stitch Handmade Co.,handmade_products,Q_4976413398,HAND-Q00112,2025-12-31T12:30:00,2026-01-02T17:30:00,approved,CACC1039,Morgan Wilson,residential,Logo Patch Run,113.6,9.32,122.92,medium
Cactus Stitch Handmade Co.,handmade_products,Q_f054c22eda,HAND-Q00113,2025-12-31T13:15:00,2026-01-01T15:15:00,approved,CACC1031,Riley Moore,residential,Holiday Gift Bundle,129.81,10.64,140.45,medium
Cactus Stitch Handmade Co.,handmade_products,Q_61599cb533,HAND-Q00114,2025-12-31T17:30:00,2026-01-03T00:30:00,approved,CACC1031,Riley Moore,residential,Holiday Gift Bundle,96.61,7.92,104.53,medium
Cactus Stitch Handmade Co.,handmade_products,Q_977636b11c,HAND-Q00115,2026-01-02T18:45:00,,declined,CACC1009,Taylor Thomas,commercial,Custom Crochet Order,85.44,7.01,92.45,medium
Cactus Stitch Handmade Co.,handmade_products,Q_9323dda259,HAND-Q00116,2026-01-02T14:15:00,,declined,CACC1026,Rowan Hernandez,commercial,Wholesale Inquiry,54.61,4.48,59.09,small
Cactus Stitch Handmade Co.,handmade_products,Q_5a95334a6a,HAND-Q00117,2026-01-04T15:00:00,,sent,CACC1025,Skyler Johnson,residential,Holiday Gift Bundle,97.37,7.98,105.35,medium
Cactus Stitch Handmade Co.,handmade_products,Q_143dc59a45,HAND-Q00118,2026-01-05T09:00:00,,declined,CACC1034,Jamie Moore,commercial,Logo Patch Run,87.12,7.14,94.26,medium
Cactus Stitch Handmade Co.,handmade_products,Q_8fb24975f8,HAND-Q00119,2026-01-07T08:15:00,,no_response,CACC1023,Reese Thompson,residential,Wholesale Inquiry,159.61,13.09,172.7,medium
Cactus Stitch Handmade Co.,handmade_products,Q_aa844be227,HAND-Q00120,2026-01-08T15:30:00,,no_response,CACC1020,Drew Thomas,residential,Logo Patch Run,232.74,19.08,251.82,large
Cactus Stitch Handmade Co.,handmade_products,Q_1b125b3dd7,HAND-Q00121,2026-01-09T15:00:00,2026-01-11T22:00:00,approved,CACC1035,Sam Jackson,commercial,Logo Patch Run,101.22,8.3,109.52,medium
Cactus Stitch Handmade Co.,handmade_products,Q_e84707abf4,HAND-Q00122,2026-01-09T14:30:00,,declined,CACC1036,Alex Martinez,commercial,Wholesale Inquiry,560.84,45.99,606.83,large
Cactus Stitch Handmade Co.,handmade_products,Q_ae89c894fb,HAND-Q00123,2026-01-09T10:30:00,,declined,CACC1003,Skyler Moore,residential,Holiday Gift Bundle,247.22,20.27,267.49,large
Cactus Stitch Handmade Co.,handmade_products,Q_e8864f39b6,HAND-Q00124,2026-01-09T14:45:00,,declined,CACC1009,Taylor Thomas,commercial,Custom Crochet Order,173.54,14.23,187.77,medium
Cactus Stitch Handmade Co.,handmade_products,Q_edb1ad5598,HAND-Q00125,2026-01-10T11:00:00,,declined,CACC1030,Quinn Jackson,residential,Custom Crochet Order,87.24,7.15,94.39,medium
Cactus Stitch Handmade Co.,handmade_products,Q_3e10131b5d,HAND-Q00126,2026-01-10T10:15:00,,no_response,CACC1029,Jamie Davis,residential,Custom Crochet Order,39.78,3.26,43.04,small
Cactus Stitch Handmade Co.,handmade_products,Q_33f5d6f3c4,HAND-Q00127,2026-01-11T09:15:00,,no_response,CACC1001,Casey Davis,residential,Custom Crochet Order,70.3,5.76,76.06,medium
Cactus Stitch Handmade Co.,handmade_products,Q_5a8bc26e1b,HAND-Q00128,2026-01-11T10:30:00,,declined,CACC1003,Skyler Moore,residential,Small Batch Restock,169.89,13.93,183.82,medium
Cactus Stitch Handmade Co.,handmade_products,Q_40478b3192,HAND-Q00129,2026-01-13T18:15:00,,no_response,CACC1000,Taylor Thompson,residential,Custom Crochet Order,100.38,8.23,108.61,medium
Cactus Stitch Handmade Co.,handmade_products,Q_950d4cfb11,HAND-Q00130,2026-01-13T08:30:00,2026-01-16T10:30:00,approved,CACC1012,Jamie Garcia,residential,Logo Patch Run,56.01,4.59,60.6,small
Cactus Stitch Handmade Co.,handmade_products,Q_a437e843a0,HAND-Q00131,2026-01-13T07:00:00,2026-01-14T13:00:00,approved,CACC1034,Jamie Moore,commercial,Logo Patch Run,366.92,30.09,397.01,large
Cactus Stitch Handmade Co.,handmade_products,Q_f467eedc73,HAND-Q00132,2026-01-14T15:45:00,,declined,CACC1039,Morgan Wilson,residential,Logo Patch Run,478.03,39.2,517.23,large
Cactus Stitch Handmade Co.,handmade_products,Q_59725a61cd,HAND-Q00133,2026-01-15T08:45:00,2026-01-17T16:45:00,approved,CACC1023,Reese Thompson,residential,Small Batch Restock,146.82,12.04,158.86,medium
Cactus Stitch Handmade Co.,handmade_products,Q_e16bc4cc8b,HAND-Q00134,2026-01-15T12:15:00,,declined,CACC1009,Taylor Thomas,commercial,Small Batch Restock,192.29,15.77,208.06,large
Cactus Stitch Handmade Co.,handmade_products,Q_ebf7c7e0ae,HAND-Q00135,2026-01-15T17:45:00,,sent,CACC1027,Jordan Johnson,commercial,Small Batch Restock,134.29,11.01,145.3,medium
Cactus Stitch Handmade Co.,handmade_products,Q_8d9b7c2b8c,HAND-Q00136,2026-01-16T09:00:00,,declined,CACC1023,Reese Thompson,residential,Custom Crochet Order,225.91,18.52,244.43,large
Cactus Stitch Handmade Co.,handmade_products,Q_600955643e,HAND-Q00137,2026-01-17T17:30:00,,declined,CACC1038,Blake Martinez,residential,Small Batch Restock,317.66,26.05,343.71,large
Cactus Stitch Handmade Co.,handmade_products,Q_a4431721b6,HAND-Q00138,2026-01-18T11:45:00,2026-01-21T19:45:00,approved,CACC1021,Blake Johnson,residential,Small Batch Restock,189.8,15.56,205.36,large
Cactus Stitch Handmade Co.,handmade_products,Q_2e5236b867,HAND-Q00139,2026-01-19T13:45:00,,no_response,CACC1032,Sam Hernandez,commercial,Custom Crochet Order,73.77,6.05,79.82,medium
Cactus Stitch Handmade Co.,handmade_products,Q_9de04097ed,HAND-Q00140,2026-01-21T18:45:00,,no_response,CACC1007,Avery Garcia,commercial,Custom Crochet Order,146.41,12.01,158.42,medium
Cactus Stitch Handmade Co.,handmade_products,Q_97028ee51a,HAND-Q00141,2026-01-21T14:45:00,,no_response,CACC1027,Jordan Johnson,commercial,Wholesale Inquiry,454.82,37.3,492.12,large
Cactus Stitch Handmade Co.,handmade_products,Q_d47a361d7c,HAND-Q00142,2026-01-21T18:00:00,,sent,CACC1013,Jordan Thompson,residential,Wholesale Inquiry,217.33,17.82,235.15,large
Cactus Stitch Handmade Co.,handmade_products,Q_ecfbeaf4a9,HAND-Q00143,2026-01-22T11:00:00,,sent,CACC1008,Morgan Hernandez,commercial,Custom Crochet Order,246.98,20.25,267.23,large
Cactus Stitch Handmade Co.,handmade_products,Q_9ed7e4f9df,HAND-Q00144,2026-01-24T13:45:00,,declined,CACC1030,Quinn Jackson,residential,Logo Patch Run,222.55,18.25,240.8,large
Cactus Stitch Handmade Co.,handmade_products,Q_3bd6196423,HAND-Q00145,2026-01-25T16:00:00,,sent,CACC1026,Rowan Hernandez,commercial,Custom Crochet Order,125.39,10.28,135.67,medium
Cactus Stitch Handmade Co.,handmade_products,Q_c94103760c,HAND-Q00146,2026-01-28T12:45:00,,declined,CACC1034,Jamie Moore,commercial,Custom Crochet Order,126.74,10.39,137.13,medium
Cactus Stitch Handmade Co.,handmade_products,Q_545275ff87,HAND-Q00147,2026-01-28T10:00:00,,sent,CACC1036,Alex Martinez,commercial,Small Batch Restock,150.62,12.35,162.97,medium
Cactus Stitch Handmade Co.,handmade_products,Q_f7b4bed03c,HAND-Q00148,2026-01-29T15:45:00,,no_response,CACC1007,Avery Garcia,commercial,Wholesale Inquiry,202.51,16.61,219.12,large
Cactus Stitch Handmade Co.,handmade_products,Q_07e8748306,HAND-Q00149,2026-01-29T15:30:00,2026-01-31T19:30:00,approved,CACC1012,Jamie Garcia,residential,Logo Patch Run,210.05,17.22,227.27,large
