company,quote_id,line_index,item_name,category,qty,unit,unit_price,unit_cost_est,ext_price
Cactus Stitch Handmade Co.,Q_3e98c805f7,1,Handmade Plushie,product,1,each,22.63,8.6,22.63
Cactus Stitch Handmade Co.,Q_3e98c805f7,2,Gift Packaging,supplies,1,each,22.63,8.6,22.63
Cactus Stitch Handmade Co.,Q_3e98c805f7,3,Gift Packaging,supplies,3,each,7.54,2.87,22.62
Cactus Stitch Handmade Co.,Q_80bedc7176,1,Custom Blanket,product,2,each,12.81,4.87,25.62
Cactus Stitch Handmade Co.,Q_80bedc7176,2,Gift Packaging,supplies,1,each,25.61,9.73,25.61
Cactus Stitch Handmade Co.,Q_80bedc7176,3,Crochet Hat,product,3,each,8.54,3.25,25.62
Cactus Stitch Handmade Co.,Q_80bedc7176,4,Handmade Plushie,product,2,each,12.8,4.86,25.6
Cactus Stitch Handmade Co.,Q_54ef67432c,1,Custom Blanket,product,3,each,20.68,7.86,62.04
Cactus Stitch Handmade Co.,Q_54ef67432c,2,Crochet Hat,product,1,each,62.06,23.58,62.06
Cactus Stitch Handmade Co.,Q_54ef67432c,3,Handmade Plushie,product,2,each,31.03,11.79,62.06
Cactus Stitch Handmade Co.,Q_0225b282aa,1,Custom Blanket,product,1,each,39.07,14.85,39.07
Cactus Stitch Handmade Co.,Q_0225b282aa,2,Gift Packaging,supplies,3,each,13.02,4.95,39.06
Cactus Stitch Handmade Co.,Q_0225b282aa,3,Handmade Plushie,product,3,each,13.02,4.95,39.06
Cactus Stitch Handmade Co.,Q_62f3948d92,1,Crochet Hat,product,1,each,45.93,17.45,45.93
Cactus Stitch Handmade Co.,Q_62f3948d92,2,Gift Packaging,supplies,3,each,15.31,5.82,45.93
Cactus Stitch Handmade Co.,Q_62f3948d92,3,Crochet Hat,product,2,each,22.96,8.72,45.92
Cactus Stitch Handmade Co.,Q_62f3948d92,4,Gift Packaging,supplies,3,each,15.31,5.82,45.93
Cactus Stitch Handmade Co.,Q_62f3948d92,5,Crochet Hat,product,3,each,15.31,5.82,45.93
Cactus Stitch Handmade Co.,Q_20aa7fffce,1,Handmade Plushie,product,2,each,100.81,38.31,201.62
Cactus Stitch Handmade Co.,Q_20aa7fffce,2,Gift Packaging,supplies,1,each,201.62,76.62,201.62
Cactus Stitch Handmade Co.,Q_04e8498011,1,Crochet Hat,product,1,each,40.49,15.39,40.49
Cactus Stitch Handmade Co.,Q_04e8498011,2,Shipping,shipping,2,each,20.25,7.7,40.5
Cactus Stitch Handmade Co.,Q_04e8498011,3,Shipping,shipping,1,each,40.49,15.39,40.49
Cactus Stitch Handmade Co.,Q_04e8498011,4,Gift Packaging,supplies,1,each,40.49,15.39,40.49
Cactus Stitch Handmade Co.,Q_7d86c5c393,1,Handmade Plushie,product,1,each,74.81,28.43,74.81
Cactus Stitch Handmade Co.,Q_7d86c5c393,2,Crochet Hat,product,3,each,24.94,9.48,74.82
Cactus Stitch Handmade Co.,Q_ac0b674f31,1,Custom Blanket,product,1,each,194.78,74.02,194.78
Cactus Stitch Handmade Co.,Q_ac0b674f31,2,Shipping,shipping,1,each,194.79,74.02,194.79
Cactus Stitch Handmade Co.,Q_01ce611e69,1,Handmade Plushie,product,2,each,12.81,4.87,25.62
Cactus Stitch Handmade Co.,Q_01ce611e69,2,Shipping,shipping,3,each,8.54,3.25,25.62
Cactus Stitch Handmade Co.,Q_01ce611e69,3,Handmade Plushie,product,1,each,25.62,9.74,25.62
Cactus Stitch Handmade Co.,Q_1180537519,1,Handmade Plushie,product,2,each,12.27,4.66,24.54
Cactus Stitch Handmade Co.,Q_1180537519,2,Handmade Plushie,product,1,each,24.53,9.32,24.53
Cactus Stitch Handmade Co.,Q_1180537519,3,Gift Packaging,supplies,1,each,24.53,9.32,24.53
Cactus Stitch Handmade Co.,Q_1180537519,4,Custom Blanket,product,1,each,24.54,9.33,24.54
Cactus Stitch Handmade Co.,Q_241702fc56,1,Crochet Hat,product,1,each,376.73,143.16,376.73
Cactus Stitch Handmade Co.,Q_241702fc56,2,Shipping,shipping,2,each,188.36,71.58,376.72
Cactus Stitch Handmade Co.,Q_89aa5eb89d,1,Handmade Plushie,product,1,each,69.95,26.58,69.95
Cactus Stitch Handmade Co.,Q_89aa5eb89d,2,Custom Blanket,product,1,each,69.96,26.58,69.96
Cactus Stitch Handmade Co.,Q_89aa5eb89d,3,Custom Blanket,product,1,each,69.95,26.58,69.95
Cactus Stitch Handmade Co.,Q_f491124eae,1,Shipping,shipping,1,each,87.53,33.26,87.53
Cactus Stitch Handmade Co.,Q_f491124eae,2,Crochet Hat,product,1,each,87.54,33.27,87.54
Cactus Stitch Handmade Co.,Q_6fca4d1c20,1,Shipping,shipping,1,each,37.22,14.14,37.22
Cactus Stitch Handmade Co.,Q_6fca4d1c20,2,Gift Packaging,supplies,1,each,37.22,14.14,37.22
Cactus Stitch Handmade Co.,Q_6fca4d1c20,3,Shipping,shipping,1,each,37.22,14.14,37.22
Cactus Stitch Handmade Co.,Q_fb90712076,1,Custom Blanket,product,3,each,5.0,1.9,15.0
Cactus Stitch Handmade Co.,Q_fb90712076,2,Crochet Hat,product,2,each,7.05,2.68,14.1
Cactus Stitch Handmade Co.,Q_fb90712076,3,Crochet Hat,product,3,each,5.0,1.9,15.0
Cactus Stitch Handmade Co.,Q_cccad5ebfa,1,Crochet Hat,product,1,each,47.73,18.14,47.73
Cactus Stitch Handmade Co.,Q_cccad5ebfa,2,Crochet Hat,product,1,each,47.72,18.13,47.72
Cactus Stitch Handmade Co.,Q_6c2e2e03e7,1,Crochet Hat,product,1,each,36.06,13.7,36.06
Cactus Stitch Handmade Co.,Q_6c2e2e03e7,2,Handmade Plushie,product,3,each,12.02,4.57,36.06
Cactus Stitch Handmade Co.,Q_0b6fae40be,1,Custom Blanket,product,1,each,60.66,23.05,60.66
Cactus Stitch Handmade Co.,Q_0b6fae40be,2,Gift Packaging,supplies,1,each,60.65,23.05,60.65
Cactus Stitch Handmade Co.,Q_92a03065c7,1,Crochet Hat,product,1,each,83.36,31.68,83.36
Cactus Stitch Handmade Co.,Q_92a03065c7,2,Gift Packaging,supplies,1,each,83.37,31.68,83.37
Cactus Stitch Handmade Co.,Q_92a03065c7,3,Custom Blanket,product,2,each,41.68,15.84,83.36
Cactus Stitch Handmade Co.,Q_6db032a4da,1,Gift Packaging,supplies,3,each,6.55,2.49,19.65
Cactus Stitch Handmade Co.,Q_6db032a4da,2,Gift Packaging,supplies,1,each,19.66,7.47,19.66
Cactus Stitch Handmade Co.,Q_6db032a4da,3,Gift Packaging,supplies,1,each,19.65,7.47,19.65
Cactus Stitch Handmade Co.,Q_02741f92fd,1,Gift Packaging,supplies,3,each,5.0,1.9,15.0
Cactus Stitch Handmade Co.,Q_02741f92fd,2,Shipping,shipping,3,each,5.0,1.9,15.0
Cactus Stitch Handmade Co.,Q_02741f92fd,3,Shipping,shipping,3,each,5.0,1.9,15.0
Cactus Stitch Handmade Co.,Q_02741f92fd,4,Handmade Plushie,product,3,each,5.0,1.9,15.0
Cactus Stitch Handmade Co.,Q_9f484dafb9,1,Handmade Plushie,product,3,each,6.79,2.58,20.37
Cactus Stitch Handmade Co.,Q_9f484dafb9,2,Gift Packaging,supplies,3,each,6.79,2.58,20.37
Cactus Stitch Handmade Co.,Q_9f484dafb9,3,Handmade Plushie,product,1,each,20.37,7.74,20.37
Cactus Stitch Handmade Co.,Q_9f484dafb9,4,Custom Blanket,product,2,each,10.19,3.87,20.38
Cactus Stitch Handmade Co.,Q_9f484dafb9,5,Gift Packaging,supplies,1,each,20.37,7.74,20.37
Cactus Stitch Handmade Co.,Q_20bd195c58,1,Handmade Plushie,product,3,each,21.22,8.06,63.66
Cactus Stitch Handmade Co.,Q_20bd195c58,2,Handmade Plushie,product,1,each,63.66,24.19,63.66
Cactus Stitch Handmade Co.,Q_20bd195c58,3,Shipping,shipping,3,each,21.22,8.06,63.66
Cactus Stitch Handmade Co.,Q_20bd195c58,4,Crochet Hat,product,2,each,31.84,12.1,63.68
Cactus Stitch Handmade Co.,Q_20bd195c58,5,Gift Packaging,supplies,1,each,63.66,24.19,63.66
Cactus Stitch Handmade Co.,Q_e8e090cdb3,1,Custom Blanket,product,1,each,21.59,8.2,21.59
Cactus Stitch Handmade Co.,Q_e8e090cdb3,2,Handmade Plushie,product,1,each,21.59,8.2,21.59
Cactus Stitch Handmade Co.,Q_e8e090cdb3,3,Handmade Plushie,product,2,each,10.79,4.1,21.58
Cactus Stitch Handmade Co.,Q_e8e090cdb3,4,Custom Blanket,product,1,each,21.6,8.21,21.6
Cactus Stitch Handmade Co.,Q_95baa57837,1,Handmade Plushie,product,1,each,49.84,18.94,49.84
Cactus Stitch Handmade Co.,Q_95baa57837,2,Custom Blanket,product,3,each,16.61,6.31,49.83
Cactus Stitch Handmade Co.,Q_95baa57837,3,Crochet Hat,product,1,each,49.84,18.94,49.84
Cactus Stitch Handmade Co.,Q_95baa57837,4,Crochet Hat,product,1,each,49.84,18.94,49.84
Cactus Stitch Handmade Co.,Q_95baa57837,5,Handmade Plushie,product,2,each,24.92,9.47,49.84
Cactus Stitch Handmade Co.,Q_2a5612d290,1,Handmade Plushie,product,3,each,7.42,2.82,22.26
Cactus Stitch Handmade Co.,Q_2a5612d290,2,Custom Blanket,product,1,each,22.24,8.45,22.24
Cactus Stitch Handmade Co.,Q_2a5612d290,3,Gift Packaging,supplies,2,each,11.12,4.23,22.24
Cactus Stitch Handmade Co.,Q_db3379d81a,1,Gift Packaging,supplies,2,each,6.84,2.6,13.68
Cactus Stitch Handmade Co.,Q_db3379d81a,2,Gift Packaging,supplies,1,each,13.68,5.2,13.68
Cactus Stitch Handmade Co.,Q_db3379d81a,3,Shipping,shipping,3,each,5.0,1.9,15.0
Cactus Stitch Handmade Co.,Q_db3379d81a,4,Handmade Plushie,product,1,each,13.02,4.95,13.02
Cactus Stitch Handmade Co.,Q_db3379d81a,5,Shipping,shipping,1,each,13.03,4.95,13.03
Cactus Stitch Handmade Co.,Q_7495184dfd,1,Crochet Hat,product,1,each,28.96,11.0,28.96
Cactus Stitch Handmade Co.,Q_7495184dfd,2,Shipping,shipping,3,each,9.65,3.67,28.95
Cactus Stitch Handmade Co.,Q_a411e36c32,1,Crochet Hat,product,1,each,32.13,12.21,32.13
Cactus Stitch Handmade Co.,Q_a411e36c32,2,Shipping,shipping,3,each,10.71,4.07,32.13
Cactus Stitch Handmade Co.,Q_a411e36c32,3,Shipping,shipping,3,each,10.71,4.07,32.13
Cactus Stitch Handmade Co.,Q_f8008b29f9,1,Custom Blanket,product,1,each,316.38,120.22,316.38
Cactus Stitch Handmade Co.,Q_f8008b29f9,2,Gift Packaging,supplies,1,each,316.38,120.22,316.38
Cactus Stitch Handmade Co.,Q_f8008b29f9,3,Gift Packaging,supplies,3,each,105.46,40.07,316.38
Cactus Stitch Handmade Co.,Q_f8008b29f9,4,Handmade Plushie,product,1,each,316.37,120.22,316.37
Cactus Stitch Handmade Co.,Q_be992e50ef,1,Crochet Hat,product,3,each,7.8,2.96,23.4
Cactus Stitch Handmade Co.,Q_be992e50ef,2,Handmade Plushie,product,1,each,23.4,8.89,23.4
Cactus Stitch Handmade Co.,Q_be992e50ef,3,Shipping,shipping,3,each,7.8,2.96,23.4
Cactus Stitch Handmade Co.,Q_cf6139e50d,1,Shipping,shipping,3,each,6.91,2.63,20.73
Cactus Stitch Handmade Co.,Q_cf6139e50d,2,Shipping,shipping,1,each,20.75,7.88,20.75
Cactus Stitch Handmade Co.,Q_cf6139e50d,3,Crochet Hat,product,3,each,6.91,2.63,20.73
Cactus Stitch Handmade Co.,Q_cf6139e50d,4,Shipping,shipping,2,each,10.38,3.94,20.76
Cactus Stitch Handmade Co.,Q_90aa76ea56,1,Custom Blanket,product,1,each,42.83,16.28,42.83
Cactus Stitch Handmade Co.,Q_90aa76ea56,2,Handmade Plushie,product,1,each,42.83,16.28,42.83
Cactus Stitch Handmade Co.,Q_90aa76ea56,3,Handmade Plushie,product,2,each,21.42,8.14,42.84
Cactus Stitch Handmade Co.,Q_1b7563e671,1,Custom Blanket,product,3,each,5.86,2.23,17.58
Cactus Stitch Handmade Co.,Q_1b7563e671,2,Crochet Hat,product,1,each,17.6,6.69,17.6
Cactus Stitch Handmade Co.,Q_1b7563e671,3,Crochet Hat,product,1,each,17.6,6.69,17.6
Cactus Stitch Handmade Co.,Q_1b7563e671,4,Custom Blanket,product,1,each,17.6,6.69,17.6
Cactus Stitch Handmade Co.,Q_1e7778e0ff,1,Gift Packaging,supplies,3,each,5.0,1.9,15.0
Cactus Stitch Handmade Co.,Q_1e7778e0ff,2,Shipping,shipping,1,each,13.56,5.15,13.56
Cactus Stitch Handmade Co.,Q_1e7778e0ff,3,Crochet Hat,product,1,each,13.56,5.15,13.56
Cactus Stitch Handmade Co.,Q_1e7778e0ff,4,Custom Blanket,product,1,each,13.57,5.16,13.57
Cactus Stitch Handmade Co.,Q_72d1016a96,1,Gift Packaging,supplies,1,each,18.88,7.17,18.88
Cactus Stitch Handmade Co.,Q_72d1016a96,2,Gift Packaging,supplies,3,each,6.29,2.39,18.87
Cactus Stitch Handmade Co.,Q_72d1016a96,3,Custom Blanket,product,2,each,9.45,3.59,18.9
Cactus Stitch Handmade Co.,Q_682b4fb38b,1,Custom Blanket,product,1,each,43.92,16.69,43.92
Cactus Stitch Handmade Co.,Q_682b4fb38b,2,Crochet Hat,product,1,each,43.93,16.69,43.93
Cactus Stitch Handmade Co.,Q_682b4fb38b,3,Handmade Plushie,product,1,each,43.92,16.69,43.92
Cactus Stitch Handmade Co.,Q_682b4fb38b,4,Gift Packaging,supplies,3,each,14.64,5.56,43.92
Cactus Stitch Handmade Co.,Q_ca1c82c71f,1,Gift Packaging,supplies,1,each,20.82,7.91,20.82
Cactus Stitch Handmade Co.,Q_ca1c82c71f,2,Gift Packaging,supplies,1,each,20.82,7.91,20.82
Cactus Stitch Handmade Co.,Q_ca1c82c71f,3,Custom Blanket,product,2,each,10.41,3.96,20.82
Cactus Stitch Handmade Co.,Q_ca1c82c71f,4,Custom Blanket,product,1,each,20.83,7.92,20.83
Cactus Stitch Handmade Co.,Q_665b8807b4,1,Shipping,shipping,1,each,38.33,14.57,38.33
Cactus Stitch Handmade Co.,Q_665b8807b4,2,Gift Packaging,supplies,3,each,12.78,4.86,38.34
Cactus Stitch Handmade Co.,Q_665b8807b4,3,Crochet Hat,product,1,each,38.33,14.57,38.33
Cactus Stitch Handmade Co.,Q_665b8807b4,4,Custom Blanket,product,2,each,19.16,7.28,38.32
Cactus Stitch Handmade Co.,Q_665b8807b4,5,Shipping,shipping,1,each,38.34,14.57,38.34
Cactus Stitch Handmade Co.,Q_0c1ae015e4,1,Crochet Hat,product,1,each,43.06,16.36,43.06
Cactus Stitch Handmade Co.,Q_0c1ae015e4,2,Gift Packaging,supplies,2,each,21.53,8.18,43.06
Cactus Stitch Handmade Co.,Q_0c1ae015e4,3,Shipping,shipping,1,each,43.06,16.36,43.06
Cactus Stitch Handmade Co.,Q_0b596a08b0,1,Custom Blanket,product,2,each,50.02,19.01,100.04
Cactus Stitch Handmade Co.,Q_0b596a08b0,2,Handmade Plushie,product,1,each,100.06,38.02,100.06
Cactus Stitch Handmade Co.,Q_0f4c797731,1,Custom Blanket,product,1,each,125.78,47.8,125.78
Cactus Stitch Handmade Co.,Q_0f4c797731,2,Crochet Hat,product,1,each,125.78,47.8,125.78
Cactus Stitch Handmade Co.,Q_0f4c797731,3,Custom Blanket,product,3,each,41.93,15.93,125.79
Cactus Stitch Handmade Co.,Q_e746186df6,1,Custom Blanket,product,1,each,52.93,20.11,52.93
Cactus Stitch Handmade Co.,Q_e746186df6,2,Handmade Plushie,product,3,each,17.64,6.7,52.92
Cactus Stitch Handmade Co.,Q_e746186df6,3,Shipping,shipping,3,each,17.64,6.7,52.92
Cactus Stitch Handmade Co.,Q_78f490ce82,1,Shipping,shipping,1,each,43.05,18.08,43.05
Cactus Stitch Handmade Co.,Q_78f490ce82,2,Crochet Hat,product,1,each,43.06,18.09,43.06
Cactus Stitch Handmade Co.,Q_78f490ce82,3,Custom Blanket,product,3,each,14.35,6.03,43.05
Cactus Stitch Handmade Co.,Q_78f490ce82,4,Custom Blanket,product,3,each,14.35,6.03,43.05
Cactus Stitch Handmade Co.,Q_1358489a14,1,Gift Packaging,supplies,2,each,93.11,39.11,186.22
Cactus Stitch Handmade Co.,Q_1358489a14,2,Crochet Hat,product,3,each,62.08,26.07,186.24
Cactus Stitch Handmade Co.,Q_df4b069274,1,Crochet Hat,product,3,each,5.0,2.1,15.0
Cactus Stitch Handmade Co.,Q_df4b069274,2,Handmade Plushie,product,2,each,5.4,2.27,10.8
Cactus Stitch Handmade Co.,Q_df4b069274,3,Shipping,shipping,1,each,10.81,4.54,10.81
Cactus Stitch Handmade Co.,Q_df4b069274,4,Handmade Plushie,product,2,each,5.41,2.27,10.82
Cactus Stitch Handmade Co.,Q_56f2c91ba2,1,Shipping,shipping,1,each,18.32,7.69,18.32
Cactus Stitch Handmade Co.,Q_56f2c91ba2,2,Custom Blanket,product,2,each,9.16,3.85,18.32
Cactus Stitch Handmade Co.,Q_56f2c91ba2,3,Crochet Hat,product,1,each,18.32,7.69,18.32
Cactus Stitch Handmade Co.,Q_ad27b09d00,1,Handmade Plushie,product,1,each,6.27,2.63,6.27
Cactus Stitch Handmade Co.,Q_ad27b09d00,2,Gift Packaging,supplies,2,each,5.0,2.1,10.0
Cactus Stitch Handmade Co.,Q_ad27b09d00,3,Crochet Hat,product,1,each,5.03,2.11,5.03
Cactus Stitch Handmade Co.,Q_ad27b09d00,4,Custom Blanket,product,3,each,5.0,2.1,15.0
Cactus Stitch Handmade Co.,Q_ad27b09d00,5,Shipping,shipping,1,each,5.0,2.1,5.0
Cactus Stitch Handmade Co.,Q_0f71d563a2,1,Shipping,shipping,1,each,97.08,40.77,97.08
Cactus Stitch Handmade Co.,Q_0f71d563a2,2,Custom Blanket,product,3,each,32.36,13.59,97.08
Cactus Stitch Handmade Co.,Q_0f71d563a2,3,Gift Packaging,supplies,2,each,48.54,20.39,97.08
Cactus Stitch Handmade Co.,Q_0f71d563a2,4,Shipping,shipping,2,each,48.54,20.39,97.08
Cactus Stitch Handmade Co.,Q_21cc978bbe,1,Handmade Plushie,product,1,each,31.38,13.18,31.38
Cactus Stitch Handmade Co.,Q_21cc978bbe,2,Crochet Hat,product,3,each,10.46,4.39,31.38
Cactus Stitch Handmade Co.,Q_21cc978bbe,3,Gift Packaging,supplies,2,each,15.69,6.59,31.38
Cactus Stitch Handmade Co.,Q_21cc978bbe,4,Shipping,shipping,1,each,31.38,13.18,31.38
Cactus Stitch Handmade Co.,Q_21cc978bbe,5,Shipping,shipping,1,each,31.38,13.18,31.38
Cactus Stitch Handmade Co.,Q_c56592d941,1,Gift Packaging,supplies,1,each,26.34,11.06,26.34
Cactus Stitch Handmade Co.,Q_c56592d941,2,Custom Blanket,product,2,each,13.17,5.53,26.34
Cactus Stitch Handmade Co.,Q_f1a8400a9b,1,Crochet Hat,product,1,each,39.91,16.76,39.91
Cactus Stitch Handmade Co.,Q_f1a8400a9b,2,Shipping,shipping,1,each,39.92,16.77,39.92
Cactus Stitch Handmade Co.,Q_2abbb36166,1,Crochet Hat,product,1,each,45.79,19.23,45.79
Cactus Stitch Handmade Co.,Q_2abbb36166,2,Custom Blanket,product,3,each,15.26,6.41,45.78
Cactus Stitch Handmade Co.,Q_2abbb36166,3,Custom Blanket,product,2,each,22.9,9.62,45.8
Cactus Stitch Handmade Co.,Q_ff7900ea5b,1,Crochet Hat,product,1,each,27.1,11.38,27.1
Cactus Stitch Handmade Co.,Q_ff7900ea5b,2,Handmade Plushie,product,1,each,27.1,11.38,27.1
Cactus Stitch Handmade Co.,Q_ff7900ea5b,3,Shipping,shipping,1,each,27.1,11.38,27.1
Cactus Stitch Handmade Co.,Q_ff7900ea5b,4,Handmade Plushie,product,3,each,9.03,3.79,27.09
Cactus Stitch Handmade Co.,Q_ff7900ea5b,5,Custom Blanket,product,1,each,27.1,11.38,27.1
Cactus Stitch Handmade Co.,Q_ff9f73434f,1,Custom Blanket,product,2,each,13.14,5.52,26.28
Cactus Stitch Handmade Co.,Q_ff9f73434f,2,Gift Packaging,supplies,2,each,13.15,5.52,26.3
Cactus Stitch Handmade Co.,Q_ff9f73434f,3,Gift Packaging,supplies,3,each,8.76,3.68,26.28
Cactus Stitch Handmade Co.,Q_ff9f73434f,4,Crochet Hat,product,1,each,26.29,11.04,26.29
Cactus Stitch Handmade Co.,Q_ff9f73434f,5,Gift Packaging,supplies,1,each,26.3,11.05,26.3
Cactus Stitch Handmade Co.,Q_c74baf97a8,1,Custom Blanket,product,1,each,62.07,26.07,62.07
Cactus Stitch Handmade Co.,Q_c74baf97a8,2,Crochet Hat,product,1,each,62.06,26.07,62.06
Cactus Stitch Handmade Co.,Q_c74baf97a8,3,Handmade Plushie,product,1,each,62.07,26.07,62.07
Cactus Stitch Handmade Co.,Q_7db81b7b5c,1,Shipping,shipping,2,each,18.93,7.95,37.86
Cactus Stitch Handmade Co.,Q_7db81b7b5c,2,Shipping,shipping,1,each,37.86,15.9,37.86
Cactus Stitch Handmade Co.,Q_7db81b7b5c,3,Gift Packaging,supplies,3,each,12.62,5.3,37.86
Cactus Stitch Handmade Co.,Q_7db81b7b5c,4,Gift Packaging,supplies,3,each,12.62,5.3,37.86
Cactus Stitch Handmade Co.,Q_7db81b7b5c,5,Gift Packaging,supplies,2,each,18.93,7.95,37.86
Cactus Stitch Handmade Co.,Q_754e6a5323,1,Shipping,shipping,2,each,38.59,16.21,77.18
Cactus Stitch Handmade Co.,Q_754e6a5323,2,Crochet Hat,product,3,each,25.73,10.81,77.19
Cactus Stitch Handmade Co.,Q_778e697f28,1,Custom Blanket,product,1,each,6.23,2.62,6.23
Cactus Stitch Handmade Co.,Q_778e697f28,2,Shipping,shipping,2,each,5.0,2.1,10.0
Cactus Stitch Handmade Co.,Q_778e697f28,3,Handmade Plushie,product,1,each,5.0,2.1,5.0
Cactus Stitch Handmade Co.,Q_778e697f28,4,Shipping,shipping,1,each,5.0,2.1,5.0
Cactus Stitch Handmade Co.,Q_778e697f28,5,Gift Packaging,supplies,3,each,5.0,2.1,15.0
Cactus Stitch Handmade Co.,Q_9125dbfa51,1,Shipping,shipping,1,each,19.06,8.01,19.06
Cactus Stitch Handmade Co.,Q_9125dbfa51,2,Custom Blanket,product,3,each,6.35,2.67,19.05
Cactus Stitch Handmade Co.,Q_9125dbfa51,3,Handmade Plushie,product,2,each,9.54,4.01,19.08
Cactus Stitch Handmade Co.,Q_9125dbfa51,4,Gift Packaging,supplies,3,each,6.35,2.67,19.05
Cactus Stitch Handmade Co.,Q_894d589c72,1,Shipping,shipping,1,each,21.01,8.82,21.01
Cactus Stitch Handmade Co.,Q_894d589c72,2,Handmade Plushie,product,2,each,10.5,4.41,21.0
Cactus Stitch Handmade Co.,Q_894d589c72,3,Shipping,shipping,1,each,21.01,8.82,21.01
Cactus Stitch Handmade Co.,Q_894d589c72,4,Shipping,shipping,1,each,21.01,8.82,21.01
Cactus Stitch Handmade Co.,Q_daab41f59e,1,Custom Blanket,product,1,each,58.66,24.64,58.66
Cactus Stitch Handmade Co.,Q_daab41f59e,2,Crochet Hat,product,3,each,19.56,8.22,58.68
Cactus Stitch Handmade Co.,Q_62d27e0c69,1,Gift Packaging,supplies,1,each,82.68,34.73,82.68
Cactus Stitch Handmade Co.,Q_62d27e0c69,2,Crochet Hat,product,1,each,82.69,34.73,82.69
Cactus Stitch Handmade Co.,Q_62d27e0c69,3,Crochet Hat,product,2,each,41.34,17.36,82.68
Cactus Stitch Handmade Co.,Q_2422333015,1,Shipping,shipping,1,each,12.15,5.1,12.15
Cactus Stitch Handmade Co.,Q_2422333015,2,Gift Packaging,supplies,2,each,6.08,2.55,12.16
Cactus Stitch Handmade Co.,Q_2422333015,3,Gift Packaging,supplies,1,each,12.15,5.1,12.15
Cactus Stitch Handmade Co.,Q_cf71db5cde,1,Handmade Plushie,product,1,each,45.04,18.92,45.04
Cactus Stitch Handmade Co.,Q_cf71db5cde,2,Handmade Plushie,product,1,each,45.04,18.92,45.04
Cactus Stitch Handmade Co.,Q_cf71db5cde,3,Crochet Hat,product,2,each,22.52,9.46,45.04
Cactus Stitch Handmade Co.,Q_cf71db5cde,4,Gift Packaging,supplies,2,each,22.53,9.46,45.06
Cactus Stitch Handmade Co.,Q_2e2d74677d,1,Handmade Plushie,product,1,each,25.63,10.76,25.63
Cactus Stitch Handmade Co.,Q_2e2d74677d,2,Gift Packaging,supplies,2,each,12.81,5.38,25.62
Cactus Stitch Handmade Co.,Q_2e2d74677d,3,Custom Blanket,product,3,each,8.54,3.59,25.62
Cactus Stitch Handmade Co.,Q_2e2d74677d,4,Handmade Plushie,product,1,each,25.63,10.76,25.63
Cactus Stitch Handmade Co.,Q_2e2d74677d,5,Shipping,shipping,1,each,25.64,10.77,25.64
Cactus Stitch Handmade Co.,Q_8cccff0a86,1,Handmade Plushie,product,1,each,39.44,16.56,39.44
Cactus Stitch Handmade Co.,Q_8cccff0a86,2,Shipping,shipping,2,each,19.72,8.28,39.44
Cactus Stitch Handmade Co.,Q_8cccff0a86,3,Gift Packaging,supplies,1,each,39.44,16.56,39.44
Cactus Stitch Handmade Co.,Q_8cccff0a86,4,Shipping,shipping,1,each,39.43,16.56,39.43
Cactus Stitch Handmade Co.,Q_1b0259f9ff,1,Gift Packaging,supplies,1,each,45.28,19.02,45.28
Cactus Stitch Handmade Co.,Q_1b0259f9ff,2,Shipping,shipping,1,each,45.28,19.02,45.28
Cactus Stitch Handmade Co.,Q_ac48b727ff,1,Handmade Plushie,product,3,each,16.4,6.89,49.2
Cactus Stitch Handmade Co.,Q_ac48b727ff,2,Handmade Plushie,product,1,each,49.2,20.66,49.2
Cactus Stitch Handmade Co.,Q_3068ab4f6c,1,Gift Packaging,supplies,3,each,11.27,4.73,33.81
Cactus Stitch Handmade Co.,Q_3068ab4f6c,2,Crochet Hat,product,1,each,33.81,14.2,33.81
Cactus Stitch Handmade Co.,Q_3068ab4f6c,3,Crochet Hat,product,1,each,33.81,14.2,33.81
Cactus Stitch Handmade Co.,Q_1b1131e5d8,1,Custom Blanket,product,1,each,19.2,8.06,19.2
Cactus Stitch Handmade Co.,Q_1b1131e5d8,2,Crochet Hat,product,1,each,19.2,8.06,19.2
Cactus Stitch Handmade Co.,Q_1b1131e5d8,3,Custom Blanket,product,1,each,19.19,8.06,19.19
Cactus Stitch Handmade Co.,Q_1b1131e5d8,4,Gift Packaging,supplies,2,each,9.6,4.03,19.2
Cactus Stitch Handmade Co.,Q_1b1131e5d8,5,Custom Blanket,product,1,each,19.19,8.06,19.19
Cactus Stitch Handmade Co.,Q_ae0eb50b21,1,Shipping,shipping,2,each,22.85,9.6,45.7
Cactus Stitch Handmade Co.,Q_ae0eb50b21,2,Crochet Hat,product,2,each,22.86,9.6,45.72
Cactus Stitch Handmade Co.,Q_ae0eb50b21,3,Handmade Plushie,product,1,each,45.7,19.19,45.7
Cactus Stitch Handmade Co.,Q_f914253649,1,Custom Blanket,product,1,each,13.55,5.69,13.55
Cactus Stitch Handmade Co.,Q_f914253649,2,Handmade Plushie,product,1,each,13.55,5.69,13.55
Cactus Stitch Handmade Co.,Q_f914253649,3,Handmade Plushie,product,3,each,5.0,2.1,15.0
Cactus Stitch Handmade Co.,Q_f914253649,4,Custom Blanket,product,2,each,6.42,2.7,12.84
Cactus Stitch Handmade Co.,Q_f914253649,5,Handmade Plushie,product,2,each,6.42,2.7,12.84
Cactus Stitch Handmade Co.,Q_4d2168d6d3,1,Crochet Hat,product,1,each,22.86,9.6,22.86
Cactus Stitch Handmade Co.,Q_4d2168d6d3,2,Gift Packaging,supplies,3,each,7.62,3.2,22.86
Cactus Stitch Handmade Co.,Q_4d2168d6d3,3,Handmade Plushie,product,3,each,7.62,3.2,22.86
Cactus Stitch Handmade Co.,Q_4d2168d6d3,4,Gift Packaging,supplies,2,each,11.43,4.8,22.86
Cactus Stitch Handmade Co.,Q_60c31defb2,1,Gift Packaging,supplies,1,each,63.56,26.7,63.56
Cactus Stitch Handmade Co.,Q_60c31defb2,2,Shipping,shipping,3,each,21.19,8.9,63.57
Cactus Stitch Handmade Co.,Q_60c31defb2,3,Custom Blanket,product,1,each,63.56,26.7,63.56
Cactus Stitch Handmade Co.,Q_60c31defb2,4,Custom Blanket,product,2,each,31.78,13.35,63.56
Cactus Stitch Handmade Co.,Q_60c31defb2,5,Handmade Plushie,product,1,each,63.56,26.7,63.56
Cactus Stitch Handmade Co.,Q_1fd857b168,1,Crochet Hat,product,1,each,15.98,6.71,15.98
Cactus Stitch Handmade Co.,Q_1fd857b168,2,Shipping,shipping,1,each,15.98,6.71,15.98
Cactus Stitch Handmade Co.,Q_1fd857b168,3,Gift Packaging,supplies,1,each,15.97,6.71,15.97
Cactus Stitch Handmade Co.,Q_1fd857b168,4,Custom Blanket,product,2,each,7.99,3.36,15.98
Cactus Stitch Handmade Co.,Q_67f1396c10,1,Crochet Hat,product,1,each,47.42,19.92,47.42
Cactus Stitch Handmade Co.,Q_67f1396c10,2,Crochet Hat,product,1,each,47.43,19.92,47.43
Cactus Stitch Handmade Co.,Q_67f1396c10,3,Shipping,shipping,1,each,47.42,19.92,47.42
Cactus Stitch Handmade Co.,Q_b3e66c73e6,1,Handmade Plushie,product,1,each,21.17,8.89,21.17
Cactus Stitch Handmade Co.,Q_b3e66c73e6,2,Custom Blanket,product,1,each,21.17,8.89,21.17
Cactus Stitch Handmade Co.,Q_b3e66c73e6,3,Custom Blanket,product,1,each,21.17,8.89,21.17
Cactus Stitch Handmade Co.,Q_b3e66c73e6,4,Gift Packaging,supplies,1,each,21.17,8.89,21.17
Cactus Stitch Handmade Co.,Q_b3e66c73e6,5,Crochet Hat,product,3,each,7.06,2.97,21.18
Cactus Stitch Handmade Co.,Q_27fadca5d4,1,Gift Packaging,supplies,1,each,125.93,52.89,125.93
Cactus Stitch Handmade Co.,Q_27fadca5d4,2,Gift Packaging,supplies,3,each,41.98,17.63,125.94
Cactus Stitch Handmade Co.,Q_27fadca5d4,3,Handmade Plushie,product,1,each,125.92,52.89,125.92
Cactus Stitch Handmade Co.,Q_d353fe608e,1,Shipping,shipping,1,each,27.0,11.34,27.0
Cactus Stitch Handmade Co.,Q_d353fe608e,2,Shipping,shipping,1,each,27.0,11.34,27.0
Cactus Stitch Handmade Co.,Q_d353fe608e,3,Handmade Plushie,product,1,each,27.0,11.34,27.0
Cactus Stitch Handmade Co.,Q_d353fe608e,4,Gift Packaging,supplies,3,each,9.0,3.78,27.0
Cactus Stitch Handmade Co.,Q_d353fe608e,5,Shipping,shipping,1,each,27.0,11.34,27.0
Cactus Stitch Handmade Co.,Q_8e807762ec,1,Custom Blanket,product,1,each,13.12,5.51,13.12
Cactus Stitch Handmade Co.,Q_8e807762ec,2,Handmade Plushie,product,3,each,5.0,2.1,15.0
Cactus Stitch Handmade Co.,Q_8e807762ec,3,Crochet Hat,product,1,each,11.24,4.72,11.24
Cactus Stitch Handmade Co.,Q_6cfd93d6b3,1,Gift Packaging,supplies,1,each,80.47,33.8,80.47
Cactus Stitch Handmade Co.,Q_6cfd93d6b3,2,Shipping,shipping,1,each,80.47,33.8,80.47
Cactus Stitch Handmade Co.,Q_6cfd93d6b3,3,Crochet Hat,product,1,each,80.47,33.8,80.47
Cactus Stitch Handmade Co.,Q_fecc6d0cae,1,Handmade Plushie,product,1,each,15.21,6.39,15.21
Cactus Stitch Handmade Co.,Q_fecc6d0cae,2,Handmade Plushie,product,1,each,15.21,6.39,15.21
Cactus Stitch Handmade Co.,Q_fecc6d0cae,3,Handmade Plushie,product,3,each,5.07,2.13,15.21
Cactus Stitch Handmade Co.,Q_fecc6d0cae,4,Custom Blanket,product,2,each,7.6,3.19,15.2
Cactus Stitch Handmade Co.,Q_fecc6d0cae,5,Gift Packaging,supplies,1,each,15.22,6.39,15.22
Cactus Stitch Handmade Co.,Q_2758407ccf,1,Shipping,shipping,1,each,135.31,56.83,135.31
Cactus Stitch Handmade Co.,Q_2758407ccf,2,Gift Packaging,supplies,3,each,45.11,18.95,135.33
Cactus Stitch Handmade Co.,Q_d040cc7f6b,1,Shipping,shipping,1,each,140.51,59.01,140.51
Cactus Stitch Handmade Co.,Q_d040cc7f6b,2,Shipping,shipping,3,each,46.84,19.67,140.52
Cactus Stitch Handmade Co.,Q_e7abf76ca4,1,Gift Packaging,supplies,1,each,5.39,2.26,5.39
Cactus Stitch Handmade Co.,Q_e7abf76ca4,2,Crochet Hat,product,1,each,5.39,2.26,5.39
Cactus Stitch Handmade Co.,Q_e7abf76ca4,3,Handmade Plushie,product,1,each,5.4,2.27,5.4
Cactus Stitch Handmade Co.,Q_e7abf76ca4,4,Custom Blanket,product,1,each,5.39,2.26,5.39
Cactus Stitch Handmade Co.,Q_e7abf76ca4,5,Gift Packaging,supplies,1,each,5.4,2.27,5.4
Cactus Stitch Handmade Co.,Q_d3d34c9365,1,Handmade Plushie,product,2,each,38.71,16.26,77.42
Cactus Stitch Handmade Co.,Q_d3d34c9365,2,Shipping,shipping,1,each,77.44,32.52,77.44
Cactus Stitch Handmade Co.,Q_d3d34c9365,3,Handmade Plushie,product,1,each,77.43,32.52,77.43
Cactus Stitch Handmade Co.,Q_a1a5137bae,1,Handmade Plushie,product,1,each,115.08,48.33,115.08
Cactus Stitch Handmade Co.,Q_a1a5137bae,2,Crochet Hat,product,1,each,115.08,48.33,115.08
Cactus Stitch Handmade Co.,Q_a1a5137bae,3,Crochet Hat,product,2,each,57.54,24.17,115.08
Cactus Stitch Handmade Co.,Q_9284e2bd4b,1,Shipping,shipping,2,each,41.95,17.62,83.9
Cactus Stitch Handmade Co.,Q_9284e2bd4b,2,Handmade Plushie,product,2,each,41.95,17.62,83.9
Cactus Stitch Handmade Co.,Q_9284e2bd4b,3,Crochet Hat,product,1,each,83.91,35.24,83.91
Cactus Stitch Handmade Co.,Q_9284e2bd4b,4,Shipping,shipping,2,each,41.95,17.62,83.9
Cactus Stitch Handmade Co.,Q_9284e2bd4b,5,Crochet Hat,product,2,each,41.95,17.62,83.9
Cactus Stitch Handmade Co.,Q_73cb6c8686,1,Crochet Hat,product,1,each,138.94,58.35,138.94
Cactus Stitch Handmade Co.,Q_73cb6c8686,2,Crochet Hat,product,1,each,138.93,58.35,138.93
Cactus Stitch Handmade Co.,Q_73cb6c8686,3,Shipping,shipping,1,each,138.94,58.35,138.94
Cactus Stitch Handmade Co.,Q_73cb6c8686,4,Custom Blanket,product,1,each,138.93,58.35,138.93
Cactus Stitch Handmade Co.,Q_3bddb246ad,1,Crochet Hat,product,1,each,60.91,25.58,60.91
Cactus Stitch Handmade Co.,Q_3bddb246ad,2,Shipping,shipping,1,each,60.92,25.59,60.92
Cactus Stitch Handmade Co.,Q_3bddb246ad,3,Shipping,shipping,1,each,60.91,25.58,60.91
Cactus Stitch Handmade Co.,Q_3bddb246ad,4,Shipping,shipping,3,each,20.31,8.53,60.93
Cactus Stitch Handmade Co.,Q_bd0245f167,1,Gift Packaging,supplies,1,each,9.49,3.99,9.49
Cactus Stitch Handmade Co.,Q_bd0245f167,2,Handmade Plushie,product,2,each,5.0,2.1,10.0
Cactus Stitch Handmade Co.,Q_bd0245f167,3,Crochet Hat,product,1,each,9.33,3.92,9.33
Cactus Stitch Handmade Co.,Q_bd0245f167,4,Custom Blanket,product,2,each,5.0,2.1,10.0
Cactus Stitch Handmade Co.,Q_bd0245f167,5,Shipping,shipping,1,each,8.65,3.63,8.65
Cactus Stitch Handmade Co.,Q_cd4feea5d3,1,Shipping,shipping,1,each,56.46,23.71,56.46
Cactus Stitch Handmade Co.,Q_cd4feea5d3,2,Gift Packaging,supplies,3,each,18.82,7.9,56.46
Cactus Stitch Handmade Co.,Q_cd4feea5d3,3,Gift Packaging,supplies,2,each,28.23,11.86,56.46
Cactus Stitch Handmade Co.,Q_cd4feea5d3,4,Handmade Plushie,product,2,each,28.23,11.86,56.46
Cactus Stitch Handmade Co.,Q_cd4feea5d3,5,Gift Packaging,supplies,1,each,56.48,23.72,56.48
Cactus Stitch Handmade Co.,Q_4913862f23,1,Custom Blanket,product,1,each,27.16,11.41,27.16
Cactus Stitch Handmade Co.,Q_4913862f23,2,Handmade Plushie,product,1,each,27.16,11.41,27.16
Cactus Stitch Handmade Co.,Q_4913862f23,3,Gift Packaging,supplies,1,each,27.17,11.41,27.17
Cactus Stitch Handmade Co.,Q_4913862f23,4,Crochet Hat,product,2,each,13.58,5.7,27.16
Cactus Stitch Handmade Co.,Q_0e69b7f71b,1,Gift Packaging,supplies,1,each,22.22,9.33,22.22
Cactus Stitch Handmade Co.,Q_0e69b7f71b,2,Custom Blanket,product,2,each,11.11,4.67,22.22
Cactus Stitch Handmade Co.,Q_0e69b7f71b,3,Handmade Plushie,product,1,each,22.22,9.33,22.22
Cactus Stitch Handmade Co.,Q_7ad10a116a,1,Handmade Plushie,product,3,each,44.08,18.51,132.24
Cactus Stitch Handmade Co.,Q_7ad10a116a,2,Custom Blanket,product,1,each,132.23,55.54,132.23
Cactus Stitch Handmade Co.,Q_7ad10a116a,3,Shipping,shipping,1,each,132.23,55.54,132.23
Cactus Stitch Handmade Co.,Q_5ad911abf5,1,Shipping,shipping,1,each,19.53,8.2,19.53
Cactus Stitch Handmade Co.,Q_5ad911abf5,2,Shipping,shipping,1,each,19.52,8.2,19.52
Cactus Stitch Handmade Co.,Q_5ad911abf5,3,Crochet Hat,product,1,each,19.53,8.2,19.53
Cactus Stitch Handmade Co.,Q_b963468058,1,Custom Blanket,product,3,each,11.36,4.77,34.08
Cactus Stitch Handmade Co.,Q_b963468058,2,Gift Packaging,supplies,1,each,34.08,14.31,34.08
Cactus Stitch Handmade Co.,Q_b963468058,3,Handmade Plushie,product,1,each,34.08,14.31,34.08
Cactus Stitch Handmade Co.,Q_b963468058,4,Custom Blanket,product,1,each,34.08,14.31,34.08
Cactus Stitch Handmade Co.,Q_df8da01b79,1,Gift Packaging,supplies,3,each,16.2,6.8,48.6
Cactus Stitch Handmade Co.,Q_df8da01b79,2,Custom Blanket,product,1,each,48.6,20.41,48.6
Cactus Stitch Handmade Co.,Q_df8da01b79,3,Crochet Hat,product,2,each,24.3,10.21,48.6
Cactus Stitch Handmade Co.,Q_df8da01b79,4,Handmade Plushie,product,1,each,48.59,20.41,48.59
Cactus Stitch Handmade Co.,Q_e0134f3526,1,Crochet Hat,product,1,each,146.62,61.58,146.62
Cactus Stitch Handmade Co.,Q_e0134f3526,2,Handmade Plushie,product,1,each,146.61,61.58,146.61
Cactus Stitch Handmade Co.,Q_3e71fef204,1,Gift Packaging,supplies,3,each,5.0,2.1,15.0
Cactus Stitch Handmade Co.,Q_3e71fef204,2,Crochet Hat,product,2,each,5.0,2.1,10.0
Cactus Stitch Handmade Co.,Q_3e71fef204,3,Custom Blanket,product,2,each,5.0,2.1,10.0
Cactus Stitch Handmade Co.,Q_3e71fef204,4,Gift Packaging,supplies,1,each,5.0,2.1,5.0
Cactus Stitch Handmade Co.,Q_4c769448aa,1,Gift Packaging,supplies,3,each,34.15,14.34,102.45
Cactus Stitch Handmade Co.,Q_4c769448aa,2,Custom Blanket,product,1,each,102.44,43.02,102.44
Cactus Stitch Handmade Co.,Q_4c769448aa,3,Gift Packaging,supplies,3,each,34.15,14.34,102.45
Cactus Stitch Handmade Co.,Q_4c769448aa,4,Shipping,shipping,3,each,34.15,14.34,102.45
Cactus Stitch Handmade Co.,Q_9b90d4f0df,1,Custom Blanket,product,1,each,31.41,13.19,31.41
Cactus Stitch Handmade Co.,Q_9b90d4f0df,2,Gift Packaging,supplies,1,each,31.41,13.19,31.41
Cactus Stitch Handmade Co.,Q_9b90d4f0df,3,Custom Blanket,product,1,each,31.4,13.19,31.4
Cactus Stitch Handmade Co.,Q_38aea0693c,1,Shipping,shipping,1,each,36.62,15.38,36.62
Cactus Stitch Handmade Co.,Q_38aea0693c,2,Crochet Hat,product,1,each,36.62,15.38,36.62
Cactus Stitch Handmade Co.,Q_38aea0693c,3,Crochet Hat,product,1,each,36.63,15.38,36.63
Cactus Stitch Handmade Co.,Q_624c5a47ff,1,Crochet Hat,product,3,each,28.08,11.79,84.24
Cactus Stitch Handmade Co.,Q_624c5a47ff,2,Handmade Plushie,product,1,each,84.22,35.37,84.22
Cactus Stitch Handmade Co.,Q_624c5a47ff,3,Custom Blanket,product,1,each,84.23,35.38,84.23
Cactus Stitch Handmade Co.,Q_5166081f46,1,Gift Packaging,supplies,2,each,30.95,13.0,61.9
Cactus Stitch Handmade Co.,Q_5166081f46,2,Crochet Hat,product,2,each,30.95,13.0,61.9
Cactus Stitch Handmade Co.,Q_2344940aa5,1,Custom Blanket,product,2,each,16.37,6.88,32.74
Cactus Stitch Handmade Co.,Q_2344940aa5,2,Custom Blanket,product,3,each,10.91,4.58,32.73
Cactus Stitch Handmade Co.,Q_2344940aa5,3,Crochet Hat,product,3,each,10.91,4.58,32.73
Cactus Stitch Handmade Co.,Q_2344940aa5,4,Gift Packaging,supplies,1,each,32.75,13.75,32.75
Cactus Stitch Handmade Co.,Q_fd801f075b,1,Custom Blanket,product,1,each,91.06,38.25,91.06
Cactus Stitch Handmade Co.,Q_fd801f075b,2,Gift Packaging,supplies,3,each,30.36,12.75,91.08
Cactus Stitch Handmade Co.,Q_ed0e96d186,1,Custom Blanket,product,1,each,36.87,15.49,36.87
Cactus Stitch Handmade Co.,Q_ed0e96d186,2,Handmade Plushie,product,1,each,36.87,15.49,36.87
Cactus Stitch Handmade Co.,Q_ed0e96d186,3,Shipping,shipping,2,each,18.44,7.74,36.88
Cactus Stitch Handmade Co.,Q_c355b5351f,1,Custom Blanket,product,3,each,5.0,2.1,15.0
Cactus Stitch Handmade Co.,Q_c355b5351f,2,Shipping,shipping,3,each,5.0,2.1,15.0
Cactus Stitch Handmade Co.,Q_c355b5351f,3,Handmade Plushie,product,1,each,9.8,4.12,9.8
Cactus Stitch Handmade Co.,Q_c355b5351f,4,Gift Packaging,supplies,1,each,9.8,4.12,9.8
Cactus Stitch Handmade Co.,Q_c355b5351f,5,Gift Packaging,supplies,1,each,9.81,4.12,9.81
Cactus Stitch Handmade Co.,Q_4976413398,1,Crochet Hat,product,2,each,28.4,11.93,56.8
Cactus Stitch Handmade Co.,Q_4976413398,2,Gift Packaging,supplies,2,each,28.4,11.93,56.8
Cactus Stitch Handmade Co.,Q_f054c22eda,1,Custom Blanket,product,2,each,21.64,9.09,43.28
Cactus Stitch Handmade Co.,Q_f054c22eda,2,Shipping,shipping,1,each,43.27,18.17,43.27
Cactus Stitch Handmade Co.,Q_f054c22eda,3,Handmade Plushie,product,3,each,14.42,6.06,43.26
Cactus Stitch Handmade Co.,Q_61599cb533,1,Shipping,shipping,1,each,19.32,8.11,19.32
Cactus Stitch Handmade Co.,Q_61599cb533,2,Crochet Hat,product,1,each,19.32,8.11,19.32
Cactus Stitch Handmade Co.,Q_61599cb533,3,Gift Packaging,supplies,1,each,19.32,8.11,19.32
Cactus Stitch Handmade Co.,Q_61599cb533,4,Shipping,shipping,2,each,9.66,4.06,19.32
Cactus Stitch Handmade Co.,Q_61599cb533,5,Handmade Plushie,product,1,each,19.33,8.12,19.33
Cactus Stitch Handmade Co.,Q_977636b11c,1,Custom Blanket,product,1,each,28.48,10.82,28.48
Cactus Stitch Handmade Co.,Q_977636b11c,2,Gift Packaging,supplies,1,each,28.48,10.82,28.48
Cactus Stitch Handmade Co.,Q_977636b11c,3,Custom Blanket,product,2,each,14.24,5.41,28.48
Cactus Stitch Handmade Co.,Q_9323dda259,1,Handmade Plushie,product,3,each,5.0,1.9,15.0
Cactus Stitch Handmade Co.,Q_9323dda259,2,Custom Blanket,product,3,each,5.0,1.9,15.0
Cactus Stitch Handmade Co.,Q_9323dda259,3,Gift Packaging,supplies,3,each,5.0,1.9,15.0
Cactus Stitch Handmade Co.,Q_9323dda259,4,Gift Packaging,supplies,1,each,5.0,1.9,5.0
Cactus Stitch Handmade Co.,Q_9323dda259,5,Gift Packaging,supplies,1,each,5.0,1.9,5.0
Cactus Stitch Handmade Co.,Q_5a95334a6a,1,Crochet Hat,product,1,each,48.69,18.5,48.69
Cactus Stitch Handmade Co.,Q_5a95334a6a,2,Gift Packaging,supplies,1,each,48.68,18.5,48.68
Cactus Stitch Handmade Co.,Q_143dc59a45,1,Handmade Plushie,product,1,each,21.78,8.28,21.78
Cactus Stitch Handmade Co.,Q_143dc59a45,2,Custom Blanket,product,3,each,7.26,2.76,21.78
Cactus Stitch Handmade Co.,Q_143dc59a45,3,Handmade Plushie,product,3,each,7.26,2.76,21.78
Cactus Stitch Handmade Co.,Q_143dc59a45,4,Crochet Hat,product,1,each,21.78,8.28,21.78
Cactus Stitch Handmade Co.,Q_8fb24975f8,1,Custom Blanket,product,1,each,39.9,15.16,39.9
Cactus Stitch Handmade Co.,Q_8fb24975f8,2,Handmade Plushie,product,3,each,13.3,5.05,39.9
Cactus Stitch Handmade Co.,Q_8fb24975f8,3,Shipping,shipping,1,each,39.91,15.17,39.91
Cactus Stitch Handmade Co.,Q_8fb24975f8,4,Crochet Hat,product,1,each,39.9,15.16,39.9
Cactus Stitch Handmade Co.,Q_aa844be227,1,Custom Blanket,product,1,each,46.55,17.69,46.55
Cactus Stitch Handmade Co.,Q_aa844be227,2,Handmade Plushie,product,1,each,46.55,17.69,46.55
Cactus Stitch Handmade Co.,Q_aa844be227,3,Crochet Hat,product,3,each,15.52,5.9,46.56
Cactus Stitch Handmade Co.,Q_aa844be227,4,Crochet Hat,product,1,each,46.54,17.69,46.54
Cactus Stitch Handmade Co.,Q_aa844be227,5,Shipping,shipping,3,each,15.51,5.89,46.53
Cactus Stitch Handmade Co.,Q_1b125b3dd7,1,Handmade Plushie,product,1,each,50.61,19.23,50.61
Cactus Stitch Handmade Co.,Q_1b125b3dd7,2,Handmade Plushie,product,2,each,25.3,9.61,50.6
Cactus Stitch Handmade Co.,Q_e84707abf4,1,Handmade Plushie,product,1,each,280.42,106.56,280.42
Cactus Stitch Handmade Co.,Q_e84707abf4,2,Crochet Hat,product,1,each,280.42,106.56,280.42
Cactus Stitch Handmade Co.,Q_ae89c894fb,1,Gift Packaging,supplies,1,each,123.61,46.97,123.61
Cactus Stitch Handmade Co.,Q_ae89c894fb,2,Handmade Plushie,product,1,each,123.61,46.97,123.61
Cactus Stitch Handmade Co.,Q_e8864f39b6,1,Shipping,shipping,3,each,28.92,10.99,86.76
Cactus Stitch Handmade Co.,Q_e8864f39b6,2,Handmade Plushie,product,2,each,43.39,16.49,86.78
Cactus Stitch Handmade Co.,Q_edb1ad5598,1,Handmade Plushie,product,3,each,14.54,5.53,43.62
Cactus Stitch Handmade Co.,Q_edb1ad5598,2,Crochet Hat,product,3,each,14.54,5.53,43.62
Cactus Stitch Handmade Co.,Q_3e10131b5d,1,Crochet Hat,product,1,each,19.89,7.56,19.89
Cactus Stitch Handmade Co.,Q_3e10131b5d,2,Shipping,shipping,1,each,19.89,7.56,19.89
Cactus Stitch Handmade Co.,Q_33f5d6f3c4,1,Shipping,shipping,1,each,35.15,13.36,35.15
Cactus Stitch Handmade Co.,Q_33f5d6f3c4,2,Shipping,shipping,1,each,35.15,13.36,35.15
Cactus Stitch Handmade Co.,Q_5a8bc26e1b,1,Handmade Plushie,product,1,each,84.94,32.28,84.94
Cactus Stitch Handmade Co.,Q_5a8bc26e1b,2,Shipping,shipping,2,each,42.47,16.14,84.94
Cactus Stitch Handmade Co.,Q_40478b3192,1,Custom Blanket,product,2,each,16.73,6.36,33.46
Cactus Stitch Handmade Co.,Q_40478b3192,2,Gift Packaging,supplies,1,each,33.46,12.71,33.46
Cactus Stitch Handmade Co.,Q_40478b3192,3,Shipping,shipping,1,each,33.46,12.71,33.46
Cactus Stitch Handmade Co.,Q_950d4cfb11,1,Shipping,shipping,1,each,28.0,10.64,28.0
Cactus Stitch Handmade Co.,Q_950d4cfb11,2,Gift Packaging,supplies,1,each,28.01,10.64,28.01
Cactus Stitch Handmade Co.,Q_a437e843a0,1,Gift Packaging,supplies,1,each,183.46,69.71,183.46
Cactus Stitch Handmade Co.,Q_a437e843a0,2,Gift Packaging,supplies,3,each,61.15,23.24,183.45
Cactus Stitch Handmade Co.,Q_f467eedc73,1,Handmade Plushie,product,2,each,79.67,30.27,159.34
Cactus Stitch Handmade Co.,Q_f467eedc73,2,Custom Blanket,product,1,each,159.34,60.55,159.34
Cactus Stitch Handmade Co.,Q_f467eedc73,3,Handmade Plushie,product,2,each,79.67,30.27,159.34
Cactus Stitch Handmade Co.,Q_59725a61cd,1,Handmade Plushie,product,1,each,73.41,27.9,73.41
Cactus Stitch Handmade Co.,Q_59725a61cd,2,Gift Packaging,supplies,2,each,36.7,13.95,73.4
Cactus Stitch Handmade Co.,Q_e16bc4cc8b,1,Handmade Plushie,product,1,each,38.46,14.61,38.46
Cactus Stitch Handmade Co.,Q_e16bc4cc8b,2,Gift Packaging,supplies,2,each,19.23,7.31,38.46
Cactus Stitch Handmade Co.,Q_e16bc4cc8b,3,Custom Blanket,product,3,each,12.82,4.87,38.46
Cactus Stitch Handmade Co.,Q_e16bc4cc8b,4,Shipping,shipping,1,each,38.45,14.61,38.45
Cactus Stitch Handmade Co.,Q_e16bc4cc8b,5,Gift Packaging,supplies,1,each,38.46,14.61,38.46
Cactus Stitch Handmade Co.,Q_ebf7c7e0ae,1,Crochet Hat,product,2,each,16.79,6.38,33.58
Cactus Stitch Handmade Co.,Q_ebf7c7e0ae,2,Handmade Plushie,product,1,each,33.57,12.76,33.57
Cactus Stitch Handmade Co.,Q_ebf7c7e0ae,3,Custom Blanket,product,2,each,16.78,6.38,33.56
Cactus Stitch Handmade Co.,Q_ebf7c7e0ae,4,Gift Packaging,supplies,1,each,33.58,12.76,33.58
Cactus Stitch Handmade Co.,Q_8d9b7c2b8c,1,Gift Packaging,supplies,1,each,112.95,42.92,112.95
Cactus Stitch Handmade Co.,Q_8d9b7c2b8c,2,Crochet Hat,product,2,each,56.48,21.46,112.96
Cactus Stitch Handmade Co.,Q_600955643e,1,Handmade Plushie,product,3,each,52.94,20.12,158.82
Cactus Stitch Handmade Co.,Q_600955643e,2,Gift Packaging,supplies,2,each,79.42,30.18,158.84
Cactus Stitch Handmade Co.,Q_a4431721b6,1,Shipping,shipping,1,each,47.45,18.03,47.45
Cactus Stitch Handmade Co.,Q_a4431721b6,2,Shipping,shipping,3,each,15.82,6.01,47.46
Cactus Stitch Handmade Co.,Q_a4431721b6,3,Handmade Plushie,product,1,each,47.45,18.03,47.45
Cactus Stitch Handmade Co.,Q_a4431721b6,4,Gift Packaging,supplies,1,each,47.44,18.03,47.44
Cactus Stitch Handmade Co.,Q_2e5236b867,1,Shipping,shipping,1,each,24.59,9.34,24.59
Cactus Stitch Handmade Co.,Q_2e5236b867,2,Crochet Hat,product,2,each,12.29,4.67,24.58
Cactus Stitch Handmade Co.,Q_2e5236b867,3,Gift Packaging,supplies,1,each,24.6,9.35,24.6
Cactus Stitch Handmade Co.,Q_9de04097ed,1,Shipping,shipping,3,each,9.76,3.71,29.28
Cactus Stitch Handmade Co.,Q_9de04097ed,2,Shipping,shipping,2,each,14.64,5.56,29.28
Cactus Stitch Handmade Co.,Q_9de04097ed,3,Gift Packaging,supplies,3,each,9.76,3.71,29.28
Cactus Stitch Handmade Co.,Q_9de04097ed,4,Crochet Hat,product,3,each,9.76,3.71,29.28
Cactus Stitch Handmade Co.,Q_9de04097ed,5,Handmade Plushie,product,2,each,14.64,5.56,29.28
Cactus Stitch Handmade Co.,Q_97028ee51a,1,Custom Blanket,product,1,each,113.7,43.21,113.7
Cactus Stitch Handmade Co.,Q_97028ee51a,2,Handmade Plushie,product,3,each,37.9,14.4,113.7
Cactus Stitch Handmade Co.,Q_97028ee51a,3,Handmade Plushie,product,1,each,113.71,43.21,113.71
Cactus Stitch Handmade Co.,Q_97028ee51a,4,Custom Blanket,product,1,each,113.71,43.21,113.71
Cactus Stitch Handmade Co.,Q_d47a361d7c,1,Handmade Plushie,product,2,each,21.73,8.26,43.46
Cactus Stitch Handmade Co.,Q_d47a361d7c,2,Custom Blanket,product,1,each,43.47,16.52,43.47
Cactus Stitch Handmade Co.,Q_d47a361d7c,3,Gift Packaging,supplies,1,each,43.47,16.52,43.47
Cactus Stitch Handmade Co.,Q_d47a361d7c,4,Handmade Plushie,product,1,each,43.47,16.52,43.47
Cactus Stitch Handmade Co.,Q_d47a361d7c,5,Crochet Hat,product,1,each,43.46,16.51,43.46
Cactus Stitch Handmade Co.,Q_ecfbeaf4a9,1,Handmade Plushie,product,1,each,61.74,23.46,61.74
Cactus Stitch Handmade Co.,Q_ecfbeaf4a9,2,Crochet Hat,product,1,each,61.75,23.46,61.75
Cactus Stitch Handmade Co.,Q_ecfbeaf4a9,3,Shipping,shipping,1,each,61.74,23.46,61.74
Cactus Stitch Handmade Co.,Q_ecfbeaf4a9,4,Handmade Plushie,product,2,each,30.87,11.73,61.74
Cactus Stitch Handmade Co.,Q_9ed7e4f9df,1,Custom Blanket,product,2,each,55.64,21.14,111.28
Cactus Stitch Handmade Co.,Q_9ed7e4f9df,2,Shipping,shipping,2,each,55.64,21.14,111.28
Cactus Stitch Handmade Co.,Q_3bd6196423,1,Custom Blanket,product,2,each,20.9,7.94,41.8
Cactus Stitch Handmade Co.,Q_3bd6196423,2,Shipping,shipping,1,each,41.8,15.88,41.8
Cactus Stitch Handmade Co.,Q_3bd6196423,3,Crochet Hat,product,3,each,13.93,5.29,41.79
Cactus Stitch Handmade Co.,Q_c94103760c,1,Custom Blanket,product,1,each,42.25,16.05,42.25
Cactus Stitch Handmade Co.,Q_c94103760c,2,Handmade Plushie,product,1,each,42.24,16.05,42.24
Cactus Stitch Handmade Co.,Q_c94103760c,3,Shipping,shipping,2,each,21.12,8.03,42.24
Cactus Stitch Handmade Co.,Q_545275ff87,1,Shipping,shipping,1,each,75.31,28.62,75.31
Cactus Stitch Handmade Co.,Q_545275ff87,2,Custom Blanket,product,1,each,75.31,28.62,75.31
Cactus Stitch Handmade Co.,Q_f7b4bed03c,1,Custom Blanket,product,3,each,33.75,12.82,101.25
Cactus Stitch Handmade Co.,Q_f7b4bed03c,2,Custom Blanket,product,2,each,50.63,19.24,101.26
Cactus Stitch Handmade Co.,Q_07e8748306,1,Custom Blanket,product,3,each,14.0,5.32,42.0
Cactus Stitch Handmade Co.,Q_07e8748306,2,Shipping,shipping,2,each,21.01,7.98,42.02
Cactus Stitch Handmade Co.,Q_07e8748306,3,Shipping,shipping,1,each,42.01,15.96,42.01
Cactus Stitch Handmade Co.,Q_07e8748306,4,Handmade Plushie,product,3,each,14.0,5.32,42.0
Cactus Stitch Handmade Co.,Q_07e8748306,5,Crochet Hat,product,3,each,14.01,5.32,42.03
